Item_Identifier,Outlet_Identifier,Item_Outlet_Sales
FDW58,OUT049,1645.627744909877
FDW14,OUT017,1387.380692797549
NCN55,OUT010,672.1977241283035
FDQ58,OUT017,2461.2327120906984
FDY38,OUT027,6086.572730945356
FDH56,OUT046,1876.1950626863475
FDL48,OUT018,706.4357838676999
FDC48,OUT027,2324.4820657072673
FDN33,OUT045,1458.8095884394716
FDA36,OUT017,3099.2442299700424
FDT44,OUT017,1893.7294449543103
FDQ56,OUT045,1310.4917541764928
NCC54,OUT019,681.3563645034658
FDU11,OUT049,2025.2239420584544
DRL59,OUT013,839.0442292086506
FDM24,OUT049,2457.4761051769074
FDI57,OUT045,3290.9524512179964
DRC12,OUT018,2775.304429412925
NCM42,OUT027,2810.5959228517013
FDA46,OUT010,540.4778213012801
FDA31,OUT013,2863.4345633453718
NCJ31,OUT035,3917.5659768938335
FDG52,OUT046,796.3969049140926
NCL19,OUT019,399.31286453249953
FDS10,OUT035,3101.159234889206
FDX22,OUT010,639.7824548352633
NCF19,OUT035,826.3653166599038
NCE06,OUT046,2558.4084760597075
DRC27,OUT046,4006.617835960359
FDE21,OUT035,2022.7602509836815
NCR42,OUT019,79.13372273991399
FDX51,OUT018,2788.557406702309
NCR06,OUT018,621.9489738604775
FDU31,OUT027,5814.971157053993
FDU59,OUT017,2718.7879922224515
FDR03,OUT027,5551.702136503372
FDS49,OUT027,2355.317505616303
FDD48,OUT010,398.5380713105417
NCF18,OUT017,3234.501740594249
NCD43,OUT027,2417.245648920412
NCD54,OUT018,1836.685148605454
FDY19,OUT010,421.65562743736257
NCY54,OUT017,2949.137793478214
NCL19,OUT018,2138.6873805418063
FDP23,OUT010,602.1801958377029
FDC26,OUT013,1817.2967193284298
FDR14,OUT010,188.941368956402
NCS41,OUT035,3181.5099407730945
FDF41,OUT035,3862.7260064940237
FDU34,OUT046,2037.7447607512215
DRH11,OUT046,904.575047276432
FDM03,OUT013,1672.8769883337884
FDS31,OUT017,3061.7316646657737
FDJ20,OUT017,1991.5530325013694
FDV44,OUT027,5193.2078729232
FDG02,OUT049,3088.317276545004
FDA09,OUT013,3022.3126040484417
FDT04,OUT013,711.8186955185049
FDL58,OUT019,705.0359550049856
FDE52,OUT045,1509.3560012426894
FDW12,OUT035,2502.5629875106974
FDL51,OUT017,3520.6447069492824
NCY42,OUT027,3304.3033886567905
FDR07,OUT017,1456.9014359265263
FDN40,OUT045,2397.7151248340256
FDB35,OUT027,2507.096682748811
FDA22,OUT017,2747.132769065425
NCL06,OUT046,4072.86742062545
FDI35,OUT013,3066.3256620618445
NCW42,OUT045,3578.72986251264
NCX06,OUT049,3078.6135091300885
FDC37,OUT027,2725.3540219138717
FDZ14,OUT018,1806.8595313361618
DRG49,OUT049,4039.044674484609
NCG06,OUT045,3903.4126640449977
DRC36,OUT045,2828.834619004114
FDV21,OUT019,383.23452335905523
FDB53,OUT046,2509.746742833561
DRP47,OUT019,725.7688105910363
FDA14,OUT013,2416.8915659895056
DRC24,OUT035,2646.4425204927848
FDW21,OUT018,1392.9914914928318
NCH29,OUT046,1539.1406691005575
FDU58,OUT013,3157.0087456055926
FDY27,OUT017,2925.7133566722678
FDV56,OUT035,1741.230236056961
FDT59,OUT046,3927.9490573245216
FDB23,OUT046,3675.32617724446
FDR49,OUT045,778.2062555884379
FDB03,OUT010,710.1080766859245
FDN39,OUT045,2554.4963165917443
FDX02,OUT027,5901.006229097248
FDQ16,OUT027,2757.42994895649
FDU35,OUT018,1328.2342845221926
NCT29,OUT013,2014.9165086324851
FDZ27,OUT046,797.0682064847496
FDN57,OUT017,2120.5084937231786
FDA03,OUT018,2153.2911779550236
FDZ36,OUT045,3068.0046524725735
NCU05,OUT013,1296.216767560308
FDT39,OUT018,2124.2949273059567
FDK60,OUT017,1545.4442438809294
FDZ25,OUT017,2863.957326715979
FDG12,OUT046,2028.6581534339753
DRB01,OUT019,475.24545128641716
NCC43,OUT027,6216.468517518307
FDX13,OUT019,718.7913510537537
FDM22,OUT049,883.1376934163936
FDJ03,OUT027,1337.764221864409
FDU14,OUT018,3560.808875728197
FDB33,OUT010,437.2050785580664
FDP27,OUT046,3132.7474554013193
FDO38,OUT010,318.4492700679442
FDE28,OUT027,6071.118536707206
FDO27,OUT035,1590.153521291936
DRL23,OUT027,2697.615388468348
FDS28,OUT046,905.2135144878471
FDX24,OUT013,1480.174060126395
FDZ02,OUT035,1559.688596597639
FDL46,OUT045,1767.693305240923
FDS60,OUT027,4716.069585579329
NCO06,OUT017,705.376978237295
FDO16,OUT035,1446.5919908975025
FDC60,OUT049,1379.3537209362214
FDA48,OUT018,3119.848404133633
FDZ36,OUT027,5220.826019930928
FDK27,OUT045,1905.0921341600394
FDW23,OUT018,631.7598897465357
FDM14,OUT018,1500.5848495312869
FDM14,OUT013,1707.459066476243
FDW60,OUT018,2632.2742539955707
FDE21,OUT013,1949.3256953100083
NCM42,OUT035,1776.4887756931635
FDY59,OUT010,332.6207338045322
DRI49,OUT049,1307.0916579356485
FDT28,OUT019,401.5940382478934
FDQ22,OUT018,635.3805672166701
FDR60,OUT049,1289.97723838904
FDC50,OUT019,337.8942527985298
FDV24,OUT013,2400.4786781565826
DRF48,OUT010,506.3242186515163
FDQ47,OUT046,702.7879506481328
DRN36,OUT049,1536.8419128388928
NCY06,OUT035,2170.5685788903584
FDE52,OUT035,1652.5228302459263
NCB54,OUT045,1957.9005302083858
NCF31,OUT035,2476.1186035819483
FDJ08,OUT027,5396.118947920301
NCC07,OUT017,1673.229596724974
NCD19,OUT027,1562.7245802047617
FDL46,OUT049,1872.3010847421078
FDM20,OUT045,3803.887629577305
NCI06,OUT010,503.3821913299187
DRM11,OUT035,4210.92708743457
NCH07,OUT018,2255.188363226375
FDS23,OUT013,2077.4158620059125
FDO49,OUT018,704.1757164468507
FDS35,OUT049,1083.3991062629837
DRK39,OUT045,1278.5055141956161
DRI39,OUT049,923.2252592619307
FDV04,OUT017,2546.28752571564
NCN14,OUT035,3135.926806583667
FDH08,OUT013,4048.9269810200813
FDS20,OUT046,3169.8583550947424
FDV40,OUT049,1170.1749489425863
FDZ48,OUT010,358.36035411773423
FDS24,OUT027,2279.3294811187498
FDK44,OUT049,2881.710132731262
FDS48,OUT045,2314.2947935641837
FDK26,OUT010,555.1492589893397
FDD23,OUT045,3094.0229967205128
NCH54,OUT017,2594.4674795820665
NCP14,OUT010,382.2614939073982
FDM60,OUT010,85.82849290165544
FDV24,OUT017,2400.6411502761152
FDH08,OUT018,3367.6817126834617
FDS12,OUT027,3181.337612797647
FDR39,OUT027,4958.677934726348
FDP12,OUT027,1138.7007089409856
DRF60,OUT027,6006.331678097321
FDC09,OUT035,1701.7542200982439
FDF50,OUT018,2826.472415718202
FDG28,OUT035,4085.117447746421
NCE19,OUT017,918.8773188583618
NCM53,OUT010,369.8906219228762
NCN18,OUT049,1932.9890175969517
FDF32,OUT035,3261.588483287943
FDF11,OUT013,4087.483324594088
DRI59,OUT049,3798.441381459163
NCG54,OUT035,2869.01590568452
FDM44,OUT046,1652.4968746054933
FDT57,OUT018,3359.6501783171498
FDV24,OUT046,2398.2369250275337
FDI50,OUT019,555.0318647659406
FDS09,OUT035,826.4389393796951
NCC31,OUT027,3735.928237250186
FDQ07,OUT019,611.9382112903205
FDC22,OUT017,3216.4974305177634
FDZ56,OUT046,2767.837874856811
FDZ40,OUT019,189.04472934589432
FDS46,OUT027,2958.6883177939853
DRD24,OUT045,2047.6732917035183
FDV45,OUT017,3269.628040639921
FDL26,OUT045,2457.3324361314067
FDA56,OUT018,1814.6006671834155
FDN27,OUT046,1803.7486533538643
FDM20,OUT049,3976.8721251961783
FDO16,OUT017,1353.882563677896
FDL03,OUT035,3275.329443705031
FDE58,OUT046,1910.3224350900152
FDI02,OUT027,2964.238620335531
NCC55,OUT019,87.92598184291626
FDR03,OUT018,3011.5331816777907
FDB14,OUT017,1490.5001006608038
FDR45,OUT013,3911.0409815019298
NCN07,OUT017,2088.7655817586933
FDM51,OUT019,363.6410373331393
FDT52,OUT027,6200.0519991559095
FDL26,OUT046,2537.2531577130167
NCZ42,OUT046,3939.957149735404
DRI47,OUT019,410.63487485309173
FDW40,OUT013,2186.797720975797
FDN34,OUT046,2784.559715508405
FDS01,OUT035,3027.557327593173
NCG55,OUT045,1839.4468403122078
FDC11,OUT035,1459.0012259934285
FDX35,OUT018,3291.8665598341404
NCB06,OUT046,2602.5199206853977
FDR09,OUT019,886.024145089667
FDC53,OUT017,1540.419809493023
FDY45,OUT013,4130.5907206224765
FDA22,OUT010,455.976294836102
FDE02,OUT035,1608.4744425619476
FDW21,OUT045,1583.6283170758272
FDV34,OUT046,1134.7469631941867
FDS59,OUT049,1741.1264214622802
NCW17,OUT017,2202.0064067399535
NCK54,OUT046,1890.352227277202
FDG17,OUT019,576.4667936320849
FDG35,OUT017,2737.125254025086
FDD08,OUT010,82.94162899107053
NCO07,OUT017,3525.752875807687
FDJ10,OUT010,395.55219678044443
FDW36,OUT017,1668.505674899779
FDW21,OUT010,380.8946050206819
FDY19,OUT017,1932.152116282894
DRE03,OUT013,793.9589298053376
NCC55,OUT049,718.3666610509958
FDH52,OUT010,237.66124200145887
FDO09,OUT017,4270.069578099888
FDU43,OUT045,3904.0924261480536
FDX09,OUT010,477.12367555517466
FDH40,OUT019,319.18123162600165
FDW58,OUT017,1652.6026037300342
FDC47,OUT017,3899.9776350828174
NCR41,OUT035,1620.4844992397327
DRG49,OUT035,4086.414825705735
FDC52,OUT027,3579.668471448586
FDY13,OUT046,1156.8887262466899
FDY35,OUT013,730.9276983647528
FDI35,OUT017,3241.168934615153
NCU18,OUT049,2176.080057840123
FDY33,OUT018,2362.3442605604596
FDC15,OUT027,3891.084694044675
FDU01,OUT049,3234.313823514233
NCU42,OUT046,2777.425476213764
NCV29,OUT018,2533.122491489398
NCY30,OUT017,3245.687554365846
FDQ46,OUT049,1836.271557711898
FDG58,OUT027,3730.7991939526228
FDK33,OUT017,3611.700948029003
NCD07,OUT045,1785.5860601605048
NCX29,OUT027,3689.4941254020414
NCT42,OUT013,2435.942697274342
DRN59,OUT035,821.7653749109124
FDI44,OUT035,1363.8596021419178
FDA45,OUT049,2721.3182284564996
FDP31,OUT045,946.3117374181509
FDY01,OUT046,1877.5937543626032
FDT09,OUT018,1805.6688002296503
DRH03,OUT027,2335.1718420364373
FDA36,OUT018,2674.8561102352564
NCF31,OUT017,2438.2475632576247
FDG14,OUT049,2569.052902884027
FDG28,OUT027,6285.223762053155
FDU14,OUT049,4141.006961126299
FDY47,OUT019,360.2667986589336
FDI56,OUT049,1435.52112168244
DRD01,OUT013,911.4704277403392
FDM22,OUT046,911.0075170616908
FDH33,OUT013,716.5554772192386
DRZ24,OUT013,1983.8686805777006
NCQ38,OUT046,1663.8676342267245
FDO16,OUT027,2375.183001194248
FDU07,OUT027,3833.2372442433366
NCB07,OUT013,3181.7202286780052
FDU48,OUT045,1960.5471716249049
NCM43,OUT045,2543.7358008118144
FDR31,OUT010,392.31423457407556
DRK49,OUT018,615.8538363430068
NCI30,OUT010,756.5058560756597
DRD60,OUT017,3083.907293760996
NCG19,OUT046,3732.784488158627
FDH12,OUT035,1711.8209177568717
FDM32,OUT035,1501.2495428683887
FDM27,OUT035,2532.8216142185106
NCU53,OUT027,4064.956025579051
NCQ18,OUT046,1621.005499681233
FDS10,OUT013,2958.3692503946068
FDB33,OUT027,4270.403518659475
FDI12,OUT013,1351.7191182695617
NCW42,OUT013,3711.6345564803682
NCC06,OUT018,1887.6446762627352
FDW02,OUT017,2178.4263882747414
NCD43,OUT017,1666.688793831765
FDM57,OUT018,1088.9072901046786
FDA58,OUT017,3853.1680200794776
FDK56,OUT046,3131.4161388012453
FDP52,OUT045,3782.9470560707605
FDW20,OUT018,1711.9527286717107
FDS52,OUT049,1657.3851369997572
NCT29,OUT018,1635.1805279496452
NCL54,OUT013,2961.8453714988186
FDC05,OUT045,3073.591920906045
FDF34,OUT035,3263.923118018449
FDP03,OUT027,3180.99928482046
FDD32,OUT010,323.6069394469061
FDZ10,OUT045,1957.9352266767426
FDZ40,OUT035,959.7180604697143
FDD51,OUT018,619.3625541152524
NCY30,OUT019,512.0515771130442
FDP58,OUT017,3521.693992260406
FDV49,OUT017,4175.9638188959925
FDY24,OUT019,171.99644344985293
NCO55,OUT017,1668.7635563998329
FDR13,OUT017,1890.9575631246992
FDS51,OUT017,1009.0899074874452
FDP26,OUT045,1569.434394817338
NCB54,OUT027,3175.446370732371
FDF32,OUT017,3131.0015237010534
FDN31,OUT018,2739.1984302333253
DRM48,OUT017,714.2378458297474
FDN20,OUT049,2817.9297712098655
DRL01,OUT046,3847.699248920268
FDV56,OUT049,1669.8077078205981
DRH13,OUT027,2407.7312694558286
FDA03,OUT017,2461.7399939425463
FDF47,OUT027,5809.446053664249
FDX32,OUT046,2407.6008126376087
FDX57,OUT049,1550.787438547911
NCA30,OUT045,2960.139531634191
FDO49,OUT013,790.8186017593521
FDL04,OUT019,364.6070680094027
DRM48,OUT035,734.5249159519155
FDR16,OUT013,3426.4444748409674
NCC19,OUT018,2816.296508375237
NCE42,OUT045,3511.3080535927716
FDY24,OUT017,916.5927227998027
FDH19,OUT049,2966.4312612869485
FDJ46,OUT013,2950.8061767268136
FDN45,OUT010,664.4055963850229
FDY08,OUT035,2118.40130896485
FDZ37,OUT035,1434.7666415328936
NCT30,OUT045,779.90106821589
DRY23,OUT018,612.7807665729224
NCZ30,OUT018,1716.5777776481207
FDC44,OUT018,1606.2932699022215
FDB45,OUT035,1672.2806109380258
FDY04,OUT013,2637.055958933657
FDM27,OUT046,2584.521032650753
FDZ43,OUT017,3991.9952184810554
FDT39,OUT019,400.9120788529285
NCC06,OUT019,417.5166737465967
FDL15,OUT027,3660.2010645847404
FDL57,OUT017,4122.32257017941
FDU08,OUT046,1544.125567180408
FDK40,OUT017,4147.002450440483
FDQ12,OUT010,730.5647469152105
FDS48,OUT017,2441.587326603086
FDP09,OUT045,3400.716490474336
FDW21,OUT049,1618.8001506581068
FDY25,OUT035,3056.471888885298
DRE13,OUT017,1374.0593536133654
FDV43,OUT019,90.27705580827758
FDD22,OUT045,1856.2710053518545
FDM46,OUT019,341.30826708148686
NCO30,OUT010,535.1537858043106
FDM25,OUT046,2864.4195685753334
NCN41,OUT049,2024.4103265909246
FDU24,OUT045,1419.7640230443208
FDZ50,OUT046,3108.9805494550756
FDP45,OUT013,4147.521072012887
NCM54,OUT045,2005.8845858838777
FDW10,OUT019,466.94622899716666
FDP20,OUT017,2059.858348779046
FDK32,OUT046,2526.365233049391
FDN52,OUT049,1390.7030343512065
FDM58,OUT045,1751.5044431734564
FDZ46,OUT027,2873.9953757036974
NCA18,OUT018,1566.5271974796387
FDD35,OUT046,2056.4053805520966
NCK31,OUT035,826.0218717355158
FDI40,OUT027,2683.3509905718597
FDT50,OUT019,336.49363766825184
NCT06,OUT046,2606.703232822087
FDT31,OUT035,3226.5966270476024
FDT45,OUT049,877.9447348199855
FDT13,OUT045,2985.5998352188767
FDO50,OUT045,1366.0305370673257
NCU18,OUT010,380.7983295816509
NCR54,OUT049,3167.780019431134
NCO18,OUT018,2644.3957107971028
FDU09,OUT045,923.7081145181668
FDT13,OUT018,2729.6535287743054
FDE09,OUT046,1810.410792872702
NCK53,OUT019,381.57393870832817
FDG45,OUT049,3604.085321461003
DRH15,OUT035,763.1104423579075
FDO21,OUT019,653.7791961431682
FDD14,OUT027,5075.096576748616
FDC09,OUT046,1656.4333979463322
FDH45,OUT027,1248.522574675002
FDV32,OUT046,1072.9734365052736
FDG12,OUT035,1973.8767891523748
FDS32,OUT013,2084.8789632770104
NCL55,OUT018,3546.1210438893127
DRE01,OUT035,3986.8198583501503
DRE15,OUT049,1311.1525582560646
NCL42,OUT045,3708.224927139002
FDP31,OUT013,997.3785694549193
FDN33,OUT018,1238.4165143008734
FDZ59,OUT046,2662.7883595683643
FDE45,OUT010,499.2614717564696
FDJ07,OUT013,1890.578853307983
FDQ45,OUT018,2695.5087034744092
FDM33,OUT027,5668.244780177238
FDO15,OUT010,316.3325713708497
FDM46,OUT013,1472.2562276941346
FDR03,OUT045,3293.8912231229083
FDY49,OUT018,2377.369961460362
FDQ60,OUT045,1784.5270152973299
FDW10,OUT049,2729.68536299391
FDO51,OUT049,732.9962874310447
FDJ40,OUT018,1422.8569081925348
FDS20,OUT018,2810.8597559512173
FDU45,OUT013,1880.753260754244
FDV02,OUT035,2861.100772841186
FDN09,OUT046,3996.396415445145
NCM55,OUT027,5081.815558970436
FDN23,OUT018,2219.751348716279
FDY31,OUT010,404.5855537211977
FDW03,OUT010,385.6888659354436
FDD14,OUT046,3035.7985872522336
FDV23,OUT017,2082.88018315904
DRI03,OUT045,2805.130100645302
FDN13,OUT035,1621.5080476852552
FDF45,OUT027,1998.0159486418866
FDU46,OUT035,1445.9340021196601
FDB57,OUT049,3792.405807579518
FDV12,OUT049,1661.5742649696238
FDQ58,OUT013,2429.654841863476
NCA18,OUT017,1886.357033518276
FDH52,OUT049,1001.8149624516296
FDM24,OUT018,2126.925617621005
NCP43,OUT027,4837.875942932203
NCO18,OUT019,482.01560111283885
FDM32,OUT017,1423.4220439814733
NCL07,OUT017,712.3199145796316
FDK03,OUT013,4124.543121050118
FDP59,OUT017,1603.849199092692
FDQ24,OUT049,4143.758800793288
FDQ16,OUT018,1466.0415666750216
FDU44,OUT013,2685.711811154939
FDH28,OUT010,86.28085189364856
FDV28,OUT019,81.97631555730867
FDM22,OUT045,877.2686242940879
FDR56,OUT046,3175.0359506438
FDV39,OUT049,3202.2625422690826
FDU37,OUT019,334.4133910206743
FDQ11,OUT010,868.2883373067866
FDX02,OUT045,3636.5973794905144
NCS42,OUT018,1238.7534771361088
FDY57,OUT027,2606.820545767858
FDB21,OUT049,3888.240357188815
FDE28,OUT017,3925.116313510138
FDQ55,OUT017,1946.9768268867167
FDA48,OUT049,3742.0071143675345
FDZ19,OUT045,2791.1987395515584
NCC43,OUT045,3843.8145321968645
NCV18,OUT046,1412.7864083928519
NCA42,OUT018,2327.2794936067808
FDY45,OUT046,4032.1725697535903
NCC30,OUT045,2741.2211128250974
FDM57,OUT013,1348.8405521321476
FDL09,OUT010,407.9254330867202
FDB09,OUT027,3093.4199423610603
FDT44,OUT035,1945.366852183166
NCT06,OUT027,4105.158710498319
FDX26,OUT049,3222.4225076442376
FDK32,OUT013,2573.1099200080303
DRA12,OUT046,2133.764247261175
FDO46,OUT010,545.1613441979621
FDE52,OUT013,1509.7486781599862
NCH42,OUT045,3767.1532442448593
FDV08,OUT035,745.231815655416
FDB47,OUT018,3010.1465284247456
FDC28,OUT010,356.6187699599332
FDD22,OUT046,1981.344694214059
FDS07,OUT027,3078.989828819778
DRI13,OUT045,3447.9787106053327
FDG32,OUT018,3271.9608339136403
FDU14,OUT017,4162.80812563888
FDD28,OUT019,193.0604246607301
NCP41,OUT017,1723.5307481690663
FDS08,OUT049,2863.2021911124966
FDX47,OUT045,2478.414727593022
FDC53,OUT019,364.61159350225205
FDQ19,OUT035,4039.2414362683485
FDL14,OUT045,2337.5018763078733
FDM33,OUT019,607.4857939091728
FDA51,OUT045,1811.895158093801
FDZ27,OUT018,705.483109389622
FDT04,OUT046,714.6960405873241
DRC13,OUT049,2043.6508199072318
FDR16,OUT027,5422.937177997592
FDQ03,OUT027,6096.38050384933
FDE38,OUT035,2844.2173016725787
DRH23,OUT027,1578.4518515144327
FDT11,OUT019,520.6051310082851
FDD09,OUT035,3117.7131202621513
FDR40,OUT045,1278.5055141956161
FDX07,OUT017,3237.2376761476144
FDR07,OUT035,1495.6953203823605
FDA51,OUT017,1910.0919896704768
FDT59,OUT019,682.9977150024148
FDF20,OUT017,3281.464849786245
FDR13,OUT045,1788.4911892820442
FDY26,OUT049,3583.3659105736288
FDW04,OUT017,2200.4554487297028
FDK52,OUT017,3897.643239288336
FDN60,OUT049,2668.5548156092023
FDM09,OUT019,422.01955209781096
FDP46,OUT049,1382.780369106417
FDB50,OUT019,318.7697985714579
NCQ29,OUT049,4277.419842426109
FDP16,OUT027,6125.241435719831
FDX33,OUT018,2354.258276874488
FDP07,OUT010,548.9881650440909
FDN22,OUT046,3949.207389898034
FDF39,OUT049,4143.927175428371
FDS21,OUT017,998.3815564426683
NCM42,OUT013,1662.2249272088366
FDK50,OUT019,448.2900649706284
DRF13,OUT027,3882.6065863096183
FDH35,OUT018,2330.918892752881
FDP60,OUT018,1337.4135774995045
DRJ49,OUT027,3238.512166745138
NCT42,OUT019,389.95378276458746
FDE38,OUT049,2802.3193912579895
FDI04,OUT049,3265.2362891338553
NCH54,OUT045,2425.9128220133152
FDT56,OUT049,940.6720992199683
DRD15,OUT018,3308.6278568280945
FDV58,OUT013,2884.1356140952375
FDP21,OUT049,3265.4950133596253
FDH05,OUT013,3875.5972687020653
FDR10,OUT027,3997.089758539615
NCP06,OUT045,2280.786751178503
FDF33,OUT049,1712.325445722864
DRK37,OUT013,3211.231185469128
DRH49,OUT045,1269.3155144481163
FDT58,OUT013,2669.4698441949545
FDD41,OUT018,1370.5160376402882
FDP40,OUT018,1480.8171248978476
FDM51,OUT027,2678.411721325188
FDO45,OUT010,321.3418349334971
FDW33,OUT010,360.5224866877663
FDY24,OUT045,888.6901912615201
FDB10,OUT010,640.1462908142768
FDM40,OUT035,2185.6931177021957
NCI06,OUT017,3093.566944303019
FDW12,OUT019,385.1126367185317
FDX48,OUT027,3676.497994038119
NCW05,OUT027,2851.85195470981
FDX27,OUT017,1509.4933326931596
DRM37,OUT045,3076.7941345429945
FDA38,OUT045,3774.564344068091
FDR36,OUT046,715.4961993760919
FDZ45,OUT046,3229.8898241571274
FDG05,OUT017,2597.2380264478866
FDK28,OUT013,4134.107809520111
FDV47,OUT045,1305.985596177898
FDN21,OUT045,2408.630822896444
FDP20,OUT027,3227.1219232609783
FDI35,OUT045,3072.420674007472
DRY23,OUT013,718.7649724184624
FDA56,OUT017,2167.0319829969535
FDB09,OUT013,2018.0063382817698
NCO26,OUT027,2990.8064948806923
FDQ49,OUT018,2187.8027895649902
FDI52,OUT027,3105.222815102788
FDZ44,OUT027,2777.565775553991
FDZ09,OUT018,2407.1032964290844
FDY03,OUT049,1884.6002633947073
NCG42,OUT017,2092.83777105014
DRI13,OUT027,5745.208771793828
FDQ32,OUT013,2104.780307558472
FDW16,OUT035,1548.1074470025196
FDU27,OUT046,787.3980452840273
FDR28,OUT010,443.3214056590909
FDQ49,OUT010,387.61453174451964
FDS37,OUT046,1879.1001918078869
FDW26,OUT018,3114.274527467024
FDX12,OUT018,3390.717120764269
NCP06,OUT013,2398.118334287549
FDW45,OUT010,413.8993892939484
NCN30,OUT049,1532.0615434347608
FDN24,OUT049,877.8174294955845
NCL41,OUT027,1140.2340967563518
FDR02,OUT019,371.31817771051146
FDD09,OUT010,520.4270311104641
FDS33,OUT010,330.5157967160476
FDU22,OUT045,1873.9345133538422
FDI53,OUT013,2577.7112822518297
DRH01,OUT049,2938.329720582037
FDX32,OUT013,2142.461939689972
NCP30,OUT018,620.1475385844125
FDB60,OUT045,3073.2309049219016
FDB14,OUT049,1486.2819426267524
NCP02,OUT035,960.5501393167906
FDJ10,OUT017,2119.5989426926894
FDG34,OUT046,1773.068796879224
NCB18,OUT017,1393.8140635772227
FDM16,OUT049,1163.835807782678
FDW25,OUT018,1102.4248865083168
FDB35,OUT010,337.04175926463654
DRN11,OUT013,2217.401983735635
FDF41,OUT019,614.7880734903104
FDH16,OUT045,1335.8350430833966
NCQ50,OUT018,3084.253229257624
DRH23,OUT018,771.0783645319868
DRJ37,OUT013,2531.309782977721
DRJ24,OUT027,5097.067656100113
FDY16,OUT035,3270.453940976903
FDQ27,OUT045,1593.5125550897983
FDZ33,OUT045,2305.054788912568
FDF29,OUT045,2020.071711795064
FDA08,OUT049,2614.5184609365847
FDG31,OUT046,1072.490585393107
FDE34,OUT019,554.9794211254093
NCR30,OUT027,1859.7562701877816
FDV33,OUT035,4214.647213928557
DRZ24,OUT018,1756.158411028661
NCL54,OUT035,3021.714313177842
FDR12,OUT049,2854.2563616023067
NCC54,OUT046,3864.0646557947425
DRN59,OUT013,793.5278705863243
FDX50,OUT019,358.31185315856345
FDV31,OUT027,4753.079453118276
NCA29,OUT027,4654.069045782198
FDW60,OUT049,2973.734800875738
FDX08,OUT017,3137.7548521122167
DRD49,OUT013,3875.8944611523893
FDD33,OUT046,3841.1043214560877
FDW35,OUT013,719.7269317441745
FDJ36,OUT017,1674.167060682055
FDV51,OUT035,2728.5664544950296
FDW36,OUT046,1655.6450474260016
FDH35,OUT046,2610.2712062995256
NCS30,OUT027,3199.0092437541516
FDN49,OUT017,711.0089668498895
FDL08,OUT018,3372.8066322290124
FDI09,OUT013,3859.7446884320802
FDP19,OUT018,1774.603114429207
FDU21,OUT010,81.9283623079461
NCP41,OUT045,1571.5598705092077
FDY10,OUT013,1885.0152827277157
FDP12,OUT018,610.1689011633113
NCN26,OUT049,1904.6668981086436
FDK44,OUT013,2872.537107546089
FDC28,OUT049,1724.124336955429
FDJ41,OUT027,6217.639745621374
NCT29,OUT035,2080.914015518083
NCH42,OUT019,663.4436539611213
FDU60,OUT018,2465.090132334303
FDS02,OUT045,3078.663288955528
FDC51,OUT046,2050.923208029785
FDU03,OUT013,3100.8142255267744
FDX39,OUT045,3422.2868572996267
NCY05,OUT010,83.62144550657636
NCL06,OUT027,6217.526109307641
FDD32,OUT035,1343.1119663818522
NCN41,OUT045,1904.3884151730688
NCX53,OUT049,2174.559399792654
FDU57,OUT019,400.570482824025
FDQ23,OUT046,1673.0426585692499
FDQ52,OUT045,3874.555580211776
FDC14,OUT045,710.8793254630893
FDY09,OUT035,2872.9577376458064
FDQ28,OUT045,2465.922457169588
FDV25,OUT046,3670.202362458996
FDJ07,OUT035,1940.769677890198
DRB25,OUT049,1684.7318316407682
FDK52,OUT019,634.4397752704754
FDY52,OUT027,1670.514718052247
FDB28,OUT046,3055.077485399417
FDT36,OUT035,730.6914127610171
FDV25,OUT017,3783.294665281609
NCN07,OUT027,3153.6172776521266
FDC57,OUT017,3108.944714731656
FDQ03,OUT018,3208.607152940865
FDU23,OUT017,2787.0459381615174
NCX41,OUT035,3589.8608801855135
NCD06,OUT035,821.052214871667
FDW08,OUT045,1576.4565001836181
NCU29,OUT017,2532.7479661566736
NCE06,OUT013,2529.717073983873
FDV52,OUT010,388.72694953383154
FDB02,OUT017,2990.0491954188024
NCR18,OUT045,710.9794238367683
FDK16,OUT049,1582.3765366357875
NCQ29,OUT010,994.07276044995
FDZ01,OUT019,369.7632970220309
FDW27,OUT035,2570.503973713367
FDD17,OUT018,3361.134471285791
FDW39,OUT013,2885.256976083748
DRH59,OUT045,1059.2487143038015
FDS52,OUT013,1662.268810268656
FDU40,OUT027,5215.8126671091695
NCF54,OUT013,2873.958931038205
FDH46,OUT045,1577.926974685944
NCP14,OUT049,1712.6817518295502
FDH50,OUT049,3268.750059140039
DRF15,OUT010,368.8363953053749
FDV27,OUT027,2170.299756708636
NCJ06,OUT049,1977.0047285047224
FDN02,OUT018,3043.6030449663454
FDQ51,OUT049,802.1902221587816
FDQ07,OUT017,3793.7879621644433
FDS45,OUT049,1683.2096429851229
NCJ06,OUT045,1899.0301218281052
FDD36,OUT035,1964.4138703422361
FDY25,OUT045,3013.972422052786
FDU52,OUT046,2431.1903366803067
DRK47,OUT017,4004.5622442758604
NCL30,OUT017,2210.410624122479
FDN22,OUT035,4033.0019382462506
NCF30,OUT027,3156.1514121852733
FDK03,OUT035,4173.049761251008
FDT45,OUT017,917.6244987273178
NCC54,OUT027,6037.165470849027
FDP08,OUT018,2819.059825217611
FDU44,OUT046,2693.1266521204816
DRG39,OUT035,907.8254110724232
FDU32,OUT049,2032.0230724189375
FDY27,OUT049,2919.321106354826
NCP54,OUT013,2074.908894952724
NCZ41,OUT049,2064.892713622337
DRL49,OUT013,2247.786107667794
FDI05,OUT018,1051.0354870395017
FDY56,OUT045,3769.632631056084
DRC13,OUT013,2034.1988901220654
NCV29,OUT017,2925.794370421483
FDR24,OUT049,1429.7855683024088
FDZ34,OUT018,2734.4227806224944
FDP37,OUT035,2153.0782129948075
FDX08,OUT027,4960.277386929188
FDS57,OUT045,2029.818709066356
NCG18,OUT049,1693.3560504660195
FDK25,OUT018,2467.966458438709
FDH53,OUT049,1299.51914512618
DRI59,OUT018,3151.619640050565
FDA52,OUT046,2921.2513981842003
FDT20,OUT010,86.12160532013124
FDE36,OUT019,446.583642712897
FDI24,OUT017,2961.3734197449544
FDB28,OUT018,2772.113039336311
FDV11,OUT017,2839.7046976763636
FDP01,OUT046,2378.001194813689
FDD34,OUT027,4058.512129757984
FDJ50,OUT027,1399.9863429766367
FDZ44,OUT013,1876.890792167215
DRO59,OUT035,1221.0082171215095
DRB48,OUT045,723.6182730331668
FDR21,OUT018,2546.492040173085
NCE42,OUT010,549.7104390871699
FDO23,OUT046,1472.1273487736585
NCE30,OUT018,2957.3341657788387
FDQ22,OUT035,736.7744835681316
FDY01,OUT045,1792.1258816223326
FDS08,OUT017,2913.7556416847024
FDG28,OUT018,3362.856405261798
FDQ51,OUT018,711.1336931657329
FDB05,OUT017,4178.4663153651545
FDO56,OUT049,1881.4511481781103
FDE02,OUT018,1233.6171523178548
FDN45,OUT017,3759.2715651531466
FDS09,OUT013,794.1876738699515
NCA54,OUT018,2617.0149733365097
FDP09,OUT010,629.9382734798791
FDC53,OUT045,1510.6765838752822
NCM55,OUT017,3150.118508451172
FDL09,OUT018,2352.0688931423283
FDA11,OUT019,336.2288193693164
FDA50,OUT045,1455.592255934858
FDC23,OUT017,3030.412641586363
FDE22,OUT049,2568.3903596111018
FDD23,OUT046,3176.180742883302
NCA29,OUT049,2956.475526306892
FDK38,OUT046,2446.6634393847444
DRC13,OUT046,2010.8295001269414
NCP43,OUT049,2926.3471154380704
FDX28,OUT049,1647.4511057388409
FDF08,OUT049,1425.624484751972
FDZ33,OUT046,2401.830457455106
FDD10,OUT049,2835.900833854117
FDO58,OUT017,2666.0744042394153
FDI50,OUT017,3873.178484682518
FDO58,OUT045,2561.0206695176316
FDX08,OUT013,2958.0180035105577
NCK17,OUT010,86.17557939606598
FDF39,OUT035,4166.993560488766
FDU45,OUT010,369.1703350465582
NCJ18,OUT018,1596.0510433472962
DRC27,OUT019,757.9653950385318
DRC25,OUT035,1395.960144529444
FDU59,OUT035,2708.9966444384245
FDU28,OUT035,3156.9814273107836
NCP30,OUT046,710.2078743774127
FDB39,OUT018,769.5194013179411
FDE41,OUT013,1362.616220252564
DRH11,OUT010,198.81359468328984
FDA58,OUT045,3708.3413244425533
FDU50,OUT046,1883.82523379228
FDM34,OUT013,2073.4898829917356
FDM44,OUT027,2627.908174229135
FDR39,OUT045,3032.0227962741856
FDM25,OUT045,2792.442857569527
FDQ49,OUT049,2429.842962222793
DRH25,OUT018,741.0233393500296
FDM09,OUT027,4495.378881848417
FDL44,OUT019,437.4069183666703
NCR42,OUT018,614.5548917211061
DRL59,OUT046,871.7548711952696
FDX43,OUT013,2660.1892778913193
DRK47,OUT010,702.0351191831661
FDU48,OUT018,1748.5864671016948
FDY12,OUT045,785.5846363010805
NCN43,OUT018,1709.2749039878786
NCM55,OUT018,2732.1417550558594
FDQ21,OUT027,3202.0180866449077
FDX13,OUT035,4173.8813672346605
NCK30,OUT027,6260.26152836673
FDG20,OUT049,2825.9253476735157
DRG27,OUT017,716.5073524653645
FDY14,OUT018,3581.855369128772
FDP59,OUT035,1664.8585807103814
FDU60,OUT017,2815.043266343777
NCC18,OUT019,459.8075530396426
DRJ39,OUT017,3578.757656695701
FDS07,OUT049,1886.604250865658
FDM08,OUT027,6007.284572635667
FDP51,OUT045,1873.4642220128596
FDU16,OUT035,1377.6394827947067
FDH12,OUT013,1658.2715308861634
DRE48,OUT010,553.508370491806
NCL42,OUT027,5362.618784506946
FDR21,OUT045,2769.5227903598993
NCW29,OUT035,2147.8249584530167
FDO11,OUT013,4062.633114523744
NCM31,OUT049,2180.172247576452
FDV35,OUT019,420.4088312915114
FDF58,OUT017,1012.705730635171
NCE43,OUT049,2825.7286728321315
FDA02,OUT035,2491.6932072216473
DRL37,OUT010,99.66337960328002
FDR24,OUT018,1222.5036860991834
FDW59,OUT049,1332.6609708654764
FDS22,OUT049,739.5503066031497
FDW24,OUT017,802.7595114744324
FDU24,OUT035,1604.7806595704646
FDA21,OUT027,5231.241415129239
FDH58,OUT027,3015.937142103782
FDW36,OUT018,1362.917748821156
FDI45,OUT027,4853.19772675186
FDU01,OUT018,2822.4089749169007
FDF35,OUT027,2736.086608473843
FDU43,OUT019,751.9986192409342
FDE24,OUT019,356.7858300609957
FDK50,OUT049,2738.173510272506
FDG31,OUT045,1019.1921316758911
FDC60,OUT045,1370.917076623546
FDL36,OUT013,1413.9116441216565
FDP21,OUT013,3218.691566641911
FDW16,OUT045,1424.4837709481621
FDX02,OUT017,3855.875109721862
FDQ58,OUT027,3707.4323790238896
FDT51,OUT046,1769.7791233577839
FDD59,OUT049,1317.6385658654988
NCM42,OUT018,1412.6116208468611
FDA57,OUT018,635.0908042201771
FDZ48,OUT035,1875.7870903151686
FDE46,OUT045,2300.8352889051084
NCZ30,OUT019,373.41170999420797
FDB56,OUT017,3249.6571234429634
FDA25,OUT027,2706.4627863066466
FDD20,OUT013,2159.8380824573233
FDL25,OUT013,1451.2641028032233
NCO18,OUT049,3002.7324467395524
FDJ45,OUT017,730.5836794461424
FDR12,OUT035,2774.485846526653
NCF19,OUT010,151.52997675560994
FDK25,OUT046,2748.999128342551
NCR17,OUT046,1921.8514285836027
FDC52,OUT046,2408.974304355773
NCA54,OUT017,3010.7412517856405
FDR45,OUT010,602.5873909727984
NCM19,OUT049,2022.1440803241471
FDF39,OUT027,5487.947208879507
FDX23,OUT049,1525.8454138041238
FDD58,OUT027,2608.890158408542
FDX28,OUT013,1702.5128955105806
NCD31,OUT013,2632.94520691273
FDU57,OUT018,2141.3133587252437
FDI27,OUT046,790.3292782111414
NCM42,OUT046,1656.2629687724673
FDD32,OUT027,2259.8793530138537
FDI34,OUT013,3891.1775148142638
NCM29,OUT049,2111.6761477707805
FDG46,OUT018,1596.3439011404353
DRC01,OUT010,163.3169816796544
FDB15,OUT027,6079.625772694643
NCA17,OUT027,3825.512080205613
FDF10,OUT046,2421.6899094929677
FDR26,OUT027,4666.04689714383
FDI02,OUT049,1834.2450148832786
NCM54,OUT010,407.89960795498945
FDF14,OUT013,2466.5623761804854
FDJ33,OUT010,403.678334652249
FDM20,OUT035,4037.499318560848
FDC03,OUT027,5315.0512049705585
NCX05,OUT046,1871.672711337506
NCM41,OUT027,2300.104056102948
NCU29,OUT010,415.1000825392101
FDQ59,OUT017,1333.2968595764783
FDH46,OUT010,363.33913490831713
FDH09,OUT013,832.7586187198733
NCD06,OUT045,782.5163801963738
FDC15,OUT035,2491.736428811978
DRD37,OUT027,1200.1107430679342
FDT28,OUT027,3724.376693403215
FDR28,OUT027,4136.940207843601
FDT38,OUT017,1353.3827034922597
FDV34,OUT027,1925.478353773461
FDY52,OUT035,1075.129518154056
FDB34,OUT013,1369.6673232427866
DRL23,OUT018,1379.9803006943216
DRB24,OUT046,2531.744935388945
FDJ50,OUT046,906.3958798740355
FDQ49,OUT035,2468.8937970685115
FDP20,OUT035,2063.479885836091
FDV19,OUT027,4170.564132947988
NCR54,OUT045,2989.159494684462
FDO09,OUT010,776.4636866392201
FDS57,OUT018,1859.86539306179
FDN10,OUT049,1891.6649189295551
FDV23,OUT049,2076.0212258267898
FDY28,OUT049,3571.4805560542673
DRG51,OUT013,2607.410872306805
FDD45,OUT019,335.56011134023424
NCL18,OUT027,5158.506069967656
NCM29,OUT013,2102.5001501684487
FDF17,OUT027,5291.071588687262
FDE22,OUT017,2595.9579580538525
FDQ22,OUT017,713.5810623077247
FDS01,OUT013,2976.5952834843442
FDW35,OUT027,1155.4043476459376
FDJ33,OUT046,2076.916104757809
NCF54,OUT035,2932.7605488930076
FDE09,OUT013,1710.8731492466804
NCE06,OUT045,2468.325719236171
DRH49,OUT049,1299.2488934069106
FDY43,OUT045,2570.570209836443
NCT05,OUT017,4177.888954583412
FDZ34,OUT045,3078.712190290884
FDL38,OUT017,1398.707832794474
FDZ31,OUT017,3252.2141071495603
FDR14,OUT035,953.1664317314771
NCN54,OUT049,1294.4700761636568
NCC42,OUT027,3204.1439440782992
FDK08,OUT017,1600.8267990449206
FDP59,OUT013,1601.3854343598864
FDV22,OUT035,2687.252620935055
FDD33,OUT035,3903.324833376832
DRE60,OUT027,6034.9660760465495
FDK52,OUT046,3834.545749632604
FDA02,OUT017,2439.4945852931473
FDM56,OUT049,1718.746343412031
FDE57,OUT035,2337.315619556676
FDM32,OUT045,1358.4971527422256
NCQ30,OUT027,2822.7054202977442
FDQ27,OUT027,2699.061395652226
FDT60,OUT027,3141.258854192004
FDU43,OUT049,4089.961577426674
NCO55,OUT035,1715.414274233133
FDG02,OUT045,2918.8875014836276
FDJ28,OUT013,3237.015700434621
FDP40,OUT045,1734.966768509913
FDJ38,OUT045,3079.9876760761963
NCC54,OUT017,3940.105853301807
NCZ41,OUT046,2020.9110688549586
FDK38,OUT019,405.33345295159705
FDU52,OUT013,2441.505244515608
FDC40,OUT046,1245.5522889840483
NCR30,OUT017,1136.247122000116
NCN18,OUT017,1943.9552605036017
FDB50,OUT035,1362.8097649733352
FDG04,OUT013,3081.9794669478038
FDR26,OUT035,2859.828543971803
NCT17,OUT018,2819.9713554725745
FDX35,OUT027,5941.474563572229
FDS12,OUT046,2050.2809201486034
NCZ29,OUT027,3154.286409122394
FDB38,OUT010,436.77633217239213
FDP12,OUT013,708.2768429704371
FDP22,OUT046,830.0848976385306
FDS26,OUT018,3541.890661640072
FDR52,OUT046,3142.2521885353735
DRJ13,OUT046,2616.5929877106623
FDU48,OUT027,2903.131359884079
FDE29,OUT035,1042.2365882446531
NCT29,OUT049,2025.5645848488655
DRK37,OUT018,2825.1102884919806
FDK55,OUT046,1362.0824080754562
FDR07,OUT046,1449.172858906271
FDO21,OUT027,5826.8450391527485
FDK46,OUT049,4275.069383231708
FDB12,OUT045,1583.0728568640236
FDT31,OUT027,5349.443826418064
FDJ33,OUT045,1998.5271784783256
FDC26,OUT027,2767.37475765677
NCQ02,OUT045,3008.6346004012166
FDP08,OUT010,536.196769542916
FDB11,OUT027,5885.1651845125725
FDV55,OUT013,2524.5894670478833
FDW20,OUT049,2013.9092176797299
NCJ18,OUT019,387.7654728978318
FDC41,OUT018,947.3340414688113
FDE14,OUT027,2740.8759096885437
FDG35,OUT013,2709.3189999122446
FDF45,OUT035,985.938177971917
FDS19,OUT027,2318.8231466237994
FDS58,OUT019,436.8136409876625
FDA26,OUT017,3750.5910451644154
FDM32,OUT049,1369.2491744227798
FDL45,OUT046,2102.6702627329123
FDZ55,OUT049,2691.336996482106
FDY37,OUT049,2292.97980837884
FDO46,OUT046,3144.7416870442207
FDQ60,OUT046,1903.9852098267645
FDA19,OUT018,1750.462508504819
FDL15,OUT046,2418.0540545005056
FDM10,OUT018,3071.5368073294185
NCL05,OUT017,719.8304510155474
DRK49,OUT010,89.89914171759396
NCE18,OUT027,6193.090350218116
FDG40,OUT049,714.2206348166361
DRI59,OUT045,3572.0438301095865
FDK28,OUT035,4131.95917814138
NCD06,OUT019,149.14828979301979
FDO11,OUT019,802.113878410916
FDK27,OUT046,1911.1984123244745
FDT43,OUT027,1419.5615661411346
FDD38,OUT018,1372.1154725353124
FDA16,OUT049,3672.062773979373
FDL14,OUT027,3738.8745198183265
NCM17,OUT049,724.6769414600719
FDD20,OUT045,2033.3653414560408
FDA40,OUT045,1328.5408040235116
FDL43,OUT045,1251.4846769084654
FDV15,OUT045,1599.8290386133842
FDE52,OUT046,1545.2596351334562
NCL17,OUT010,396.5353862388753
NCJ31,OUT045,3744.0060340620735
FDR60,OUT045,1247.6774718779102
NCA18,OUT035,1924.333927747252
FDS21,OUT027,1724.1321759747216
FDW09,OUT035,1337.6356609058007
FDL26,OUT035,2646.7874769839586
FDS47,OUT018,1193.0910001415148
FDC39,OUT046,3441.240772194577
FDT51,OUT035,1818.0105126552517
FDK40,OUT035,4181.167766667545
NCG19,OUT045,3632.539198361639
FDZ07,OUT046,991.3516017395721
FDF08,OUT027,2561.550929695516
FDO04,OUT013,912.7310902032015
FDK41,OUT018,1090.568929874324
FDP15,OUT049,3981.7713971325193
NCD43,OUT018,1365.7521004696664
NCP18,OUT013,2541.122691422092
FDZ51,OUT046,1475.983811183106
DRH13,OUT035,1728.1935436563151
FDF38,OUT045,710.5173569285765
NCI43,OUT045,783.3819859982303
FDM38,OUT027,1835.8944727315186
FDS03,OUT013,1076.125883172686
DRJ47,OUT017,2959.6922205669384
FDT50,OUT010,334.8005544696216
FDV02,OUT046,2903.0550208737836
NCG18,OUT017,1693.904649090061
FDW52,OUT046,2708.9968816810037
FDS40,OUT035,737.2710983807546
FDN31,OUT017,3173.545424620608
FDA37,OUT045,1958.9150207650184
FDA15,OUT046,4073.833647628713
FDL39,OUT046,2956.4815534641752
FDJ53,OUT045,1915.210951951347
FDX22,OUT013,3604.959193489867
NCZ42,OUT045,3838.7771816923805
FDD56,OUT027,4817.124344967606
FDD40,OUT017,3235.204922536836
FDS50,OUT013,3722.8455041925554
NCN14,OUT013,3077.312228628904
FDT15,OUT013,3094.931205382264
NCS18,OUT027,2751.3706329918077
NCO26,OUT010,401.3516892112607
FDF58,OUT018,828.4456868141338
NCB19,OUT013,1367.9015825014594
FDH26,OUT017,2170.288424495491
DRB24,OUT027,3933.2952716549144
FDA49,OUT018,1120.4801437171984
FDB32,OUT045,1472.8737303286414
FDI36,OUT017,3276.9143651900877
NCA17,OUT010,404.57037543949247
FDH22,OUT013,2044.9247860683272
NCM26,OUT018,2162.0492203001163
FDT15,OUT027,5028.408767924448
FDB16,OUT018,1142.0466590213275
NCP54,OUT027,3202.1143600098767
FDJ36,OUT013,1668.5108123764323
FDO28,OUT045,1837.9912443046094
FDU09,OUT013,952.4094583463524
FDF29,OUT017,2121.9832108820233
FDY08,OUT013,2112.1477446179847
DRJ59,OUT018,611.9699599289632
FDT23,OUT027,2265.7760093237457
FDU15,OUT018,616.6551568197062
FDT47,OUT013,1586.314039573466
FDI53,OUT019,397.61541837475454
FDR59,OUT018,3574.028220354768
FDD53,OUT035,744.668383862405
FDY51,OUT017,3657.3451105591494
FDT04,OUT049,716.2978533496772
FDU51,OUT049,2951.7325671141525
FDG14,OUT035,2621.863724842586
NCU06,OUT045,3771.6730840406403
DRG25,OUT046,3161.7031889693076
DRH49,OUT035,1355.163180126526
FDN15,OUT035,2138.742497490952
FDL43,OUT018,1024.0830575693215
NCT18,OUT049,3276.5754665832183
NCB31,OUT013,4047.508757685767
FDK57,OUT035,2116.1615397527444
FDY04,OUT019,422.38562851377515
NCP54,OUT046,2048.278839661558
FDF41,OUT013,3873.6376172611695
FDM01,OUT045,1580.9942700386957
FDW03,OUT045,1612.268561131573
FDF28,OUT045,1957.6722140985112
FDY37,OUT017,2289.075998668919
FDQ03,OUT017,3819.5689254636627
FDP51,OUT027,3013.7263565143876
FDJ40,OUT017,1822.7212818418298
FDC32,OUT049,1472.9225115664863
DRI49,OUT027,2323.2944018973
NCW54,OUT017,914.5200321422377
FDF09,OUT017,710.707585207663
FDP45,OUT018,3417.019469832427
DRJ23,OUT018,2826.2650490933765
FDS59,OUT017,1807.8685546635381
FDY08,OUT046,2063.302599015801
FDX16,OUT049,2448.584806599655
FDY16,OUT018,2836.9793772316393
FDK32,OUT035,2643.7682925382364
FDQ22,OUT013,717.381122922753
NCC31,OUT018,2124.2897159209556
FDG58,OUT049,2462.344630356846
DRF48,OUT013,3075.369344966646
DRH36,OUT049,1131.3980335408926
NCR30,OUT035,1189.1126458343488
FDB03,OUT019,684.1953404303678
FDZ28,OUT027,3149.9180009636784
FDR35,OUT017,3257.2041361496367
DRD15,OUT027,6199.337306593247
FDJ33,OUT019,404.11421435934227
FDA56,OUT010,422.0426781851918
FDP56,OUT046,794.0935480798487
NCT30,OUT046,791.2613215820417
FDK15,OUT017,1658.8942398102638
FDH44,OUT018,2098.1372042500716
FDV01,OUT013,2497.543529344279
DRG03,OUT017,2561.6253344246065
FDG50,OUT027,2368.3644585554825
FDR16,OUT010,478.535938482419
FDZ60,OUT046,1634.2039608294447
DRG03,OUT045,2445.749702472263
FDS56,OUT018,3572.1415276882353
FDU33,OUT045,771.125609953399
DRD27,OUT035,1659.4380190826987
FDW22,OUT046,3670.557406986071
DRA24,OUT045,2511.285930197095
FDF38,OUT049,723.22794376166
FDX48,OUT013,2437.26071948632
FDS58,OUT018,2357.9178291877565
FDC32,OUT046,1464.919936000041
NCQ29,OUT045,4066.4815623098357
DRK39,OUT018,1097.2374602873974
NCS38,OUT017,1891.9270612656417
DRO47,OUT013,1810.45656835969
DRG27,OUT027,1151.3994959392448
FDC57,OUT027,5319.190436934821
FDS55,OUT046,2492.5634699501693
NCJ06,OUT018,1643.4250039230749
FDO01,OUT019,364.7141066958367
NCM55,OUT045,2975.5229428621847
FDC52,OUT049,2433.1908001415145
FDQ15,OUT045,1243.694060646203
NCT30,OUT027,1317.4724086942213
NCR42,OUT027,1132.1847596688865
FDD28,OUT035,968.9548579830655
FDQ34,OUT049,1661.2810708653788
FDZ12,OUT027,3250.7170429320527
DRE13,OUT019,330.5157967160476
NCN07,OUT019,363.62285311527967
FDM28,OUT035,3012.1802228221
FDI10,OUT017,2964.2806374970355
FDQ25,OUT013,2804.8130235333438
FDA38,OUT010,720.5003260106987
DRI13,OUT049,3662.108117888997
FDY20,OUT027,2578.956688998422
NCZ53,OUT035,3297.309067374138
NCM31,OUT013,2457.364678743348
DRB01,OUT017,3087.5852666701726
DRF37,OUT046,4138.432808126197
NCF42,OUT049,2856.859063808881
FDF16,OUT018,2089.902919206792
FDB41,OUT013,790.7083797931117
FDR34,OUT013,3887.109472714884
FDR15,OUT018,2166.0464843324903
NCV42,OUT019,352.4802844365587
FDW51,OUT035,3639.1332045598024
FDU36,OUT017,1542.85694596647
FDX60,OUT049,1308.3323821422855
FDY03,OUT035,1934.4486364653976
FDW55,OUT045,3857.8794914661153
FDT01,OUT010,608.1429104703259
FDG58,OUT013,2450.2480481765424
FDK21,OUT017,4264.8826725140925
NCS41,OUT019,500.00300960997384
FDS10,OUT045,2954.974987294259
NCT53,OUT046,2591.564625198572
FDJ28,OUT018,2832.4358525946554
FDX44,OUT045,1324.883542855232
FDT20,OUT018,616.0839912779512
FDO44,OUT017,1768.2169975513004
NCX17,OUT049,3693.713826570265
FDY01,OUT017,1897.0507888231218
FDJ12,OUT027,5697.634551596623
DRK35,OUT018,602.8512736695033
FDD47,OUT019,449.706215812148
NCM53,OUT035,1727.5410187274895
FDO45,OUT013,1376.9311753481393
NCM42,OUT010,366.9550436983909
FDE04,OUT046,2883.672636713051
NCI30,OUT027,6381.67364172759
FDZ19,OUT013,2914.7725515204475
FDW57,OUT013,2984.3012540682407
FDA25,OUT013,1671.7501711851787
FDT22,OUT046,933.0703283630168
FDP51,OUT013,1895.9747427232135
FDD48,OUT027,2988.198082402045
FDY39,OUT035,3291.5961349387867
FDO48,OUT010,685.4568541828755
FDD23,OUT027,5231.31921019207
DRN35,OUT027,1139.9618566690785
FDT01,OUT035,3616.5998331631017
FDC20,OUT010,189.99771772283978
DRJ35,OUT035,1049.6724316980117
FDB32,OUT046,1503.8402332771611
FDL24,OUT046,2933.9536710301977
NCV42,OUT035,1910.9064633564649
FDZ46,OUT046,1715.5446938428502
FDC15,OUT013,2429.50981112348
FDD08,OUT019,83.24353141589275
FDY50,OUT049,1435.5970810023202
FDD36,OUT013,1913.1785536909645
FDG57,OUT027,1409.1094268041084
FDL21,OUT018,627.3504045654388
FDN16,OUT027,2690.63927484709
FDJ09,OUT027,1221.4125885143335
FDS01,OUT010,473.1468315613595
FDV33,OUT017,4217.1071656736785
DRE12,OUT017,1881.1498752974035
FDR07,OUT013,1459.5760595226084
FDP48,OUT010,556.0493041631106
NCB55,OUT035,955.9609672749364
FDQ08,OUT013,983.0707444554645
FDR34,OUT035,3973.620283676968
FDO33,OUT046,1822.1988990834675
FDP13,OUT045,704.3306217203643
FDX12,OUT049,4019.988346965587
NCT06,OUT049,2678.7193554869164
FDR16,OUT019,510.5483867913473
FDE36,OUT046,2690.0461014110942
FDZ36,OUT049,3251.4915477840045
FDV13,OUT045,1353.3554244314107
NCZ17,OUT035,730.6914127610171
FDU56,OUT045,3088.1298863966035
FDM09,OUT035,2836.1462948908134
FDV02,OUT017,2957.9355731757196
FDS34,OUT018,1551.1544599980268
FDA11,OUT049,1547.389819974089
FDP09,OUT017,3640.1296994924596
FDB29,OUT027,2942.9547889227956
FDT19,OUT017,2972.9742440686678
DRH15,OUT017,731.88636233789
FDY38,OUT046,3808.378657989892
FDF14,OUT027,3732.01678597515
FDN48,OUT010,337.20524128950194
FDQ12,OUT013,3983.5302938151576
NCJ43,OUT045,2724.904996959145
FDE17,OUT019,397.7324534213336
FDB05,OUT035,4203.787706815036
FDH10,OUT045,2751.465228341849
NCR06,OUT017,731.5448920742249
FDU32,OUT018,1711.997304133934
FDD56,OUT049,2953.1457763140083
FDO36,OUT018,2650.7979055254223
FDH16,OUT010,335.3486760660063
FDX10,OUT018,618.7955326419317
FDZ37,OUT017,1399.640700969242
FDU31,OUT010,620.4358839751209
DRC49,OUT049,2264.9637785469827
FDL15,OUT045,2306.2083731980833
FDN32,OUT019,545.0211336062567
DRH59,OUT027,1868.716965283216
NCU29,OUT049,2530.8627948137328
FDR37,OUT019,547.3030884732348
FDS14,OUT018,2203.6336299281925
FDU02,OUT027,6109.5082211784165
FDJ08,OUT035,3286.4149806490423
NCZ06,OUT045,3864.232316247879
FDO31,OUT049,1308.6009013282114
FDH31,OUT018,1369.4471625810656
FDS58,OUT017,2707.0627644516326
NCA53,OUT027,1321.5860412980953
FDF50,OUT046,3163.745715431035
NCW42,OUT049,3776.7197921696056
NCQ17,OUT045,2370.7819536252055
FDK51,OUT018,3700.23954894901
NCW41,OUT010,425.5630709672152
NCR29,OUT017,921.2183666469535
FDB08,OUT019,413.7962639266729
FDA40,OUT027,2108.467552957737
FDL14,OUT018,2219.967570352218
FDB47,OUT046,3468.5498365138124
FDO03,OUT035,3954.9114154351723
DRK13,OUT019,535.1840746745768
FDX13,OUT010,653.511646915641
FDF52,OUT046,3099.396352287524
FDT11,OUT013,3123.966886254272
FDB08,OUT013,2593.1098560976857
FDQ28,OUT018,2245.9676518381143
FDD29,OUT045,3980.7473391042927
NCQ29,OUT027,6602.439155532656
NCO02,OUT013,1075.817296186619
FDR56,OUT010,538.2804201547581
NCM54,OUT049,2094.3063069121904
FDP51,OUT035,1966.4554768621176
FDT38,OUT013,1339.1996216529471
FDZ20,OUT018,3382.0715003380706
FDJ53,OUT013,1987.3612547203713
FDX13,OUT049,4113.384310626457
FDP58,OUT035,3678.98280652361
NCK31,OUT019,164.3927697311163
FDA35,OUT018,1821.4072234954283
FDV37,OUT018,2755.949650263743
NCO07,OUT027,5493.875139869832
FDA20,OUT045,3070.9462920122373
FDZ59,OUT035,2817.4824779411283
NCY17,OUT017,734.2146307391699
FDQ28,OUT035,2648.3117297617882
FDV35,OUT017,2561.1085722106736
FDQ36,OUT013,705.5518129606708
FDD34,OUT018,2310.9975927420646
FDK51,OUT045,4226.705425395086
FDV31,OUT035,2863.027831580877
FDR04,OUT035,1599.382514360729
FDR14,OUT049,911.0651558408355
DRC36,OUT010,461.46185352001356
FDE39,OUT019,423.3044601392924
FDP57,OUT049,1685.0480550415787
FDE57,OUT046,2245.2321465581194
NCN18,OUT046,1881.4258437772571
NCQ05,OUT018,2137.3019392007413
FDW47,OUT035,2019.0241136225575
FDV46,OUT035,2149.479356436664
NCP29,OUT045,992.193702022013
FDE09,OUT018,1461.1819844697284
NCU06,OUT027,6143.2790105109225
FDT19,OUT010,473.0218162401281
DRF15,OUT017,2403.9128037038904
DRI51,OUT013,2836.271771806697
NCX54,OUT013,1676.3715715797637
DRE01,OUT013,3936.8863710063165
NCB07,OUT045,3044.9889064640506
FDU50,OUT035,1962.815134657038
FDG40,OUT035,736.7744835681316
FDW10,OUT018,2449.145051656353
FDX51,OUT013,3177.2998330650503
NCP17,OUT045,1018.0212118831811
FDP21,OUT035,3307.389157747968
FDL04,OUT045,1579.2263523175861
FDV23,OUT013,2033.8973621088542
FDF24,OUT046,1305.787755877498
FDH56,OUT027,3071.289990389709
FDB51,OUT049,1002.6506343319137
FDI58,OUT027,2600.3402163861624
FDR20,OUT013,796.4674141678955
FDC51,OUT018,1748.9173619146636
FDB16,OUT027,2278.3287043433393
FDE40,OUT049,999.289018946587
NCM17,OUT035,748.3718710234787
FDU56,OUT035,3319.396143413916
FDS32,OUT019,371.2415285438276
FDX02,OUT049,3850.3333521663617
FDT39,OUT027,3705.5118216624865
FDE35,OUT017,917.758861639312
NCI42,OUT019,609.7495460951054
DRL23,OUT046,1672.4473861798622
FDA10,OUT046,1975.745831999156
FDA11,OUT013,1541.6424978375903
NCM06,OUT046,2459.8589840236227
NCT05,OUT035,4215.791445561971
NCQ02,OUT010,520.1065156239997
NCY06,OUT049,2136.899661788384
FDY56,OUT035,3913.322304762035
FDL02,OUT035,1748.5829962644605
NCI06,OUT035,3068.495462967417
FDQ14,OUT045,2301.3211598829516
FDQ12,OUT017,3997.149087351018
FDP36,OUT046,800.7407299198592
FDK21,OUT027,6180.568062340702
FDO40,OUT045,2364.404059218494
NCK54,OUT019,392.45680318084624
FDY09,OUT018,2497.8532206001437
NCW30,OUT049,4188.0058363174485
NCC55,OUT027,1134.1340561762524
FDE58,OUT018,1634.206150288976
FDR39,OUT013,3169.9396496484724
FDU28,OUT049,3105.342662714148
FDH08,OUT017,4039.372757283467
FDG35,OUT045,2584.232100749913
FDG22,OUT049,714.2206348166361
FDC34,OUT035,2690.878525848254
FDP15,OUT018,3308.8602761604275
FDK34,OUT010,713.2066943518076
FDU45,OUT035,1992.1342066388122
FDQ04,OUT027,1141.20993198866
FDX22,OUT018,3072.4718797107903
FDB45,OUT017,1609.30456597484
NCH43,OUT027,5507.037973645688
DRE60,OUT046,3720.7062307578394
FDD17,OUT027,6172.604559338806
NCM54,OUT017,2121.8895599693565
NCH55,OUT013,2050.526983467255
NCT06,OUT017,2634.6080398189197
FDA48,OUT027,5751.934468778463
FDY58,OUT027,6131.563342436886
FDO25,OUT045,3409.307226075326
FDN50,OUT045,1464.9871890100885
FDH35,OUT035,2686.7603335200824
FDK09,OUT045,3785.8367687288846
FDO16,OUT013,1350.9148456947298
FDW11,OUT045,1026.0198981629526
FDU47,OUT027,2985.847403635356
NCQ42,OUT010,387.1105525220919
FDK55,OUT027,2327.025903509496
FDN08,OUT049,1896.0778629070926
FDT57,OUT045,3901.759668363848
FDJ12,OUT018,3079.169948661265
DRL59,OUT017,844.0193732721553
NCN53,OUT046,712.1451933796725
FDO51,OUT010,92.20327800758872
FDK56,OUT017,3202.8943177140727
FDY12,OUT035,881.3299464239119
FDU15,OUT035,736.7744835681316
FDQ19,OUT046,3912.466657774881
DRF15,OUT045,2305.447212350142
DRE25,OUT019,337.9275007440657
FDK57,OUT018,1727.3347854698443
FDD33,OUT010,652.3781461525272
FDR34,OUT027,5835.874550343032
FDU04,OUT045,1907.0110629004905
FDE35,OUT019,214.3325400245953
NCD31,OUT035,2676.0976263081143
FDJ56,OUT035,1719.8499277063106
NCU53,OUT046,2582.836897493037
FDD39,OUT035,3670.3844825064366
NCU17,OUT019,363.45799061818184
FDJ20,OUT046,1981.7626538636734
NCW41,OUT018,2315.014110496591
FDL52,OUT035,739.6593620743982
FDS39,OUT035,2341.5800915983955
DRJ47,OUT045,2822.0383431587957
FDP13,OUT010,86.93884266037962
DRK39,OUT010,324.3170023001166
FDF28,OUT010,396.7005100815996
FDB09,OUT045,1940.2440522352942
FDM51,OUT046,1593.7351748098167
DRM49,OUT018,677.4937065415107
DRF23,OUT013,2904.3324048645004
DRH01,OUT035,2982.7570423522056
FDH12,OUT027,2640.4714055437266
FDA28,OUT019,382.86038493171503
FDW37,OUT018,1190.667288157981
FDF02,OUT046,1668.6241471633214
DRL37,OUT046,723.302266846692
NCF43,OUT046,2168.4779816919713
FDH08,OUT010,728.0950428842392
FDR34,OUT019,578.929632318508
NCK19,OUT049,3219.2966579493805
NCD55,OUT018,625.9876107994193
FDT27,OUT049,3905.6969875472
FDQ57,OUT045,2352.9316461978356
FDA47,OUT035,2758.720306831648
DRG15,OUT027,1965.4571580164252
FDE05,OUT018,2119.2448933139394
FDN46,OUT046,1669.6069408223536
FDX27,OUT027,2515.2844755903643
FDT51,OUT045,1684.0145566199405
FDU33,OUT013,726.9460508301585
FDJ16,OUT027,1738.6902609516455
FDD20,OUT019,407.8716530513151
FDT36,OUT049,711.0439151477603
DRF15,OUT027,3430.466818165327
FDN52,OUT010,329.4803783261811
FDC22,OUT027,5255.616370053197
FDX15,OUT045,2487.5258838854943
FDT13,OUT013,3141.375013593445
FDU04,OUT017,2035.697718000378
FDU31,OUT019,614.7994521122926
FDW59,OUT027,2223.7695819215805
NCO29,OUT046,2630.0474544045023
FDL15,OUT035,2452.838990446251
FDI41,OUT049,2522.9979613710516
FDQ48,OUT049,1610.9704616642464
DRI39,OUT013,914.2842854442727
FDI08,OUT013,4206.158716523408
FDC21,OUT049,1784.9398779892474
FDF58,OUT035,1073.5724285245844
FDS08,OUT010,477.0418717699327
FDE47,OUT045,1955.847518181804
NCP18,OUT019,406.6396474532573
NCR41,OUT013,1535.346856742329
FDA27,OUT013,4115.988864115579
FDA43,OUT035,3219.668435601277
FDA49,OUT045,1318.4528436450705
NCE55,OUT018,2660.3572599580602
DRM49,OUT027,1221.7610473627233
FDF22,OUT027,5653.429884123356
FDQ15,OUT018,1066.2274742953634
NCS54,OUT017,2983.1907208684606
NCY05,OUT013,708.9058051051798
FDR45,OUT046,3840.626237403039
FDK57,OUT049,2162.104529728449
FDF41,OUT010,710.8708033039276
FDV21,OUT046,2071.2892231429623
FDD51,OUT046,780.9717198820707
FDF33,OUT046,1772.4820836263475
FDA38,OUT046,3853.806268927958
FDR56,OUT045,3081.5071714530923
NCN41,OUT017,2016.7131144336788
FDC60,OUT027,2338.1592282840315
FDB47,OUT045,3346.751916842921
DRH01,OUT013,2910.0213873370867
FDW08,OUT046,1658.945121897122
FDF38,OUT027,1156.096445749549
FDY32,OUT017,2587.3689228523003
FDG34,OUT049,1723.1807904254993
FDG47,OUT019,811.9545959142133
NCF18,OUT035,3261.881701410041
FDL39,OUT019,502.54778230018644
NCH55,OUT035,2102.5918002590106
DRJ35,OUT049,994.9694231848105
FDS44,OUT035,3893.2099054539
DRE01,OUT018,3364.4359901212347
FDY39,OUT013,3206.547548072082
FDY32,OUT018,2260.793003901273
FDR33,OUT027,2890.2784344447577
NCP50,OUT049,1309.4571577711808
FDZ47,OUT018,1263.4730060342806
FDU57,OUT049,2465.6541717614055
FDY44,OUT013,3239.1042728607263
DRH59,OUT018,919.6738881774577
FDB03,OUT027,6044.834249474095
FDY46,OUT045,3041.7648267610116
FDM39,OUT045,2835.938905071156
FDY36,OUT035,1209.6604139290716
NCM55,OUT035,3186.4759075849315
FDJ50,OUT010,177.57882488360488
DRL60,OUT013,2421.930546923173
NCJ54,OUT049,3876.1614700237124
FDX59,OUT017,711.2120026120745
FDI07,OUT013,3296.2790792888845
DRF51,OUT010,87.53875132633424
FDM14,OUT017,1767.2737411851447
FDP21,OUT045,3074.153986718717
FDE40,OUT035,1106.3671990426747
FDE05,OUT035,2498.167162045487
FDM13,OUT027,2973.8812485144035
FDC34,OUT027,4010.288424480405
NCI55,OUT018,1820.7241702420686
NCE43,OUT018,2462.4208068440203
FDW58,OUT018,1353.2732923435012
FDG60,OUT045,3765.9304328074386
FDV31,OUT017,2822.412949223132
FDR47,OUT013,3208.003740767089
FDM60,OUT019,88.58397260964732
NCF06,OUT018,3488.692806506326
NCN26,OUT027,2985.609989072881
FDQ59,OUT049,1365.024299775055
FDF09,OUT046,709.1379229377026
NCS06,OUT017,4319.15740810758
FDT44,OUT046,1875.8337948879428
FDI19,OUT017,4029.473271146262
FDT22,OUT017,987.909580167854
NCF54,OUT027,4573.521737702951
DRG25,OUT045,3066.096192847366
FDB59,OUT017,3160.8783233741315
FDQ37,OUT017,3192.1086585631474
FDP56,OUT035,823.9962569642536
FDW44,OUT035,2882.671177270664
FDJ26,OUT010,603.2901827971482
FDU43,OUT018,3409.700803986899
FDW33,OUT045,1580.9072834553072
NCX53,OUT027,3291.293410476074
FDN56,OUT010,420.7628159982282
DRF15,OUT049,2407.8166134138114
FDO33,OUT017,1901.4622387391807
FDZ39,OUT010,363.6683573576819
NCJ19,OUT017,917.3362722466665
FDU01,OUT035,3283.5027438991624
FDT12,OUT035,3918.8739235734474
NCM18,OUT018,843.0202774913213
FDP19,OUT017,2081.235053209772
NCR42,OUT049,710.7379504939039
FDN10,OUT046,1878.072257885466
FDG44,OUT017,917.7790329044061
FDQ10,OUT046,2927.6790620220436
DRH13,OUT049,1664.8977744759381
FDT52,OUT013,4052.7408236335227
FDM56,OUT045,1697.0801424552703
NCO43,OUT010,379.249658779431
NCV29,OUT035,2913.303786250607
NCF06,OUT013,4081.648013121772
FDO50,OUT035,1530.0270964840142
FDT59,OUT013,3984.9325893102996
FDX40,OUT027,1132.3123866186852
FDE50,OUT017,3242.4675337457297
FDX51,OUT017,3217.6015988569798
NCD30,OUT018,1284.3088127018095
FDK15,OUT013,1660.2866039594626
FDL12,OUT045,971.8807570064986
FDK46,OUT017,4187.543317246088
DRH49,OUT010,315.77257428203524
FDQ57,OUT046,2447.3985839743364
FDY59,OUT017,1481.9372674098208
FDO09,OUT018,3429.2722454594095
NCG30,OUT035,2119.7980801422223
FDM09,OUT017,2676.0979640330975
NCN17,OUT027,2633.3576548413484
NCS42,OUT013,1424.00368649243
FDD02,OUT019,394.2979751965349
FDE34,OUT013,3199.86156131637
FDU38,OUT045,3075.756071203447
FDB33,OUT046,2641.0472646938
NCJ29,OUT017,1372.969114332071
FDZ27,OUT035,816.2209629654355
FDI40,OUT013,1603.3001564875524
FDG22,OUT013,709.7414769854638
FDT51,OUT017,1785.797578225033
FDF20,OUT018,2829.571880581539
FDV50,OUT035,2068.5784693185083
FDT02,OUT049,716.3596213412529
DRC49,OUT017,2544.5572132330094
FDF26,OUT049,2453.2702372761696
FDV52,OUT035,1957.7858676126245
FDX59,OUT049,711.8515751209859
FDV25,OUT035,3817.787243292456
FDW23,OUT027,1139.5639902015348
FDE53,OUT018,1361.3068312400885
FDA19,OUT017,2079.0772784628966
FDH22,OUT046,2063.8495735445135
NCO41,OUT013,1547.1103491356898
FDX12,OUT017,4037.30159865143
FDF17,OUT013,3216.8835329601015
FDS11,OUT045,3619.88897409914
FDR51,OUT035,2571.2478300209814
FDT49,OUT010,360.5224866877663
FDC56,OUT013,2014.9043478509172
FDR13,OUT027,2898.1495753335785
FDQ60,OUT035,1986.2784720864042
FDN38,OUT049,4053.094118972282
NCL29,OUT013,2576.915362444654
FDO13,OUT027,4123.297857040871
FDE26,OUT018,2106.5936329163537
FDA31,OUT010,456.910840212525
FDX14,OUT035,1199.3472808316008
FDA34,OUT045,2860.8720369649545
FDF26,OUT013,2463.65785206267
FDE38,OUT045,2664.476458835932
DRI11,OUT046,1872.3313343011391
FDQ60,OUT027,2659.3044460284286
FDL21,OUT027,1093.5767777218032
DRC12,OUT027,5268.502403964724
FDC47,OUT046,3811.6764370701085
FDE57,OUT045,2102.0116291031454
FDT14,OUT045,1954.2165074086731
NCZ53,OUT046,3170.891771679417
FDE28,OUT018,3334.6910079000368
FDR19,OUT035,2597.305884752123
NCF54,OUT019,460.0623437267841
FDZ08,OUT046,1288.0973473757613
NCJ05,OUT018,2171.3012571902473
FDF59,OUT046,2051.842671102721
NCO05,OUT035,1750.14627704014
FDW24,OUT018,705.7076653952322
NCX42,OUT018,2397.3620822192206
NCA53,OUT035,825.9046713954499
FDI45,OUT019,471.2687658689361
FDG46,OUT046,1899.30903350787
FDM20,OUT010,648.4269654123763
FDW11,OUT010,222.41903687322582
FDX08,OUT035,2963.867657904322
NCK17,OUT035,745.231815655416
FDK32,OUT018,2219.106002776911
NCA42,OUT035,2725.3389996934347
DRI01,OUT035,3015.1921369501265
NCL55,OUT049,4185.229715263602
DRE25,OUT018,1255.016704352513
FDD14,OUT017,3077.311052843011
FDB10,OUT046,3826.1446081225517
DRN11,OUT035,2506.543238401873
FDP38,OUT018,710.4060711631347
NCA30,OUT017,3114.465898170652
FDT15,OUT017,3123.0839594554986
NCP55,OUT018,768.5885807215448
FDF12,OUT035,2504.9819460190206
FDM21,OUT018,3397.7352239153256
FDX56,OUT035,3667.1709547741584
FDF10,OUT017,2444.7187147641193
FDT32,OUT045,3012.7683326516176
FDM51,OUT018,1372.3409568213121
NCR50,OUT018,2262.0663688882246
FDI19,OUT049,4021.672513521546
FDX21,OUT017,1663.9277791917862
FDR31,OUT035,2570.6824357438754
FDY02,OUT013,4252.055733912249
NCA29,OUT045,2806.6686317061226
NCX17,OUT046,3596.0661854572104
FDM12,OUT045,2947.189221115794
FDI53,OUT027,3937.162919518625
NCU30,OUT049,2711.0525939107656
FDC56,OUT027,3318.979392194941
FDK27,OUT018,1715.866173768265
NCK18,OUT017,2794.4197537775985
FDB52,OUT019,932.0428899448139
DRG25,OUT027,5243.673608474993
FDZ13,OUT049,838.1999591712951
FDB57,OUT019,658.1939132116561
FDR40,OUT046,1334.656120254718
NCO14,OUT019,98.51549649371862
NCN19,OUT045,2970.716227341636
FDQ28,OUT019,425.1923192648562
FDO13,OUT018,2279.581528824623
FDK48,OUT013,1313.257426435201
FDU07,OUT018,2118.920044393335
FDW20,OUT046,2000.5423770745588
FDV12,OUT010,386.9693165703019
FDH24,OUT013,2555.3607281408913
FDV59,OUT049,3622.8629427787646
FDK57,OUT045,2004.2658875835048
FDL16,OUT027,1218.974994017985
NCQ17,OUT046,2462.7249638650255
FDJ15,OUT018,2836.790154041975
FDX24,OUT049,1486.409480940816
FDT47,OUT046,1570.3667587362474
FDT10,OUT049,995.2416632720835
FDZ37,OUT018,1143.8477177869795
FDW43,OUT027,6322.691554572048
DRN36,OUT017,1537.3905114629342
FDJ14,OUT045,1245.9793104130895
FDA32,OUT013,3503.3659972968844
FDJ38,OUT019,547.0239044000211
FDQ57,OUT017,2462.34184984436
NCQ41,OUT019,537.0799750814657
FDG56,OUT049,999.7222266273699
DRC13,OUT027,3148.20976074474
FDV55,OUT035,2599.715203048428
FDQ49,OUT045,2402.1630870619288
FDE29,OUT010,216.55530199269901
FDR03,OUT013,3514.845608360232
FDD45,OUT049,1490.0790403508258
FDN38,OUT010,696.4415337013099
FDT56,OUT046,906.7469023032132
FDT48,OUT045,3178.865978137654
FDU03,OUT049,2971.883159176194
FDC56,OUT010,408.2748944790093
NCO43,OUT027,2699.325496039648
FDQ27,OUT017,1676.721500981856
FDR03,OUT046,3397.5183811868437
DRH23,OUT010,188.9667014276717
FDG22,OUT045,710.345362433789
NCJ42,OUT013,1677.0045215041753
FDR24,OUT046,1421.5254719534153
FDW60,OUT035,3000.639773950566
FDJ08,OUT013,3191.094840713413
DRL59,OUT018,736.5717010264325
FDG60,OUT010,596.4598561964282
FDW27,OUT017,2451.8745546555647
FDX14,OUT018,1065.3968179934423
FDC20,OUT013,912.911698329874
NCS29,OUT018,3403.246482041383
FDJ56,OUT046,1645.6964816354134
FDB20,OUT019,312.399182937611
FDL28,OUT027,6168.968074728802
FDW01,OUT018,2087.475345728007
FDL03,OUT046,3111.3661866601074
FDX22,OUT049,3685.923057056891
FDJ21,OUT035,2629.799760451822
FDR31,OUT045,2394.1299811259078
FDG21,OUT035,2649.4189613168332
FDS22,OUT027,1150.4184680441765
FDK08,OUT035,1632.9956898890166
FDE17,OUT018,2140.963353519457
NCN30,OUT017,1536.0609214036767
FDT50,OUT046,1519.6831495311533
NCX42,OUT049,2711.0205115441795
FDJ12,OUT035,3711.3352590820637
NCA18,OUT027,2779.545511231414
FDP23,OUT019,599.4269394075677
FDX12,OUT013,3999.5838784537423
FDN40,OUT018,2179.244188561123
FDV48,OUT035,1357.246574071555
NCY54,OUT013,2922.8705639634622
FDL16,OUT010,149.14828979301979
FDR45,OUT018,3148.5949178478277
FDJ52,OUT046,2561.9084176572464
DRG01,OUT017,1307.465350747112
FDP52,OUT013,3927.8139747956106
FDU58,OUT017,3189.30221677601
FDL02,OUT045,1589.0369227526462
FDG28,OUT013,4014.2495312188457
FDA19,OUT035,2105.7777751765575
FDW46,OUT027,1949.8273432348276
NCD43,OUT049,1666.1401952077235
DRG39,OUT013,834.8084230756566
NCF55,OUT049,716.0873812539799
FDJ07,OUT046,1880.5050249559547
FDE08,OUT046,2441.672766959669
FDP56,OUT019,160.20478720325866
FDT45,OUT045,840.8383093695105
FDF17,OUT018,2831.781008710441
FDX44,OUT046,1375.5707525355135
FDM28,OUT027,4708.315461696997
FDI36,OUT049,3256.907532434432
FDS07,OUT045,1788.4931917904412
FDD36,OUT045,1796.1420758215522
FDW11,OUT046,986.0771412424665
FDN40,OUT049,2514.696349710675
NCQ18,OUT049,1565.053998203195
NCQ54,OUT017,2818.313314892089
NCS42,OUT045,1393.9600281670123
DRH39,OUT010,299.69102981459616
FDC09,OUT027,2508.9187001478654
FDT08,OUT010,402.9610293753998
FDC08,OUT035,3936.2178593019794
FDT20,OUT017,712.0476744923585
FDS35,OUT035,1119.0894250973613
FDX58,OUT018,2829.3545310595464
FDW58,OUT046,1637.3760454201033
DRD27,OUT046,1580.3833670564081
FDH32,OUT019,365.2973710943009
FDS26,OUT035,4157.9275209215
FDQ31,OUT046,1363.8592638172865
FDP11,OUT018,3099.418876270716
FDD58,OUT017,1602.5221995298043
FDM33,OUT045,3386.997845791153
FDZ16,OUT049,3248.4236588444505
NCS29,OUT010,1028.8496844176964
NCM18,OUT019,232.92886114953285
FDP11,OUT049,3644.0897124096055
NCC42,OUT017,2165.6660857828574
DRM23,OUT046,2888.1500354065797
NCN55,OUT027,6116.111095815027
FDK46,OUT013,4145.998055432674
FDR01,OUT046,3227.7882737183436
NCA05,OUT045,2285.5036154473646
NCP43,OUT017,2917.260679431672
FDR12,OUT010,417.5107640697414
FDQ01,OUT013,3925.447958199783
FDM13,OUT046,2037.9848201262896
FDQ19,OUT017,3986.4325373303686
FDK56,OUT019,528.8439900451513
NCX06,OUT010,556.2916366915827
FDO56,OUT027,2773.559003686819
FDU45,OUT045,1793.5012598494286
FDI16,OUT019,190.72810255628391
FDL32,OUT046,1860.9206238710055
FDA07,OUT046,2021.400820519637
FDA14,OUT045,2303.479869064083
FDV46,OUT027,3212.9800415046293
NCO07,OUT035,3522.874532461417
NCP41,OUT046,1656.4983701573178
FDY60,OUT018,1854.8510820846877
FDN38,OUT017,4034.5653892885757
FDO15,OUT046,1160.8669418451004
FDT60,OUT013,2023.1756178337243
FDA55,OUT035,3947.493744602095
FDE02,OUT010,336.2011695998996
DRJ39,OUT049,3741.893503257352
FDV34,OUT035,1196.4639050072844
FDS20,OUT027,5401.022666242471
FDF02,OUT027,2712.426961180217
FDW40,OUT017,2267.1448916094955
NCB43,OUT046,3126.639096736422
FDR58,OUT017,1440.9670864098885
DRJ59,OUT035,751.2909522144053
NCD30,OUT017,1603.309189423861
FDE14,OUT017,1554.241166293492
FDC28,OUT018,1365.8364116398075
FDU16,OUT018,1090.4941968780142
NCD19,OUT035,963.1435737377907
FDU21,OUT046,700.7635396557262
FDV59,OUT027,5598.596683084652
FDU03,OUT045,2963.792559359277
FDC33,OUT010,569.3536754324276
NCR42,OUT035,733.2917992453994
DRH59,OUT035,1197.8138930162345
NCM31,OUT035,2228.85836854609
FDS50,OUT035,3914.8263682434426
FDP39,OUT046,850.3858112491944
FDQ55,OUT013,1947.6031581081704
FDV36,OUT019,395.49546373612355
FDI05,OUT027,2319.5996402467995
FDS45,OUT027,2710.4208540752193
FDA39,OUT045,705.293272899358
FDC37,OUT010,374.05607580186813
FDJ60,OUT027,4248.294499976764
DRQ35,OUT046,2096.8798170853606
NCJ06,OUT046,1945.333171263566
NCY42,OUT018,2191.0380899887796
DRM37,OUT049,3287.5508020190596
FDR14,OUT045,811.6815762063088
FDE51,OUT049,727.2958489771158
FDT33,OUT017,2715.4633716432727
FDR08,OUT013,1851.4530750993304
FDE36,OUT010,451.7101001909485
FDL22,OUT019,335.6517120077207
FDR44,OUT013,2071.6193211644236
FDI56,OUT019,332.45252776789886
FDE47,OUT010,373.24873935415303
FDV27,OUT010,321.00152056096744
FDV10,OUT049,721.8422950236364
FDC40,OUT045,1249.4912710946344
NCX41,OUT013,3517.019842290322
NCQ38,OUT027,2660.3709564892038
FDV12,OUT027,2744.9295171479584
FDE52,OUT017,1556.0217563867297
FDG20,OUT027,4695.90772179964
FDV16,OUT027,1132.3123866186852
FDI32,OUT017,1908.9308731969447
FDJ32,OUT049,1001.8149624516296
FDN39,OUT018,2433.2251180128346
FDY34,OUT017,2777.1413426854388
FDC14,OUT035,747.5735129839443
FDA55,OUT017,3898.7473811200616
FDZ50,OUT010,452.7858744333546
DRG13,OUT049,2770.42970957791
FDP01,OUT013,2396.7941417386974
NCG54,OUT017,2971.9450230635275
FDM13,OUT045,1941.9245058335007
NCO18,OUT027,4861.978335492631
NCW41,OUT013,2563.954608474393
FDM52,OUT027,3836.1035459901473
NCF55,OUT035,743.6545545725235
FDT09,OUT046,2123.757606002255
NCM19,OUT035,1991.8767258196656
FDW12,OUT018,2112.763368864404
FDP15,OUT019,618.3554025416754
FDK36,OUT045,779.8420573784673
FDZ25,OUT035,3059.156589719864
NCW06,OUT049,3176.4091045887235
FDW60,OUT046,2944.437021791283
DRC49,OUT013,2520.15268969798
NCT17,OUT035,3306.689572025681
NCN06,OUT018,2316.593706040741
FDC45,OUT013,2818.578096729479
DRJ47,OUT019,473.0832978825077
NCF06,OUT045,3904.7223830536846
FDE21,OUT010,420.5281391695184
DRG27,OUT013,713.7609416757793
FDW40,OUT049,2195.97074616097
NCO53,OUT046,3167.2020605068537
FDE23,OUT049,734.5296752464109
FDQ16,OUT046,1742.7327088630286
FDS26,OUT045,3920.272561284958
FDZ13,OUT010,149.33964671727338
FDS14,OUT049,2455.0666948259995
FDC10,OUT045,1779.5825800333396
FDY16,OUT049,3245.1931351872568
FDJ20,OUT035,2075.2623744868883
FDV43,OUT035,734.3777718529842
FDZ32,OUT027,2500.403095118958
FDR23,OUT046,2909.010109148653
FDN24,OUT035,908.8391865599336
FDE34,OUT027,5218.019207288087
FDU31,OUT013,3593.337733494864
FDW33,OUT018,1378.913515070248
FDU26,OUT046,1873.6862252919288
FDE20,OUT027,4420.202030811873
NCW05,OUT035,1849.3044855562923
FDB22,OUT018,2144.367510756768
FDO56,OUT046,1865.9812919349026
FDA19,OUT027,3279.8024708935645
DRI39,OUT045,885.1104841614238
FDH52,OUT018,810.5492288811076
FDZ50,OUT035,3169.6880252906503
NCN42,OUT035,2591.757931732753
FDB53,OUT013,2528.8649515913476
DRG11,OUT017,1726.5235504195934
DRK11,OUT027,3642.6291230739425
FDQ60,OUT017,2008.0949952793867
FDT36,OUT017,710.4043426388489
DRG25,OUT018,2791.1159039753916
DRJ23,OUT046,3159.565499476878
FDG05,OUT035,2639.790904133324
NCK06,OUT018,1718.4682210732392
FDU52,OUT017,2451.1628851160785
FDW07,OUT018,1154.7363767919019
NCM17,OUT045,719.8240218524612
FDA22,OUT045,2712.109480139598
NCA41,OUT018,2847.8786140857737
FDF38,OUT035,748.1328664785168
FDH52,OUT046,991.3892926939199
FDY58,OUT019,665.7975482595348
FDZ16,OUT045,3083.675324707152
NCM18,OUT017,1024.7799553010364
FDA22,OUT018,2459.7624220319553
NCJ43,OUT035,2904.241000781847
FDI34,OUT027,6051.884182047565
FDG56,OUT046,1006.5367457238877
FDS34,OUT046,1864.9857713069666
DRC01,OUT035,837.7286735755463
FDQ04,OUT035,735.536523154847
FDK04,OUT035,960.5501393167906
FDT51,OUT049,1785.2489796009916
FDV26,OUT017,3237.8061299335086
FDS04,OUT049,2186.0420559796767
FDW43,OUT018,3371.008466827538
FDQ28,OUT010,425.97662850558277
NCK06,OUT017,2021.05698362778
FDS23,OUT018,1780.5181316033747
FDZ36,OUT019,539.3912262606304
FDE56,OUT018,829.8013816902306
FDW10,OUT027,4729.690478560992
NCN14,OUT045,2930.877836218141
NCQ18,OUT045,1494.2947367824172
FDW08,OUT017,1674.8219562922525
FDU43,OUT035,4127.576138359356
FDR33,OUT010,372.6050959858251
FDM24,OUT010,400.7923600744726
NCZ05,OUT046,1648.6692075480626
NCV41,OUT035,1937.582372477004
FDV11,OUT018,2497.0680957058235
NCY05,OUT035,735.9388116878475
FDV44,OUT018,2738.3805372587694
FDW32,OUT049,1313.3424190447442
NCU18,OUT027,3290.6413908736195
NCC43,OUT035,4152.336029055374
FDW19,OUT013,1800.2427323745655
FDN31,OUT035,3221.465128939728
FDI48,OUT045,788.198287947734
FDS24,OUT017,1352.0471147494952
FDF46,OUT049,1902.3213660743272
DRG23,OUT017,2421.803005890878
FDG14,OUT018,2223.785906744557
NCY30,OUT049,3013.1891113516413
FDO28,OUT018,1710.9144900380018
DRD24,OUT035,2215.2599309844027
FDI33,OUT049,1486.2870178774099
FDN32,OUT046,3188.9512301850555
FDR16,OUT045,3302.6870165482383
FDF26,OUT046,2455.6018189410506
NCN29,OUT018,701.9191511804972
FDE20,OUT045,2691.276580822763
FDA46,OUT046,3176.7277374006244
FDU28,OUT045,2937.2090547431944
FDQ48,OUT045,1521.5309258317816
FDV36,OUT013,2099.692938865634
FDR14,OUT018,744.9444256617209
FDP23,OUT017,3622.421348412801
FDP56,OUT013,802.6788649630596
FDK48,OUT010,306.70946617055984
FDR48,OUT046,2410.1527063927538
NCY29,OUT049,915.168584589972
FDM22,OUT018,760.9020572175815
DRJ01,OUT013,2566.7451442530987
FDZ43,OUT045,3822.3244069635516
FDV03,OUT035,2648.707898495748
FDX11,OUT027,5148.744484523564
NCA41,OUT027,5292.058062858131
FDE38,OUT017,2800.278287527791
FDI27,OUT018,697.8056946045685
FDN32,OUT013,3231.865829771656
NCN43,OUT017,2040.8912415211526
FDB47,OUT027,5644.535687554582
FDV03,OUT017,2598.5771718255282
NCN30,OUT045,1461.1766453047385
NCV54,OUT010,377.2066755620194
FDV07,OUT013,1736.471430890537
FDP07,OUT049,3188.1083802133417
FDK48,OUT018,904.5570969756076
FDM15,OUT019,415.90176389803594
FDY19,OUT027,3137.9766950740645
FDK46,OUT046,4105.902449666751
FDY11,OUT045,1036.3130956313091
FDH09,OUT046,873.5429466901725
FDO08,OUT027,4157.442608702213
FDU14,OUT013,4128.6526357058665
FDD22,OUT027,3123.433450530637
FDM27,OUT017,2589.4904287821723
FDL02,OUT027,2712.426961180217
NCA17,OUT035,2561.8998804631656
FDE38,OUT019,445.0107521350229
NCG07,OUT049,3244.01321477933
DRC27,OUT013,4051.268987579564
FDA27,OUT035,4182.7178380216865
FDW40,OUT045,2074.7368879104692
DRI11,OUT013,1885.2273677195415
FDN50,OUT046,1525.5814690275636
FDR12,OUT046,2826.089412824653
FDT34,OUT027,2670.802415561547
FDW11,OUT035,1046.6882265685163
NCO30,OUT027,5090.478062185406
FDZ34,OUT017,3189.7289073203256
FDU45,OUT017,1902.877141147273
NCD42,OUT035,738.5322461088476
FDX25,OUT045,2887.3845419755776
NCR29,OUT046,911.9118489925629
FDX43,OUT019,404.40281931973925
FDB04,OUT010,325.18132910968365
FDR49,OUT027,1346.1857826620574
FDS39,OUT018,1938.6234449782773
FDW58,OUT045,1542.2018895375036
FDG22,OUT019,79.82187151918698
FDG31,OUT017,1034.9995586992538
NCV53,OUT027,5954.934126589925
DRJ37,OUT035,2605.8450331829704
FDV07,OUT035,1877.9313595324788
FDW52,OUT018,2431.174637114735
FDT15,OUT045,2941.2423667214066
FDD02,OUT018,1587.4858998361337
FDM16,OUT035,1222.634794684167
NCE55,OUT046,2904.175965763807
FDB57,OUT018,3252.9610371493986
FDQ04,OUT013,714.931469227564
FDQ47,OUT019,82.30250073528622
FDY14,OUT019,738.2197288185099
DRK37,OUT017,3253.8543843713237
FDO25,OUT017,3629.4250732089304
FDL57,OUT046,4103.402896101437
NCK29,OUT018,1723.0508046659822
FDK46,OUT027,6392.854662142656
NCB43,OUT010,545.0268208085762
DRE01,OUT027,6143.622787188904
FDC46,OUT018,2844.518336887931
FDQ23,OUT045,1588.4765231360814
FDX38,OUT049,800.1140932420138
FDG60,OUT018,3294.885159921268
FDW55,OUT017,4028.7997237911927
FDP39,OUT013,794.5026113627146
FDB20,OUT018,1067.3778613606914
FDV21,OUT017,2081.235053209772
FDZ02,OUT013,1518.572190713826
FDP19,OUT027,3399.487692274874
FDA38,OUT035,4110.6094234806105
FDH22,OUT045,1971.9065633046955
DRM11,OUT045,3998.369867662171
FDO12,OUT027,5294.189204338279
FDT14,OUT049,2067.1409889688794
FDW34,OUT010,710.8398135805364
FDG04,OUT027,4920.684369043345
FDW59,OUT018,1124.099726475487
FDR33,OUT018,1421.9176841871927
FDP32,OUT013,2066.849027484494
FDL13,OUT027,6252.124991721518
FDD22,OUT013,2003.3841768349469
FDV40,OUT027,1864.7027293801539
NCD55,OUT046,721.2728945089098
FDQ20,OUT010,89.59723929277175
FDD28,OUT045,882.7384698451867
FDC39,OUT045,3398.0499543291853
NCR17,OUT049,1944.1249538735688
DRO35,OUT018,1676.1798504637025
FDF40,OUT049,4124.769146995688
FDR31,OUT018,2178.089062616276
NCQ41,OUT017,3234.6343377517987
FDP38,OUT046,798.1886200923661
NCU54,OUT027,5645.39355941463
FDG22,OUT018,627.9186895423493
DRK59,OUT013,3816.248562790025
FDC37,OUT046,1675.4014542015177
NCO42,OUT013,2384.888532436323
NCT42,OUT017,2436.372443676962
FDX27,OUT035,1562.1514434262579
FDV40,OUT018,933.0733259677121
FDT45,OUT027,1578.7195106694553
FDS47,OUT019,324.81997359722897
FDR45,OUT035,3907.1710041150004
FDB03,OUT045,3765.801765187456
FDO49,OUT035,880.9384302886662
FDU60,OUT027,4339.6733776384635
FDB26,OUT018,729.5562270107314
FDB46,OUT017,3573.1034076529977
FDQ37,OUT019,471.2473442533947
FDN03,OUT017,4230.1825391013645
NCX30,OUT045,3938.1838031954276
FDK32,OUT019,420.83850903225016
DRM47,OUT013,3222.06275375345
NCO02,OUT046,1104.7278768645563
FDP04,OUT013,1073.2245405802646
NCO43,OUT049,1677.6291771880803
FDD59,OUT013,1308.52952388907
FDQ10,OUT017,2984.422320303702
FDW45,OUT035,2597.71736107726
NCK30,OUT049,4130.646438215311
FDU31,OUT018,3059.4867254586366
NCQ17,OUT019,400.98266033671564
FDN01,OUT017,2829.09524401365
FDZ19,OUT049,2939.4318805260455
DRG37,OUT017,2466.0110956038225
FDE32,OUT045,698.2006026653178
FDO34,OUT049,2824.633981654997
FDM04,OUT019,154.16644011306283
FDZ25,OUT049,3000.9003137154846
FDU08,OUT049,1617.1572156537802
NCW30,OUT045,4007.6882337837246
NCM18,OUT013,1015.1223147005661
FDS22,OUT035,753.9175145624471
NCH18,OUT017,4024.776008649317
FDC23,OUT013,2983.283014697438
FDY46,OUT013,3179.3099289979414
NCU06,OUT046,3868.1202229223773
FDX57,OUT045,1477.2117529469006
FDX36,OUT027,5807.806235929485
FDL16,OUT045,780.8712502471061
FDT16,OUT010,755.2446940249841
FDN16,OUT018,1374.794320878488
FDC03,OUT046,3182.051240759002
DRF60,OUT013,3950.5509837233317
FDS27,OUT027,5173.299918568794
FDP33,OUT010,740.8849864066119
FDJ36,OUT018,1367.6864504813364
NCR42,OUT013,706.2587926627316
FDV14,OUT017,1345.9517693895134
NCP42,OUT035,3301.789870770349
FDB50,OUT027,2345.8612267593553
NCC30,OUT027,4613.848803124926
FDA23,OUT018,1376.1755418932987
FDW16,OUT017,1494.652015006977
FDQ52,OUT010,486.57362402779876
FDB58,OUT049,2365.1808507802884
NCP29,OUT049,1079.0418195468594
NCM05,OUT045,3962.67303863456
FDO25,OUT013,3552.694536830276
NCM54,OUT046,2097.7055762584073
NCL54,OUT046,2922.1641474278326
FDL39,OUT010,507.970975586105
FDF53,OUT018,2636.320464133601
NCQ42,OUT035,2147.0709815595956
FDF58,OUT013,1027.904822855241
FDZ04,OUT035,1116.7677772382008
FDE26,OUT019,371.79403659730286
FDS60,OUT017,2736.7029763009446
FDV58,OUT017,2894.5836370169586
FDM04,OUT045,802.0483445960167
FDE08,OUT035,2514.0770205580725
NCB43,OUT049,3219.5835552602352
FDU11,OUT010,387.9431453916125
FDF22,OUT019,603.7732976776568
FDE24,OUT013,2144.6275130986887
DRJ49,OUT046,2084.7011629663953
NCQ53,OUT035,4027.5534382189207
NCL41,OUT013,708.4803292573707
FDR22,OUT013,1830.5674019230596
FDH04,OUT035,1507.810218795469
DRH15,OUT045,705.7367984517497
FDY40,OUT049,800.4575381664018
NCI17,OUT035,1606.4049853206923
NCC18,OUT013,2854.8358640693136
FDY28,OUT027,5619.338145194227
FDB45,OUT027,2773.6543872310585
NCL30,OUT018,1884.5546490449383
FDM10,OUT017,3590.80984182042
FDH22,OUT027,3193.9512922427953
NCZ53,OUT017,3253.3738192555966
NCI18,OUT013,3719.9687997286633
FDH14,OUT027,3225.9968763419247
FDR36,OUT027,1145.8757051966838
FDW01,OUT045,2307.3285447155517
FDK02,OUT027,3011.429100527854
FDJ02,OUT018,2096.7373414174713
FDU55,OUT013,4252.518062215734
NCV18,OUT027,2566.8183043169697
FDH14,OUT018,1769.1035307879467
FDZ37,OUT045,1365.0282691833263
FDX49,OUT049,3831.90213988639
NCD43,OUT046,1652.9050136810565
FDZ07,OUT013,994.5040484069846
FDK43,OUT035,2133.509646740756
FDR32,OUT018,3276.7852596565176
FDT39,OUT013,2461.530016621908
NCV54,OUT017,1978.9329715931278
FDF38,OUT018,619.2176191931885
FDV60,OUT046,3110.0878272402097
FDH44,OUT027,3827.409742982988
FDS21,OUT046,993.0063621089911
NCL41,OUT045,700.2548160148376
FDM46,OUT017,1531.0696079026552
FDU27,OUT045,779.9273621912297
NCJ54,OUT017,3883.7818130306036
DRG51,OUT018,2316.2649675898974
NCA29,OUT019,455.31308485836445
FDR47,OUT045,3071.064359607936
NCL19,OUT027,3264.978896208573
DRG01,OUT049,1255.9779587417584
FDG10,OUT046,909.1483878092714
NCV05,OUT049,2450.6099149230827
NCH18,OUT019,681.8237296481302
FDV14,OUT018,1129.9698079296966
DRJ23,OUT035,3288.4874495300965
DRJ11,OUT046,3154.944159331717
FDZ03,OUT017,3234.551484003349
FDI27,OUT010,149.9156300545667
FDJ14,OUT018,1083.3798448628163
FDU32,OUT017,1997.6128968837652
FDD47,OUT027,4685.825161802638
DRF36,OUT035,3322.002838037461
FDM21,OUT046,4011.4215017445426
FDV10,OUT018,628.3638515320528
FDH60,OUT018,2826.8345569789444
FDX47,OUT010,406.2401035396863
FDT19,OUT019,474.81565701431464
FDO11,OUT045,3911.442529417049
FDH24,OUT027,3967.315360783225
FDL02,OUT018,1370.0704048963503
FDB02,OUT049,2977.3608798331834
FDA43,OUT046,3108.457667731502
FDG52,OUT045,782.1384661056903
DRC12,OUT013,3136.95384029287
FDY37,OUT018,1934.6168901331223
NCU18,OUT045,2049.0956229524977
FDU09,OUT035,1037.4378494222426
DRJ25,OUT027,1423.506319842831
DRE12,OUT018,1567.1876068406757
DRL47,OUT017,2028.080216402807
DRK01,OUT046,1524.7978429175746
FDC22,OUT019,530.4636018645729
FDG44,OUT013,873.6942578628979
FDW04,OUT035,2246.1084165398033
FDK09,OUT049,3967.212967627482
NCN43,OUT035,2073.44242915219
FDG04,OUT049,3118.9668334295206
FDH32,OUT010,361.8465917494262
DRI47,OUT017,2482.8420757064637
DRE15,OUT013,1164.6302523657032
FDY11,OUT035,1158.1021504961438
FDO60,OUT049,732.4596878121512
FDQ20,OUT018,619.5596252505918
FDO57,OUT027,4031.572062819674
FDT14,OUT019,396.0553157813621
FDA57,OUT049,721.943966492614
DRN35,OUT017,711.0140294398595
FDJ03,OUT046,799.9148995905666
FDX28,OUT017,1707.7821109858328
DRE25,OUT045,1395.5057766395669
FDR09,OUT046,4120.05249149271
FDB23,OUT035,3834.154317720117
FDO08,OUT045,2478.42439422756
FDQ23,OUT049,1682.3192045109486
FDW04,OUT013,2176.0509251946733
DRK13,OUT010,552.4515794929588
NCL17,OUT027,3357.2715739438718
FDY21,OUT035,3287.1286503554666
FDJ38,OUT027,5200.210210291296
FDA37,OUT019,388.0436100022267
FDV43,OUT013,726.0710454319434
FDL36,OUT046,1460.1127061500908
FDD53,OUT045,707.97419634155
FDZ19,OUT010,445.3158808577171
FDV21,OUT045,1970.261433355428
NCL54,OUT018,2614.096262614297
DRI47,OUT027,3722.886829973077
DRG03,OUT049,2582.345716179951
FDG21,OUT013,2591.0548422112574
FDW03,OUT018,1405.6233588616226
NCI55,OUT046,2085.2718675281612
DRC36,OUT019,460.85865339162035
FDH22,OUT017,2082.88018315904
FDV20,OUT045,1980.0693780535103
NCU41,OUT027,5307.929948725339
FDN46,OUT027,2725.774796334109
FDK50,OUT045,2603.4447065232903
NCA05,OUT027,3649.2374550398868
DRH01,OUT018,2607.139165826493
FDT08,OUT018,2178.1993762871443
FDM08,OUT018,3290.3892273676634
FDZ07,OUT035,1035.365257393745
FDS22,OUT017,801.47767305473
FDV35,OUT027,3926.781059463477
FDI28,OUT010,312.02126884692734
FDW58,OUT027,2656.7976072086904
FDT52,OUT045,3890.4100801234326
FDY34,OUT046,2669.882539381261
FDR10,OUT046,2552.6763468020904
FDK57,OUT017,2129.5570601729996
FDR02,OUT027,2795.358896035782
FDX49,OUT046,3734.717677906477
FDQ20,OUT046,717.6005201689268
DRK23,OUT045,3889.669656175544
NCW06,OUT046,3110.6468118007033
FDR31,OUT017,2520.5517090736557
NCE43,OUT013,2797.420339587181
DRO59,OUT027,2163.7241213011753
FDN09,OUT049,4095.593294207336
FDR11,OUT046,2620.5116285883005
FDO57,OUT013,2541.285570106349
NCX18,OUT017,3155.9469309701376
FDB05,OUT018,3514.4343080167846
FDQ08,OUT018,815.9988863245112
NCG43,OUT035,1544.2296985031267
FDJ56,OUT013,1661.4374331612353
FDA13,OUT010,83.62144550657636
FDO56,OUT017,1881.9997468021518
FDB37,OUT018,3218.171675664986
FDZ02,OUT018,1263.9547410423183
FDQ24,OUT046,4061.928622392386
FDM16,OUT013,1156.5625846923804
FDU35,OUT049,1612.409198463981
FDT35,OUT035,2718.5032564638263
NCX30,OUT049,3932.2644386504376
FDG04,OUT017,3147.1007176169737
FDI12,OUT035,1394.6372745637584
FDE35,OUT035,1027.9146498989223
NCP14,OUT027,2752.8077210630117
NCY53,OUT045,1732.9725848967892
FDP49,OUT017,907.0326039504374
FDQ04,OUT017,717.6005269980402
FDM39,OUT035,3075.450364184415
FDO58,OUT019,437.56333313737645
FDC56,OUT017,1959.0931456067167
NCQ54,OUT046,2757.1542088317915
FDV10,OUT027,1145.126687815387
NCK17,OUT046,717.6005201689268
NCF55,OUT027,1140.686984133135
FDV33,OUT013,4194.69707998902
NCH29,OUT019,339.19058810528304
FDA37,OUT027,3224.776438936631
FDH46,OUT018,1377.554402413622
FDS25,OUT035,1894.764728780535
FDH04,OUT027,2348.91987601606
FDX52,OUT046,3157.2089440522586
NCD42,OUT017,717.0553526970479
FDW47,OUT017,2022.5695984689994
FDL25,OUT027,2363.0345704751276
NCJ06,OUT010,374.22626469597407
FDY09,OUT013,2816.272487244922
FDS40,OUT046,707.0463684732653
FDH41,OUT017,3573.5530846221
FDG38,OUT035,1442.7690847606616
FDU03,OUT027,4839.576057710376
FDV20,OUT046,2065.9201187517137
DRB13,OUT045,2928.253300403535
NCQ30,OUT013,1958.6133426025267
NCH06,OUT013,3869.7412788737406
FDU50,OUT018,1562.6798374332752
NCO42,OUT019,403.793046113078
FDW09,OUT018,1075.5303819780684
FDH04,OUT013,1420.5173416433938
FDC21,OUT045,1568.5546430139896
FDL21,OUT049,725.739477390713
FDM46,OUT010,335.9456244728467
FDT22,OUT019,218.24838519132928
FDB28,OUT035,3161.7136885930013
FDI12,OUT018,1151.9848925663678
FDA28,OUT045,1979.5562767271715
FDF59,OUT013,2061.684716539425
FDM45,OUT027,3159.6021071185924
FDQ56,OUT017,1342.3357267740419
FDR46,OUT049,2467.20084814912
FDT01,OUT013,3538.127178938744
FDD16,OUT027,1918.7654349711595
NCU30,OUT010,436.1588103339291
FDM40,OUT010,360.0508403503632
FDI56,OUT035,1557.5909535862236
NCS30,OUT013,2073.9107782958336
FDU08,OUT017,1617.7058142778217
FDX51,OUT027,5223.021358632964
FDA43,OUT045,3002.086607523059
FDX59,OUT010,81.9283623079461
FDC37,OUT018,1375.5366494182076
FDP58,OUT013,3554.8376752362906
NCY42,OUT035,2294.3348895037484
FDF21,OUT018,2819.9713554725745
FDU10,OUT027,1141.6510538427465
DRL47,OUT018,1713.5904384353857
FDA58,OUT018,3198.9431404297593
FDJ22,OUT049,3109.3483320324744
FDK50,OUT046,2654.1321531129556
FDO38,OUT035,1373.7461317472894
DRF60,OUT035,4030.0326467769387
NCZ42,OUT019,724.9992355055732
FDD35,OUT049,1954.2747587375127
FDL25,OUT045,1396.324431848233
FDJ16,OUT013,912.7232478713833
DRK59,OUT049,3929.852244597562
FDI50,OUT046,3808.872255228548
NCB19,OUT045,1325.6402021742738
DRI37,OUT035,1024.9706078063366
FDA14,OUT027,3648.88008572227
FDC08,OUT018,3342.6947335320315
FDS45,OUT046,1673.2258044824903
FDI21,OUT049,1077.9134143477575
DRJ47,OUT035,3014.6578360992658
DRE37,OUT027,5045.680296946029
FDT55,OUT018,2354.3673336564307
NCG42,OUT027,3197.7823379562446
FDA31,OUT049,2872.607588530545
NCW42,OUT046,3658.808248496006
FDF50,OUT017,3236.2236478357445
FDK56,OUT049,3206.7981274239937
FDX10,OUT035,727.8968772175579
NCK07,OUT027,4135.709629205825
FDZ49,OUT017,3768.7384180957406
FDR33,OUT013,1720.9035724392108
FDO44,OUT018,1511.304758585281
FDA20,OUT046,3173.474736298056
NCL30,OUT045,2077.7820575479936
FDI05,OUT019,305.35498864454263
FDQ12,OUT018,3311.7541461523497
FDH47,OUT017,1539.169729873148
FDH34,OUT018,2823.00705099852
FDF29,OUT046,2119.3808742107103
FDG40,OUT018,612.2287042502711
NCE18,OUT017,4123.001635238611
FDP21,OUT010,550.5149201345945
FDY50,OUT013,1400.3146843487143
FDB36,OUT049,2123.109005989684
NCZ29,OUT049,2074.6851487864733
FDU20,OUT018,1622.4398631177032
FDO56,OUT013,1874.1779250878126
FDW31,OUT049,3139.739417109237
DRH59,OUT013,1152.808371216335
NCB30,OUT017,3224.9919191790686
FDK43,OUT027,3202.4951914195326
FDW43,OUT045,3822.6422815927926
NCL19,OUT017,2204.056105905311
FDJ27,OUT046,1645.2611920555873
FDC45,OUT046,2666.1068330026146
FDY40,OUT035,826.7111794669681
NCM41,OUT035,1504.5985881082258
NCK18,OUT019,438.7341068976633
FDP37,OUT049,2118.394041068102
FDA27,OUT027,6307.0008656705295
NCX30,OUT035,3974.6401011020425
FDR09,OUT017,4149.278443861781
FDG08,OUT027,4802.200993419828
NCU30,OUT013,2692.8031553268197
FDB16,OUT017,1382.3839373668281
FDM16,OUT017,1153.1457319278636
FDC48,OUT013,1312.9967649971472
NCF18,OUT046,3132.5972485345947
FDU46,OUT018,1148.4262230958896
FDH41,OUT018,3049.690292815973
NCN42,OUT010,416.4804089730473
FDU49,OUT046,1408.6133985109147
FDB20,OUT027,2316.0192273710027
FDG50,OUT019,326.98014983398843
FDW20,OUT045,1904.9534188948687
NCO55,OUT049,1719.6019856065875
FDX48,OUT046,2425.2163833399427
FDU48,OUT046,2053.8808803970196
FDR48,OUT019,370.8227515483154
FDK27,OUT013,2022.0523843667904
FDT35,OUT013,2613.3521616817516
FDN12,OUT049,1732.9686523983826
NCE31,OUT019,83.99558393391648
FDL21,OUT017,730.2837443461318
FDV56,OUT017,1670.3563064446396
FDR16,OUT017,3463.88309883644
NCP41,OUT049,1712.5795600849945
FDJ27,OUT013,1666.6718750998043
FDA07,OUT017,2030.396170323355
FDK55,OUT049,1416.0103012457305
FDM33,OUT049,3753.3560434988985
FDY46,OUT046,3136.3953294113408
FDD36,OUT046,1887.4322194361046
FDB12,OUT027,2678.515213363813
FDF28,OUT019,396.7005100815996
NCE07,OUT019,373.62060880186965
FDW50,OUT027,4035.6472187727254
NCW18,OUT017,3981.3995486837753
NCJ17,OUT019,318.3132179463009
DRZ24,OUT010,413.5714338380419
FDS07,OUT035,1955.164739642194
NCW05,OUT010,416.61055716032746
FDZ22,OUT018,1096.2249175984866
FDK02,OUT046,1883.1002971356495
FDZ45,OUT027,5240.652921225062
FDL25,OUT046,1405.0442453320807
FDS08,OUT045,2753.1109878841726
NCZ42,OUT027,6190.948160268839
FDX57,OUT035,1618.6007483237759
FDF21,OUT046,3176.064038316921
FDJ56,OUT018,1272.2774026058241
FDX10,OUT013,703.7702217731288
DRG48,OUT035,2549.070117611199
DRN37,OUT046,2639.2808499205303
NCY41,OUT018,614.4258653462449
FDN28,OUT045,1578.6361739729218
FDE34,OUT045,2881.9523957462357
FDR10,OUT045,2497.9228592592535
FDC32,OUT017,1477.1406696005376
DRG13,OUT046,2714.527571552817
FDP59,OUT049,1609.6732195287432
NCT53,OUT010,411.22780557288644
FDL57,OUT027,6111.862604685281
FDN32,OUT010,561.9266152140871
FDK09,OUT018,3279.093878321924
FDA52,OUT010,479.8852871288093
FDC57,OUT049,3112.848524441577
FDI09,OUT035,3916.7629388060636
NCB07,OUT046,3107.6735356291656
FDP26,OUT035,1694.664791684658
FDP40,OUT027,2896.16955580583
FDL15,OUT013,2406.9820145889175
FDV07,OUT046,1790.5200395733887
FDS03,OUT017,1083.947704887025
FDE50,OUT049,3240.915765267563
FDQ15,OUT017,1295.5302682920628
FDQ33,OUT010,427.7865703405936
FDT22,OUT013,912.7232478713833
DRO35,OUT035,2088.102618730501
FDJ41,OUT049,4246.156949118247
FDQ27,OUT035,1748.4297387124332
FDC26,OUT017,1849.999230365374
NCF43,OUT027,3279.848141373874
NCR50,OUT035,2642.8062948078214
FDE39,OUT018,1747.6104607950645
FDN49,OUT027,1215.211117639743
DRG11,OUT035,1727.953196053487
NCA18,OUT049,1885.8084348942346
FDM36,OUT018,2572.995576501129
FDW32,OUT017,1346.1670564914039
NCQ18,OUT010,356.21145683370406
FDX14,OUT027,2006.6648339805954
FDD46,OUT017,2416.7215332592173
FDI34,OUT019,641.8269116117078
NCJ17,OUT035,1383.4063128902953
FDB52,OUT035,4232.857606671295
FDV55,OUT018,2209.0388794043424
FDC57,OUT046,3048.870984613916
FDB29,OUT046,1886.8825247396958
NCO43,OUT035,1730.2091596593466
FDG44,OUT045,847.7428118243241
FDJ34,OUT045,1952.9848081466182
FDH40,OUT049,1326.2461296134086
NCD07,OUT027,2847.689384749244
FDB41,OUT017,793.1657192066543
FDH47,OUT018,1271.0929453961398
DRK37,OUT035,3297.789632489865
FDM25,OUT019,466.9340714321307
NCX06,OUT045,3065.4886673382443
NCS05,OUT017,2110.685712154871
FDS39,OUT045,2166.455828045944
FDC47,OUT027,5913.587858243715
FDG20,OUT013,2856.842209064558
DRL23,OUT017,1689.7200647113718
FDY33,OUT013,2676.457174469652
NCH18,OUT045,3830.2550653557155
FDX47,OUT035,2539.4107798307064
NCB06,OUT045,2532.612538880547
FDP36,OUT049,807.4279281711148
FDW44,OUT018,2482.1152669206795
NCU41,OUT018,2833.734172851943
NCS17,OUT046,1541.0225945013678
FDD46,OUT035,2485.9422142012086
FDE45,OUT017,3032.234186550053
FDI09,OUT017,3876.343392934146
NCJ54,OUT010,536.6586003201666
NCA29,OUT018,2595.036167372117
NCN41,OUT027,2958.1086040387063
FDY34,OUT035,2768.144985524984
NCG55,OUT035,2008.6885139989126
DRM49,OUT046,730.1812651172355
NCB42,OUT049,1906.2408811516023
FDE58,OUT045,1829.8898986364595
DRJ25,OUT013,809.8002002512209
FDS47,OUT010,332.5631439261923
FDY21,OUT049,3225.17846889869
NCI54,OUT013,1788.7160975306786
FDO24,OUT017,2588.030765894965
FDY43,OUT035,2694.640846188167
FDF35,OUT018,1371.8889288889868
NCP29,OUT019,240.1175884644028
FDN28,OUT027,2627.3644932741618
FDJ50,OUT018,729.2974826894235
FDQ14,OUT027,3648.88008572227
FDC37,OUT035,1756.5957166837654
FDN08,OUT046,1881.3395716551183
FDD04,OUT035,2206.7510780145576
FDW34,OUT018,3314.2181341978117
FDP04,OUT017,1087.7748160444658
NCG07,OUT017,3240.109405069409
NCN14,OUT018,2700.098068867901
FDJ16,OUT045,882.4951721809399
NCM42,OUT045,1621.7752809626143
NCF19,OUT046,797.652550666477
FDY21,OUT018,2835.2063906001213
FDY19,OUT035,1997.0404453532444
FDV09,OUT045,2317.2239566316025
FDA28,OUT013,2086.3736600636385
FDC38,OUT018,1779.6276046809555
FDL28,OUT045,3711.780538001383
NCH43,OUT049,3452.2295263471174
NCN53,OUT045,707.0719442570971
NCW05,OUT017,1799.6504043072812
NCO30,OUT018,2728.374865655729
FDT04,OUT019,81.97631555730867
FDB27,OUT018,2839.1171225566577
NCK07,OUT013,2743.845287767812
NCA53,OUT013,795.7587526396654
FDB33,OUT018,2358.9682468395026
FDU37,OUT017,1331.175152350104
FDR13,OUT035,1942.9070523738603
FDE45,OUT049,3030.806264308638
FDV37,OUT017,3165.6273131894445
FDX44,OUT019,330.8723517341103
NCL06,OUT017,4141.347226566231
FDJ28,OUT045,3072.4004722558607
FDX55,OUT049,3656.327329860483
NCK17,OUT018,619.5596252505918
FDH52,OUT035,1049.6724316980117
FDN13,OUT027,2577.329098419011
FDK44,OUT018,2537.7536143144316
FDU16,OUT046,1313.5639710466369
FDZ07,OUT017,985.0856812670958
NCN06,OUT027,4111.221472856604
FDH02,OUT010,331.0308181790497
NCW18,OUT045,3788.6910046549892
FDH57,OUT013,2123.6946849718447
FDV35,OUT045,2435.633912323565
NCU29,OUT013,2509.5395890528575
NCP02,OUT046,906.784593257561
FDN44,OUT013,2686.360841544584
FDX03,OUT018,636.2286972063907
FDR11,OUT010,415.23298555353887
FDA36,OUT046,3008.9504868228914
FDP58,OUT027,5545.567851827261
FDH31,OUT045,1461.7425470900296
FDH34,OUT035,3305.2964164380296
FDS13,OUT035,4046.280397461489
FDT01,OUT018,3088.5270923054013
FDY09,OUT049,2827.9981186691825
FDV33,OUT027,6160.676235646004
NCW29,OUT010,367.3993722583141
NCN17,OUT045,1566.729150508199
FDX01,OUT046,1882.5003260605968
FDL03,OUT049,3221.626931094001
DRL59,OUT049,921.3117062362703
DRM11,OUT027,6135.434409593391
FDA43,OUT049,3174.810109826049
FDZ56,OUT010,449.38100463829613
FDI44,OUT018,1073.140990208488
FDB50,OUT013,1303.5330220358737
FDU15,OUT019,83.24353141589275
NCJ19,OUT019,191.9125415511687
FDD48,OUT013,1913.0086728275035
NCW42,OUT035,3799.2893913088037
FDL24,OUT017,2983.7072677172437
NCB30,OUT013,3182.092282171275
FDK25,OUT013,2805.8832449128568
FDW28,OUT049,3217.836519774456
FDD47,OUT017,2950.782923427482
FDK16,OUT019,364.11959673244286
FDW37,OUT046,1470.3999362318518
FDA48,OUT035,3773.0246067829175
FDA14,OUT017,2424.713387703845
FDV15,OUT013,1683.3727287128856
FDN22,OUT049,3979.897093379435
NCD55,OUT045,710.9794238367683
FDY43,OUT013,2659.076759624176
NCU05,OUT017,1304.0385892746472
FDF10,OUT035,2491.1931984125267
FDR39,OUT018,2814.605011924456
FDG40,OUT013,709.7414769854638
FDZ28,OUT019,365.7364010005984
FDE02,OUT045,1459.1500511561437
FDU60,OUT049,2813.49149786561
FDM21,OUT013,4043.719131975359
FDV52,OUT019,400.36847426940193
NCW06,OUT013,3148.7409659307864
FDX36,OUT035,3852.8030655637444
FDT35,OUT027,4191.571109519746
NCL19,OUT010,398.4771926522155
NCD31,OUT046,2626.598666390765
FDE53,OUT019,363.43113420327484
FDW58,OUT019,366.40993052487255
DRF48,OUT046,3056.1001778653526
FDW57,OUT035,3007.7868842027833
DRH13,OUT017,1665.4463730999796
FDT33,OUT013,2711.390302599234
DRK47,OUT027,5968.164018835926
FDY22,OUT010,375.5272036555419
FDC35,OUT019,601.824484027329
FDO03,OUT013,3864.079298097783
FDF24,OUT045,1258.1970384239135
FDF56,OUT018,2671.977084400195
FDD28,OUT013,914.2943266410972
FDG53,OUT027,3199.104759979496
FDO27,OUT019,343.36430052001253
NCF54,OUT018,2548.575907240859
FDC20,OUT027,1661.26782617142
FDU10,OUT046,713.2892143160021
DRA24,OUT018,2319.2020784502515
FDA02,OUT010,361.40774503187833
FDG10,OUT017,920.1226561910224
FDW39,OUT010,485.72352117987725
FDP04,OUT019,247.05211330698256
NCM55,OUT013,3131.439582659399
FDG47,OUT045,4090.137418124198
NCU41,OUT017,3246.725798993686
NCK31,OUT017,839.0858512040793
FDZ46,OUT045,1635.5888372351337
FDU13,OUT027,3721.2202347704283
NCF19,OUT045,783.3941118580748
NCJ43,OUT013,2841.0844682066236
NCJ05,OUT045,2363.383899497357
FDS04,OUT027,3211.5377059706166
FDX28,OUT010,388.1760787128627
FDB41,OUT027,1224.8095910583663
FDG53,OUT046,2123.1478297277536
FDL15,OUT010,362.71166872481024
FDQ08,OUT049,1007.5841563999898
DRN36,OUT013,1529.568689748595
FDI46,OUT013,4153.140262215388
FDG16,OUT027,5624.983448751052
FDV32,OUT013,1025.532700706482
FDF44,OUT010,409.18795371600265
FDK04,OUT018,770.3514801650175
NCA41,OUT013,3236.7025067987292
FDD51,OUT017,727.2665894263172
NCZ53,OUT045,3057.685031696392
FDP01,OUT027,3708.8902340596055
FDY25,OUT049,3015.4622302898324
FDB17,OUT018,2660.3569538954553
NCV54,OUT018,1593.0247128814015
FDJ32,OUT017,1060.9473983395774
FDA37,OUT049,2075.6006286591614
FDG35,OUT035,2759.8116240875443
NCM05,OUT018,3535.856487580459
FDG45,OUT046,3507.8178150546246
FDH28,OUT013,712.9432555257841
NCE18,OUT049,4080.7277449869207
FDH38,OUT045,1813.365722437275
FDR56,OUT013,3195.9683075173443
FDH17,OUT027,2589.350648962064
FDD39,OUT049,3634.949718501668
FDB41,OUT049,796.3813904513202
NCR53,OUT046,3786.35391382165
FDX46,OUT017,925.3449366556861
FDV28,OUT049,712.123815208259
FDA08,OUT018,2304.810311254514
FDH45,OUT017,719.1339148134064
NCS38,OUT010,380.7227767298305
FDD40,OUT010,548.7832968101063
DRM59,OUT035,2514.419102143151
NCJ43,OUT018,2508.842551505142
NCN29,OUT013,797.2209356179167
NCC19,OUT045,3063.06294095625
FDR56,OUT035,3303.979067251449
FDZ43,OUT049,3983.7250442603745
FDJ32,OUT010,219.00010406914905
DRH03,OUT017,1471.3040039387522
NCZ54,OUT035,2790.3311252758717
FDE26,OUT017,2435.454586356142
FDS03,OUT045,1028.1397869892764
DRZ24,OUT019,413.5714338380419
FDO48,OUT027,5754.7279423614655
FDW39,OUT049,2878.50443552189
NCK05,OUT049,1029.908592079285
NCK30,OUT017,4151.27994402114
FDT27,OUT018,3367.816769594788
FDS08,OUT019,474.3996742888355
NCJ19,OUT049,918.4554243499854
FDC58,OUT045,706.7500651348743
DRE37,OUT013,3093.107104703453
FDW02,OUT035,2230.3856324745025
FDJ02,OUT010,381.3958403953331
FDX09,OUT045,2848.3152793871623
FDT31,OUT010,537.2236644607393
FDI24,OUT049,3010.705907990864
FDY09,OUT045,2693.3995345383782
FDV28,OUT045,698.1519282759693
DRM47,OUT049,3268.8662004711646
FDT52,OUT019,695.1510049342088
FDI48,OUT018,746.8328532752354
FDY55,OUT017,4191.652678722528
FDU48,OUT013,2063.722925833724
FDN25,OUT045,861.7027070206314
FDP20,OUT049,2060.8487843949556
FDJ15,OUT013,3216.93131566579
FDD04,OUT018,1763.9972147923745
FDY58,OUT045,3801.296560579528
FDR37,OUT018,2832.1554585899053
FDF44,OUT013,2204.837091012585
FDD32,OUT045,1280.4276103092236
FDR57,OUT017,2465.515037718638
DRG39,OUT027,1603.0239497568891
FDX15,OUT017,2603.0435626223093
DRN37,OUT045,2495.90133841696
FDW40,OUT027,3271.483238637212
FDB32,OUT049,1532.3850679198765
FDM40,OUT018,1917.0143237749808
FDE39,OUT027,3294.9340583161456
DRH49,OUT017,1321.3284289492883
FDT46,OUT049,802.210912850391
NCF06,OUT035,4082.681177224994
FDP07,OUT017,3205.0251276440877
FDC04,OUT013,3975.390571594036
FDZ32,OUT017,1663.288659579055
FDD50,OUT045,2671.9713919570645
FDU56,OUT017,3272.249556430869
FDV34,OUT017,1117.6194355846453
NCY41,OUT013,704.5607698456373
NCK18,OUT046,2683.224264345389
DRH25,OUT049,873.630243262718
FDT57,OUT046,4027.029862139559
FDV56,OUT018,1361.5694996243867
FDV12,OUT045,1522.7856450456984
FDN52,OUT017,1402.2031332034126
FDX38,OUT035,822.7351092361605
FDE47,OUT018,1725.614251445934
NCO07,OUT013,3440.4588737674235
FDV09,OUT027,3707.3155454458415
FDZ23,OUT019,531.5516303528226
DRH51,OUT018,1157.4451171032597
NCY54,OUT045,2823.0882249628394
DRG49,OUT013,4015.8415334602328
NCC19,OUT049,3245.3595093034755
NCV53,OUT045,3854.150516710034
FDZ47,OUT019,367.61326679156394
NCO26,OUT018,1592.375462282889
NCP02,OUT045,962.985882565421
NCW30,OUT018,3547.461948357334
NCN55,OUT046,3933.9250308299943
FDB20,OUT010,297.4164817112764
DRL11,OUT013,2647.5677048393095
DRD60,OUT045,3034.3315394042615
FDW14,OUT010,328.62526269479633
FDL27,OUT010,254.0766294383633
FDU09,OUT018,820.5349012077006
DRH36,OUT027,2142.2557422158748
FDP34,OUT027,3842.23797683288
FDE04,OUT017,2903.672653879345
FDZ57,OUT027,3010.9575528918676
FDF02,OUT010,363.45799061818184
FDG28,OUT045,3859.2327608421274
NCI31,OUT046,704.1553916680695
FDT43,OUT013,817.6040932441275
FDU20,OUT046,2041.4136556019841
FDD53,OUT013,718.8059048315218
FDW15,OUT045,2415.1785723830976
NCT53,OUT045,2484.071979507411
NCG55,OUT027,3021.30920507078
FDD48,OUT035,1987.2984294307655
FDG47,OUT049,4113.111718691166
FDI21,OUT017,1078.462012971799
FDT27,OUT017,3914.152262256129
DRO35,OUT013,1999.0625476237901
FDD33,OUT017,3982.9418303911552
FDC04,OUT035,4074.6697369430804
FDY34,OUT013,2695.3403015744025
DRJ49,OUT049,2087.9139218644473
FDE05,OUT049,2455.2911521153887
FDU31,OUT017,3707.8481777882903
NCN19,OUT027,5066.217935154891
FDK56,OUT027,5319.191331733129
FDK58,OUT017,1684.8330657490203
NCJ42,OUT035,1742.0098644797754
FDZ34,OUT027,5153.804376463193
FDA52,OUT018,2607.5275294368416
NCR29,OUT013,913.3965449326145
FDT48,OUT035,3626.966164439625
DRJ51,OUT019,660.4593374719716
NCS54,OUT046,2958.943910390444
FDV01,OUT035,2571.3639669399286
DRG51,OUT027,4063.465478307369
NCG42,OUT013,2083.129811662138
FDA51,OUT049,1914.2427913119277
FDV19,OUT010,427.0691519190328
NCT18,OUT045,3079.540014977169
NCS41,OUT045,2956.9654577491274
FDO03,OUT046,3819.751957807875
FDL12,OUT010,222.53530805257034
FDY37,OUT010,411.04926852028836
FDI58,OUT049,1476.5379124398346
FDT28,OUT018,2136.00602476138
NCC42,OUT010,365.17812903064095
FDO01,OUT017,1989.8058145619373
FDJ02,OUT013,2423.6686548311973
FDQ04,OUT018,617.7106866871832
DRL47,OUT013,2054.0075988664685
FDZ32,OUT035,1693.583280848473
FDC35,OUT035,3577.54840723565
FDX14,OUT045,1066.2762552966783
FDZ35,OUT013,1724.9431589985809
FDL14,OUT013,2447.1163802223937
FDO04,OUT049,920.0043132934991
DRK11,OUT017,2431.9660241353886
FDB44,OUT018,3071.570800252877
FDZ50,OUT049,3180.638300386781
FDI12,OUT027,2327.9375095032815
FDU43,OUT017,4076.3851214925753
FDD58,OUT010,335.4558668897985
FDB27,OUT017,3270.016773551211
FDB04,OUT018,1125.2356200535958
NCO17,OUT013,1914.1775721230058
FDL12,OUT017,922.0784574010884
DRJ13,OUT049,2610.3613439138812
FDD57,OUT045,1470.5151875191757
FDW19,OUT035,1878.4302693996444
DRD27,OUT018,1362.2654559109753
FDH27,OUT027,3649.143850262632
NCW30,OUT027,6207.3741528155815
FDR40,OUT018,1074.577436681497
FDG05,OUT013,2559.3891167984793
NCY41,OUT019,83.62144550657636
FDI38,OUT018,3044.3493954023147
FDR20,OUT046,718.6440373686575
FDE09,OUT017,1718.6949709610196
FDN50,OUT019,332.9226362293544
DRF27,OUT045,2358.0963845249303
DRF51,OUT013,704.9196273673203
NCO02,OUT019,273.723232523258
FDB51,OUT027,1677.0169200460984
FDJ50,OUT013,875.4433872885708
FDN52,OUT013,1360.6218698566092
FDX14,OUT013,1293.590841831765
FDT27,OUT019,683.1195718812118
FDV10,OUT013,717.3631371924641
FDU33,OUT046,728.393734878175
FDU58,OUT046,3122.216325381238
NCP42,OUT027,5243.876474891618
FDL51,OUT027,5695.713054138304
DRH15,OUT027,1229.7165133851618
FDU16,OUT017,1358.0607434697517
FDW15,OUT017,2547.8707763808648
FDQ44,OUT045,1980.2999539768566
NCI06,OUT027,4940.772505789012
DRK23,OUT019,669.5913363205296
FDC28,OUT035,1777.615282034702
NCY17,OUT019,89.89914171759396
NCV05,OUT018,2121.735065434457
FDM34,OUT019,363.10895924878474
DRD60,OUT027,5205.216401769134
FDT38,OUT046,1341.161969891763
FDQ57,OUT018,2144.914631191934
FDE59,OUT027,1137.5597855455148
NCM43,OUT046,2634.4515959168
DRI51,OUT049,2985.6277521536163
NCG30,OUT017,2031.3150018232632
NCK54,OUT035,1978.3391581623293
FDQ16,OUT019,391.97587458597343
FDI36,OUT013,3227.6129932769604
FDX16,OUT027,3703.2701042479757
FDA34,OUT046,2918.794220225642
FDJ48,OUT018,3282.085514182416
FDU47,OUT035,2096.938895822379
FDS39,OUT046,2247.6339126201165
FDD11,OUT046,4056.3245345226883
FDM16,OUT027,2130.4217758109767
FDU56,OUT018,2843.9093718509903
FDQ32,OUT017,2068.4020408867877
DRK35,OUT013,714.8140900548879
FDA58,OUT049,3790.5327144557327
DRG48,OUT019,401.27545287265656
FDT59,OUT010,685.9534923162818
FDQ31,OUT019,326.8643981017911
FDS51,OUT018,861.2873163538444
FDW32,OUT027,2220.2810633479003
FDI15,OUT027,6293.526968702074
NCV30,OUT017,1018.5588612675182
DRG25,OUT049,3238.855365226447
FDT02,OUT013,711.8804635100806
FDO33,OUT027,2957.0721863317913
FDP38,OUT035,833.821498409187
FDZ45,OUT035,3289.5245705000716
NCA54,OUT027,4811.281504184059
FDU33,OUT017,788.8732162334853
FDN58,OUT017,3812.814204861704
FDI05,OUT045,1122.2485631451248
FDM57,OUT019,319.18123162600165
NCS42,OUT027,2536.79589528052
FDB57,OUT045,3606.1888988111477
FDC03,OUT045,3083.6044816165995
FDZ58,OUT013,2010.7690953324318
NCK29,OUT045,1922.859421587288
NCR53,OUT045,3712.6770355365893
FDE26,OUT027,3701.8659346646486
FDU52,OUT049,2455.0666948259995
FDE41,OUT027,2195.347296644271
FDU38,OUT018,2823.8514200139243
FDA52,OUT017,2962.598677601532
FDW46,OUT046,1072.490585393107
DRI59,OUT035,3864.0214836680834
FDT38,OUT035,1412.9621828388765
FDL33,OUT018,2755.968841865106
FDQ01,OUT027,6042.731829400837
FDJ08,OUT046,3152.5903129599906
FDQ47,OUT049,707.8653973831265
NCZ18,OUT013,3834.563801853218
FDE29,OUT017,998.3042297552623
FDF10,OUT027,3690.9322840362665
FDC48,OUT049,1341.308227773024
FDY58,OUT013,3953.1931476699124
NCX30,OUT010,663.3155967261823
FDV11,OUT013,2830.047057075893
FDT46,OUT046,796.1191628511109
DRD01,OUT019,188.91874817830913
FDQ11,OUT013,4127.034664924014
NCM41,OUT017,1471.3040039387522
NCC55,OUT013,707.3724172898136
FDG45,OUT027,5817.798768481353
NCQ54,OUT049,2822.2884496206802
FDM34,OUT045,1966.6682327205638
FDD17,OUT019,710.3784149050102
FDN38,OUT027,6120.065270847065
FDB53,OUT018,2216.436065921127
NCL06,OUT035,4175.7416867822285
NCV18,OUT019,359.7619747142395
FDX25,OUT013,3225.2633983711744
FDB39,OUT046,905.9525144104846
FDC33,OUT049,3264.4598273017154
NCO14,OUT018,634.8822837484698
FDA58,OUT027,6112.85636654004
NCQ02,OUT017,3249.168575492704
NCR53,OUT017,3911.7696052603915
FDN52,OUT046,1387.7902852283917
FDG26,OUT046,4021.627431349388
FDE23,OUT027,1324.19454027093
DRI37,OUT013,933.3988761296708
DRH37,OUT018,2336.7032569952294
FDO01,OUT035,2027.4987470939354
FDK45,OUT049,1920.942901748381
FDP23,OUT049,3621.816235802677
FDM33,OUT035,3714.600439310401
FDD36,OUT017,1978.0793447804558
FDL56,OUT017,1371.8128982724456
FDT27,OUT010,683.1020386546501
FDG52,OUT017,735.7607979418478
NCL42,OUT035,3854.6993095568096
DRJ24,OUT046,3063.777120512814
FDV38,OUT046,856.2572644228636
FDT35,OUT045,2550.7867155062527
FDY51,OUT045,3479.363840744341
FDC37,OUT017,1689.2620941055657
NCP43,OUT013,2956.642573148954
FDO33,OUT045,1737.2211880386824
FDW04,OUT018,1853.6584259491362
NCC31,OUT046,2434.962766838653
FDK22,OUT049,3530.3235304613504
FDJ50,OUT017,922.3963742862009
FDV13,OUT017,1445.4056033467941
DRL60,OUT017,2430.39204109243
FDW03,OUT017,1697.8005639228777
FDY27,OUT035,2972.929734959784
FDB39,OUT027,1595.2041886049276
FDU59,OUT045,2587.7002396858743
FDZ57,OUT049,2074.211230043486
FDO21,OUT049,3708.9769849375366
FDS43,OUT018,2805.692184707427
FDU28,OUT010,514.561491978341
FDC51,OUT010,400.05169447867195
FDW16,OUT010,387.1096441379297
FDP32,OUT010,367.50418986916435
FDB60,OUT019,539.4393929816652
NCQ30,OUT046,1947.397819552881
FDD26,OUT049,3227.290624991678
FDI44,OUT045,1254.0302687357548
DRH23,OUT046,905.1017723539455
FDO44,OUT046,1816.4411017682162
FDG04,OUT046,3043.863206884897
FDM32,OUT027,2377.703752309823
FDM09,OUT013,2668.276142318758
FDZ47,OUT013,1585.1634760600093
FDM40,OUT027,3265.921321012199
FDY48,OUT017,1675.5372730442323
NCM30,OUT045,698.5227379008875
FDX36,OUT010,640.4779692783302
DRF03,OUT017,712.8013370726939
FDN51,OUT049,4113.707964530515
FDM57,OUT049,1323.8377363998272
FDB35,OUT049,1512.8748507098414
FDY13,OUT027,2304.406774593839
FDA37,OUT017,2109.6058624399975
NCX53,OUT017,2170.655590082733
FDD59,OUT018,1078.0303022113474
FDX10,OUT019,81.97631555730867
FDC03,OUT018,2839.2920458508643
FDW43,OUT035,3940.1093043466344
FDW10,OUT046,2689.370891794179
FDY14,OUT027,5553.281132568226
FDV43,OUT045,752.0066116250364
FDO40,OUT013,2475.368872409715
FDP46,OUT027,2501.3363426141377
NCE43,OUT019,443.65974366010505
FDD05,OUT035,2062.327573757449
FDJ60,OUT010,446.0265124607523
DRE27,OUT018,1262.8284192980743
FDO11,OUT035,4149.231360258676
DRG11,OUT027,2671.127387861013
FDK33,OUT010,613.3545394803676
DRM23,OUT045,2709.2505792593897
FDJ02,OUT027,3655.6096996608007
NCZ05,OUT045,1568.572932539099
NCL30,OUT013,2185.955781799918
FDZ19,OUT018,2572.138257022278
FDM45,OUT049,2035.1544605799709
FDO36,OUT046,2906.1770512706535
NCK31,OUT045,786.8683864193015
DRJ37,OUT045,2450.001757336141
FDP24,OUT018,1651.3343302515902
FDF46,OUT013,1886.968820930664
FDX46,OUT019,193.0604246607301
NCL18,OUT045,2943.9295678368057
FDJ26,OUT013,3532.6732808659917
FDJ07,OUT045,1792.826527342773
FDY15,OUT013,2451.9897351973336
DRG01,OUT045,1116.387480080837
FDF58,OUT045,1026.2620583407906
FDZ14,OUT019,407.830977592856
FDP31,OUT049,1009.3658632411162
FDH45,OUT013,715.2943294911455
FDA09,OUT010,486.3346752433774
FDW31,OUT035,3222.3442964039014
FDA57,OUT046,715.6200545388751
NCE55,OUT035,3025.587787073462
FDC17,OUT019,543.146399882078
FDC59,OUT013,1078.5121882094988
FDA22,OUT013,2787.0505865997884
FDK52,OUT035,3864.447388531365
NCM26,OUT046,2452.4355362834594
NCT53,OUT035,2696.0640049578687
FDW45,OUT018,2216.49415438795
NCI18,OUT035,3797.6610799052096
FDE38,OUT018,2391.5631097425658
FDF08,OUT019,326.8643981017911
FDY58,OUT010,683.639253963072
FDF58,OUT019,243.18586308863888
FDX39,OUT017,3667.934603814185
FDB44,OUT049,3648.570967136081
FDF28,OUT013,2120.1620229596347
FDE39,OUT013,2025.8552884784947
FDT37,OUT018,3482.3773539137683
FDZ45,OUT017,3316.900207182735
FDO40,OUT035,2528.0891361836652
FDM57,OUT027,2261.5765227850184
DRG36,OUT017,2978.913871569566
FDY36,OUT010,279.47053788581985
DRL60,OUT027,3670.686807476194
FDS25,OUT019,386.142604925181
DRF49,OUT027,2882.8430269320565
FDP16,OUT045,3819.451199489277
FDS60,OUT049,2784.0891094251397
FDU15,OUT027,1149.035236041353
FDK43,OUT046,2059.54565832192
FDN25,OUT046,890.5127201483972
FDE53,OUT049,1670.0233267937974
FDB22,OUT013,2479.5975226341975
FDE39,OUT017,2087.101290902432
FDX35,OUT035,4009.923526540464
NCG54,OUT049,2833.2123123144047
FDH27,OUT035,2470.303293116189
NCK42,OUT013,3517.3667573802436
FDS25,OUT049,1756.1781951948988
FDI10,OUT018,2616.0550425386627
FDU35,OUT035,1728.9912427686202
FDI04,OUT017,3307.281680538825
DRK23,OUT035,4105.751121186968
FDB53,OUT019,418.1528554730771
FDY02,OUT049,4258.450879272832
FDM60,OUT035,744.3961437751319
NCJ31,OUT010,708.574432380765
DRP35,OUT017,2097.239082107171
NCQ30,OUT018,1702.7201622235395
DRL11,OUT010,429.26429793630604
FDU01,OUT013,3159.353282540203
FDR39,OUT035,3083.5551387308774
FDO08,OUT046,2583.5270247396693
FDC02,OUT045,3858.4468935828904
NCZ29,OUT035,2124.8155014903664
FDF29,OUT010,387.9618804284058
FDZ23,OUT017,3220.4875308612595
NCU53,OUT018,2286.324440713529
NCW30,OUT013,4093.4389410103327
NCM26,OUT027,3762.154072355368
FDV50,OUT027,3101.0145082569015
FDW15,OUT049,2551.7745860907858
FDI35,OUT027,5254.617115930163
FDO11,OUT017,4129.189321326731
FDN48,OUT046,1485.2165625756543
NCA17,OUT049,2511.5399242867375
NCN54,OUT013,1285.9552960242763
FDP22,OUT013,796.9110045762958
NCB54,OUT035,2131.1641147064392
FDD08,OUT045,699.0306848081618
DRM48,OUT010,81.97631555730867
FDG41,OUT027,2862.437128184642
FDE44,OUT027,1498.8519409509981
FDE26,OUT035,2481.9290700045494
NCS38,OUT013,1889.7090702636197
NCJ54,OUT018,3216.485605033899
FDI40,OUT019,341.2124050311637
FDN45,OUT018,3245.3670202052344
FDU43,OUT046,4004.1690463150353
FDI04,OUT010,525.3030260233598
NCC07,OUT018,1374.6456708950782
NCC07,OUT019,364.47670921342336
NCD18,OUT045,3761.9879345454274
FDU55,OUT035,4219.477924317226
FDX59,OUT035,734.4054238724814
FDR52,OUT049,3217.6038385567026
NCP17,OUT013,1065.70047945288
FDQ32,OUT045,1961.5294885535675
NCT17,OUT049,3264.7954276373384
FDO10,OUT049,918.7436508306367
FDE32,OUT049,703.3905069387573
FDN44,OUT045,2581.9519350223086
FDH02,OUT035,1471.6048991366847
FDK60,OUT013,1610.3015071043155
FDS24,OUT019,320.02666582555054
FDL03,OUT010,567.2046916265842
FDB46,OUT027,5606.769589175588
FDO48,OUT049,3854.6574704667996
FDZ39,OUT049,1672.1442004225041
FDT02,OUT027,1146.656174963424
FDC50,OUT013,1534.4052811768402
FDP39,OUT035,849.8698118510441
DRG15,OUT018,818.3410439113079
FDP10,OUT018,1380.9527237898808
FDF53,OUT027,5191.14440167573
FDN34,OUT045,2744.0663150259074
FDK02,OUT045,1903.129744652989
FDC23,OUT045,2864.7351139864354
FDJ10,OUT019,388.47608561493587
FDE53,OUT035,1718.8865736575922
FDR25,OUT035,4006.0750731278276
FDW50,OUT046,2588.28596533733
FDS09,OUT049,814.6903659655168
FDW49,OUT010,496.9152046174046
FDU51,OUT046,2923.0295883085864
FDF28,OUT018,1796.4112326707645
NCY30,OUT018,2664.818231825944
FDD44,OUT045,4088.134683472933
FDX09,OUT017,2987.7036633844855
NCF30,OUT013,2066.041060041044
FDZ50,OUT019,409.5511636192614
FDW37,OUT013,1432.5069923781543
FDD11,OUT049,4142.963294031728
DRH39,OUT018,942.5078048231254
FDA36,OUT049,3078.418583138539
NCG43,OUT049,1459.5495282818854
FDF02,OUT035,1748.4473247526137
FDP57,OUT027,2679.4889477602646
NCE42,OUT017,3571.4089456271995
NCR38,OUT027,6046.737535566198
FDP03,OUT019,370.44446620496245
FDO51,OUT035,745.231815655416
NCQ42,OUT046,2072.2876345737695
NCM41,OUT046,1421.350312414371
FDH48,OUT027,2112.1815640692016
DRF60,OUT046,3877.756538216465
FDJ27,OUT035,1740.176798764334
FDQ14,OUT013,2407.7890217887884
FDN27,OUT017,1812.9385403649715
NCQ02,OUT046,3113.773840144822
FDJ33,OUT049,2112.4529019244237
FDP07,OUT027,5416.118271318784
DRE01,OUT049,3949.3096356609103
FDU36,OUT045,1530.0958341874707
FDL28,OUT017,3880.4093348978654
NCX53,OUT046,2147.5764660240498
FDZ39,OUT013,1663.6245121134612
NCP42,OUT013,3205.1737909300964
FDJ14,OUT035,1335.2433171414668
FDK04,OUT049,915.5425122879102
NCC19,OUT017,3243.318405573277
FDS09,OUT018,736.8930244212697
FDZ02,OUT046,1583.521404058372
FDD35,OUT018,1757.057450412214
NCY42,OUT017,2542.2619870048156
FDB05,OUT045,3823.1933910472594
FDF20,OUT035,3330.167968051656
NCO41,OUT018,1280.0018745589434
FDC40,OUT027,2310.969741487611
FDV58,OUT045,2749.8390608822215
FDZ57,OUT045,1962.1281898109794
DRM35,OUT046,2988.237400462519
DRN36,OUT018,1261.5495406237233
FDQ13,OUT046,1332.6533882045264
DRO35,OUT010,431.92374949338904
NCD43,OUT035,1693.9900296999742
FDA51,OUT018,1588.4958523477885
NCX17,OUT027,6039.708312538756
NCZ17,OUT049,719.9414605177352
FDR11,OUT027,3969.4711657108633
FDW34,OUT049,4017.3184283243777
FDN50,OUT017,1494.8620444297308
FDS09,OUT046,796.0404639866088
FDS48,OUT018,2094.460368851107
FDL44,OUT049,2725.4924553702226
DRF48,OUT018,2710.4779063036663
FDA14,OUT018,2091.0211124465213
NCD30,OUT049,1530.4112603846797
FDI16,OUT017,842.5697750855716
NCG06,OUT035,4165.0042200431
DRZ24,OUT035,2149.8104351237903
NCS17,OUT045,1490.1899017707824
FDB37,OUT045,3692.907716137871
FDE10,OUT035,2128.3047343705753
FDC57,OUT045,2944.465848332516
FDM12,OUT018,2704.999030705958
FDE24,OUT049,2093.2695441209903
FDW22,OUT045,3430.3016080783887
DRD01,OUT027,1465.7073184722558
NCZ18,OUT027,5972.1509396927395
FDN49,OUT045,702.7617062063962
FDR22,OUT035,2002.4362369546593
FDV08,OUT019,89.89914171759396
FDY39,OUT046,3173.4355315028097
FDV36,OUT049,2109.4717551110793
FDO60,OUT045,761.5433895291228
FDU04,OUT027,3077.1803543653277
FDR20,OUT027,1397.4293715929548
FDW19,OUT019,362.05342074752184
FDU40,OUT049,2946.3658370597104
FDK15,OUT045,1466.412481370073
DRF15,OUT035,2438.97029820553
FDQ25,OUT017,2919.0923990024075
FDI48,OUT019,177.27140966446476
FDS49,OUT046,1305.1841720002044
FDV22,OUT046,2612.4533378147707
NCV42,OUT046,1709.5115666335073
FDX26,OUT046,3137.43742202435
FDI33,OUT018,1253.687992425441
FDZ14,OUT049,2125.3496983714535
FDG10,OUT013,912.3008344766835
FDM38,OUT018,722.5955687701338
FDG26,OUT027,6143.756301827009
FDH46,OUT035,1719.905091776566
FDN13,OUT018,1318.2760124289464
FDU57,OUT035,2504.303239736922
NCI06,OUT046,2983.230232269953
FDM38,OUT045,851.6662789701574
NCG42,OUT010,362.92864560558826
FDL39,OUT045,2821.520195652177
FDT31,OUT019,536.1799072738917
FDV59,OUT013,3581.02442226984
FDB49,OUT035,1718.1258733663522
FDD58,OUT049,1661.7560075287133
DRN59,OUT046,787.9785965511485
FDX48,OUT049,2445.8083680069267
FDQ11,OUT049,4144.792672585847
FDY12,OUT049,870.4447552072885
FDQ11,OUT045,3961.585040748116
DRI11,OUT017,1893.0491894338807
FDY32,OUT027,4174.984598757666
FDS51,OUT045,962.5574331016855
FDR19,OUT010,400.78494128325667
DRB13,OUT018,2704.8345303050182
FDS21,OUT035,1081.776618360519
FDQ40,OUT045,2754.019573724063
NCE55,OUT013,2928.9163576470373
FDX43,OUT027,4154.667721826768
FDS12,OUT049,2068.4123241531574
DRK01,OUT027,2596.942597812341
FDN25,OUT017,905.7714562223443
FDB60,OUT046,3170.5829591361535
FDQ13,OUT017,1345.8700897483338
DRK13,OUT045,3100.2426829516007
DRF25,OUT018,606.0746529293345
NCD42,OUT019,89.34912651788468
FDW25,OUT045,1307.351856453039
NCV29,OUT027,4743.409064830056
NCK42,OUT035,3628.018006264152
DRJ13,OUT027,4052.166182081385
DRD15,OUT017,3945.821405694773
FDM27,OUT045,2372.938687992493
FDZ50,OUT018,2708.7102319522487
FDC04,OUT046,3945.4266654144517
FDF50,OUT049,3254.1688249022714
FDP15,OUT045,3827.7729775564862
FDK46,OUT035,4226.401930307883
FDZ56,OUT018,2457.1511534556857
FDY60,OUT049,2344.7326749983567
FDB10,OUT035,3930.206453290832
FDR57,OUT045,2367.7392009508267
FDU58,OUT049,3193.206026485931
FDH02,OUT046,1418.2752900682613
FDP48,OUT013,3219.9755906916366
FDI46,OUT035,4189.754548327024
FDW56,OUT013,3215.571410056471
NCM19,OUT010,395.803897678012
FDS50,OUT027,5880.948546523576
FDK24,OUT013,729.111624238875
FDO36,OUT017,3029.7525303675725
FDK45,OUT027,2938.119011714749
NCL05,OUT045,717.9455353373293
FDL32,OUT018,1554.991773293181
FDA28,OUT049,2098.2556642512163
FDY36,OUT018,925.9024425003065
FDP32,OUT018,1748.6103398718978
FDL50,OUT046,2014.6520754874168
DRC24,OUT049,2583.3613724039906
NCS18,OUT017,1719.8727271743594
FDD16,OUT017,1152.3694577349247
NCV18,OUT013,1459.2633141745746
FDX07,OUT046,3146.58410212611
NCZ05,OUT027,2410.8317053716014
NCI31,OUT013,700.290927696289
FDK14,OUT049,1328.308775471511
NCR06,OUT045,705.506314431164
NCF54,OUT049,2883.1822750109095
DRG23,OUT010,372.85508817762457
FDD53,OUT046,718.2076159277004
NCM31,OUT027,3213.4415584092594
FDT16,OUT017,4089.0042598946006
FDR40,OUT035,1390.217192007446
DRG25,OUT017,3241.8387042564277
FDT10,OUT035,1038.581539573604
FDY32,OUT013,2588.6280777397274
FDN50,OUT035,1542.50709615953
FDZ35,OUT019,396.8807492114496
NCP54,OUT045,1950.2002558836853
NCD07,OUT035,1871.2638407792049
FDS02,OUT018,2845.901045743911
DRN59,OUT018,704.9061818306458
DRB24,OUT013,2554.2999319850865
FDP37,OUT027,3258.069498718121
DRB01,OUT018,2684.6342964926525
FDR47,OUT046,3165.0891411804882
NCM31,OUT010,393.1099537945148
NCF06,OUT027,6477.393155710267
NCV17,OUT027,3348.803606442911
FDS10,OUT049,2986.634218033677
FDN52,OUT035,1445.8258486082082
FDZ48,OUT013,1872.9706544356256
FDJ48,OUT049,4175.328588990398
DRB13,OUT027,5140.570725996669
FDV59,OUT017,3634.732178994986
FDL32,OUT035,1811.3145427474246
FDZ12,OUT035,2220.987655683765
NCR06,OUT027,1096.11293154216
FDP51,OUT017,1943.3112527518572
FDY22,OUT013,2156.551036545331
FDZ38,OUT049,2977.4971874089224
NCO54,OUT035,960.2725421197886
FDR23,OUT035,3013.417939361892
FDM38,OUT049,918.7820313309649
FDS25,OUT013,1894.4751339052548
FDZ22,OUT013,1321.3139543117022
FDZ20,OUT019,807.7147116387777
FDD45,OUT010,337.5733526135317
FDN03,OUT049,4246.981535432761
NCW30,OUT046,4095.7113717926363
FDY24,OUT027,1580.0969814637003
FDJ26,OUT019,609.5199755536872
FDM15,OUT049,2547.3590300895125
NCW54,OUT027,1576.349903080078
FDA23,OUT045,1582.8920751328212
FDA39,OUT019,88.80596718491832
FDZ12,OUT017,2465.7426497658953
NCB42,OUT046,1888.5285917463386
FDL16,OUT046,792.4107271762332
FDO24,OUT019,408.87995242648606
NCP42,OUT046,3162.4219978018164
FDR19,OUT018,2211.2241122755004
DRL01,OUT045,3714.1188782485974
FDV37,OUT046,3165.550869547149
FDI41,OUT010,422.39181595019414
FDF58,OUT049,1035.1780459455388
NCF43,OUT018,1858.9994214693902
FDN02,OUT049,3604.654996635863
NCP41,OUT035,1706.8325168762776
NCY17,OUT027,1221.649305228822
FDL58,OUT027,6290.28760987113
NCA30,OUT027,5064.140945907094
FDE46,OUT018,2101.9377264860286
FDY38,OUT035,4001.8183347188524
NCH29,OUT027,2631.534901157692
FDO20,OUT045,3946.553345251294
FDP44,OUT018,1363.3860771416034
FDM02,OUT027,2261.4857129157167
FDJ14,OUT027,2076.434840406549
FDH04,OUT010,337.1932947017396
DRK23,OUT046,4042.830287264971
NCW05,OUT046,1744.0889979718554
FDF12,OUT049,2459.9958935963946
FDL51,OUT019,600.9474140471166
FDN03,OUT018,3562.9533686108625
DRJ37,OUT049,2559.6181162226717
FDM12,OUT019,499.40973331074133
FDA16,OUT045,3617.7707831281587
NCB07,OUT017,3229.7742429590658
NCI17,OUT019,341.34503214340464
FDR51,OUT046,2487.020877120634
FDJ55,OUT045,3680.145634006033
NCZ17,OUT013,714.2044032538772
FDU25,OUT013,985.6353285929706
NCG18,OUT045,1589.7006543427574
DRM11,OUT017,4179.204420896032
FDH16,OUT035,1531.6457565974517
FDZ04,OUT018,820.6549074992869
NCX53,OUT035,2215.7181242787638
FDX38,OUT027,1335.733105117438
FDX09,OUT046,2933.0964476898284
NCW05,OUT018,1498.169663627073
NCS41,OUT017,3135.1366186318915
FDI26,OUT046,2953.880910876147
NCZ41,OUT027,3165.9989280074083
NCK06,OUT046,2002.329575585555
FDX23,OUT027,2328.743871782692
NCA42,OUT046,2611.6163106646773
FDC20,OUT049,913.4909446623969
DRC49,OUT018,2189.371614929794
FDX01,OUT013,1890.6969592135067
FDC08,OUT045,3726.011747473674
FDC02,OUT017,3994.997783288527
FDK10,OUT045,2784.825361579675
DRC24,OUT013,2575.860221715792
FDW16,OUT019,367.5385645429739
NCU06,OUT018,3323.875745128623
DRA59,OUT045,3061.7202298015145
FDR24,OUT019,334.3365428997741
DRL35,OUT018,619.9480845769835
FDA49,OUT013,1364.5681045945232
NCC55,OUT046,706.7741283859922
DRD24,OUT019,377.3670147072344
NCE55,OUT049,2974.576560305033
FDT33,OUT045,2612.840049032486
NCT53,OUT013,2600.2004969728077
FDS26,OUT046,4028.412228066076
FDL22,OUT018,1232.9792561412125
FDP44,OUT017,1669.8666873423222
FDC52,OUT018,2093.536984962361
FDI53,OUT010,376.171801211408
FDZ23,OUT046,3134.3962560256236
NCT18,OUT013,3225.9534233370628
FDR13,OUT046,1874.93910825745
FDB09,OUT010,362.06212919836634
FDZ60,OUT013,1681.1503576365797
FDB11,OUT046,3772.257315323969
FDC10,OUT018,1633.9903122148417
FDW56,OUT035,3312.6990063735266
FDK14,OUT027,2201.9066864554975
DRE27,OUT027,2424.3120744432067
FDA38,OUT017,3920.656128107954
FDT11,OUT045,2980.8241008200503
FDP15,OUT035,3999.334475358819
FDV27,OUT035,1410.4615062155779
FDS36,OUT027,2819.071986563238
FDY40,OUT027,1322.1592857915766
NCF19,OUT049,806.072352451253
FDF53,OUT045,2999.7571806046703
FDS14,OUT027,3823.2523573382286
FDE56,OUT046,1069.4737710556617
FDZ19,OUT035,3029.2463948597738
FDZ46,OUT013,1821.911912487368
FDR16,OUT046,3393.1058444116743
FDG29,OUT018,625.9981717073167
NCE30,OUT017,3444.838685027987
FDZ40,OUT046,866.8213491271936
FDG58,OUT018,2147.704432469159
DRH03,OUT013,1518.5190299427736
FDZ47,OUT045,1499.2645551184996
FDV04,OUT018,2209.483769909753
FDZ10,OUT018,1762.6646935168928
FDG46,OUT017,1931.9624014162705
NCF07,OUT045,1526.5212140515923
FDY44,OUT035,3337.583058680701
FDB21,OUT013,3873.1946424369935
FDS20,OUT035,3296.2756507894633
FDS49,OUT049,1315.6098417579144
FDX55,OUT027,5855.792739712048
NCQ02,OUT018,2786.2955051231042
FDR25,OUT013,4198.391099489213
DRG39,OUT045,872.9113375779638
FDB46,OUT046,3481.3286799288085
NCC30,OUT018,2520.971132726031
FDE58,OUT035,2050.952218569767
FDC05,OUT019,572.2105105189742
FDY15,OUT046,2531.7607439709163
FDG14,OUT046,2520.568593889771
FDL08,OUT049,4056.616564098433
FDQ47,OUT013,703.3862395519542
FDN12,OUT035,1860.808056125475
FDW10,OUT013,2693.5214880179337
FDD02,OUT035,1983.838109344374
FDX35,OUT010,717.2484526747471
FDT35,OUT046,2645.8878512463257
DRN47,OUT019,507.32501033001455
FDB11,OUT010,630.2105002220719
FDN20,OUT045,2672.697585604234
FDB59,OUT035,3277.328417182986
FDJ58,OUT045,2801.028142892497
FDU60,OUT046,2755.626244043725
FDS03,OUT049,1093.74986400042
FDU40,OUT019,519.5737355481044
DRH15,OUT049,794.8499494407075
FDD04,OUT027,3651.3407025429956
FDQ01,OUT046,3897.5499414103338
FDF28,OUT035,2139.7151348663806
FDD22,OUT010,427.94474092397536
FDY19,OUT046,1912.7829274156336
FDN33,OUT035,1531.7079449144778
FDV36,OUT035,2159.4971987623867
FDW01,OUT010,367.5234718596533
FDJ28,OUT049,3292.206117532149
FDB17,OUT035,3084.0858557369666
FDM40,OUT049,2141.8705560072503
FDV46,OUT045,1980.4372038406625
FDQ44,OUT049,2002.761034419551
NCD42,OUT046,712.6174784709656
DRH37,OUT046,2605.055037978053
FDR10,OUT018,2298.0475190809007
NCD06,OUT027,1299.1620968571485
FDI53,OUT046,2546.964267647918
FDG16,OUT035,3651.886268168574
DRB25,OUT046,1668.0580705208317
FDY09,OUT046,2798.443161514781
FDX48,OUT045,2327.928399369262
FDC03,OUT010,543.1131033422696
FDT47,OUT035,1651.2321806146174
FDW44,OUT027,4614.483059467562
FDT24,OUT017,1183.1807791986269
FDT12,OUT019,717.1108293759223
NCS38,OUT035,1956.9202993885785
FDO39,OUT035,3268.4731047734235
FDA13,OUT046,714.0100181205875
FDO48,OUT035,3882.42979889909
DRJ01,OUT017,2539.426834673766
FDD53,OUT018,618.8549100443079
NCT05,OUT049,4168.512689801106
FDQ51,OUT045,775.2343011802262
FDU60,OUT013,2766.242791342263
FDC59,OUT046,1023.996590057005
FDP36,OUT035,881.1078238482689
NCM19,OUT017,1935.7996093135675
FDL16,OUT035,752.0616903261566
FDE50,OUT018,2816.1318163735946
NCR18,OUT013,734.2863235482325
NCD30,OUT035,1585.861298377846
FDH31,OUT013,1647.3480164626687
FDD56,OUT019,465.68421811158055
FDC47,OUT049,3902.052811094455
FDZ21,OUT045,1462.05556909667
FDM01,OUT049,1687.152118772973
FDF24,OUT013,1333.7467763463444
FDW23,OUT017,718.7182255236662
FDY52,OUT018,819.3515834478792
DRH37,OUT027,4112.8780384783
DRO47,OUT027,2927.913483508083
FDR25,OUT049,3956.2504281715287
FDQ24,OUT027,6202.76634401183
DRJ51,OUT018,3312.980046339042
NCU06,OUT035,3990.8636318931485
NCV18,OUT018,1201.46957061813
NCC06,OUT027,3367.570323784653
FDZ01,OUT018,1370.1173241419615
FDT14,OUT017,2072.8554665596803
FDD11,OUT019,838.3134233858752
FDN09,OUT017,4097.945337050961
NCO18,OUT010,499.20743699397593
FDZ50,OUT045,2999.696404011239
FDS44,OUT013,3834.6626715840343
FDI36,OUT045,3066.7265873447604
FDA26,OUT010,610.1131096685325
NCY53,OUT049,1898.8244814633756
FDF32,OUT049,3199.839309436124
FDF59,OUT010,363.6578046693558
FDB20,OUT046,1244.018901168682
DRH11,OUT035,948.6700626441988
FDT03,OUT049,2880.696299969252
NCH06,OUT035,3922.2104758918904
FDR55,OUT049,3252.817052245534
FDI10,OUT035,3018.9487534242344
FDZ12,OUT045,2072.6335844838623
FDM12,OUT049,3123.4097661371193
DRB25,OUT045,1589.8904645757727
NCS41,OUT013,3106.0636503102783
NCT53,OUT049,2590.6452058642353
NCD55,OUT013,720.7780088800555
FDY08,OUT049,2146.3534223084453
NCP55,OUT049,921.3858623728836
FDA33,OUT013,2497.5488871906473
FDQ33,OUT013,2539.633542181849
FDE45,OUT027,5060.262583722636
FDT26,OUT013,2010.3775754825667
NCV53,OUT049,4005.4662550634994
FDK60,OUT027,2606.0260670957496
NCJ29,OUT046,1318.997179524574
FDI15,OUT045,4103.916597918305
FDX21,OUT013,1773.6865198854596
FDV49,OUT019,751.6521334994749
DRO59,OUT046,1293.2622940651106
FDZ14,OUT045,2004.3925224990703
FDP32,OUT027,3329.2808563515005
FDC33,OUT017,3282.09370936369
FDT14,OUT010,392.66262479361046
NCN54,OUT027,2058.645276178747
FDR57,OUT027,3750.5245350939995
DRK12,OUT046,710.1821557290816
FDX52,OUT049,3252.6823839091508
FDX08,OUT010,453.05566934565854
FDP10,OUT010,362.0583110875549
NCP50,OUT045,1257.507626774448
NCL06,OUT013,4131.044536200949
FDP25,OUT013,3673.654015603776
FDE53,OUT013,1662.7501037034997
FDL27,OUT017,1119.343377063547
FDC35,OUT049,3528.0117645144915
DRJ47,OUT010,483.4004231578435
FDD16,OUT018,999.8182278429587
NCN42,OUT049,2552.147927960044
FDC38,OUT027,3202.774138077085
NCO07,OUT045,3267.5762320983804
FDQ20,OUT049,719.2023329312799
FDI32,OUT046,1888.5033057005155
FDN20,OUT010,464.96923686185823
DRJ51,OUT027,6141.208428539588
FDU08,OUT045,1470.785692573092
DRN37,OUT019,401.9486026303822
FDD05,OUT010,412.65501688178676
FDW15,OUT046,2497.5790672314793
FDI52,OUT046,2000.5936792402513
DRM11,OUT049,4169.583107940767
NCO06,OUT045,697.6632272783825
FDU38,OUT049,3253.5804681846307
FDU59,OUT018,2385.365782335128
FDJ10,OUT046,2103.29877723224
FDM13,OUT049,2060.795436365848
NCJ30,OUT019,433.5578902557919
FDM45,OUT018,1739.0447594585833
FDP36,OUT045,787.6138712317088
NCD30,OUT010,343.4925251465305
FDN48,OUT017,1529.8378424179634
FDY32,OUT049,2573.743391390611
FDU47,OUT046,2116.7869494104175
FDF17,OUT019,551.9349537844772
FDP34,OUT017,2639.473909179816
FDA47,OUT049,2728.322394378568
DRD27,OUT027,2574.2550462383533
FDW38,OUT045,886.2813201885567
FDZ15,OUT019,407.43573040916004
FDZ03,OUT027,5242.414198012384
NCN19,OUT049,3147.2276052246434
FDG02,OUT035,3126.682279504897
FDS31,OUT035,3274.9883736510214
FDW43,OUT019,690.526738995813
FDZ47,OUT010,330.69519596224615
FDO57,OUT017,2511.7668384287385
NCL07,OUT013,716.1199751946599
NCV42,OUT013,1781.667059647093
FDP40,OUT017,1856.2130775411508
FDP48,OUT019,549.5939398857091
FDH21,OUT017,2626.777620891606
NCP02,OUT049,984.5747735974021
FDK24,OUT049,796.4210282104215
FDC41,OUT045,1110.6201023852543
FDF08,OUT017,1362.9452026640258
FDO49,OUT017,832.1200855525037
FDS56,OUT027,6734.134734558589
FDX46,OUT018,827.0429002945297
FDQ07,OUT013,3623.3778702461664
FDC32,OUT010,332.66353191045374
FDT21,OUT019,650.0305674231369
FDG58,OUT045,2346.801194154168
FDW14,OUT049,1365.859971655339
DRA12,OUT027,3221.3677053180527
FDV27,OUT013,1380.2966005599296
DRD25,OUT013,1849.8299443825354
DRF48,OUT027,5029.40841552654
FDX24,OUT017,1490.6276389748673
DRJ51,OUT046,3876.0163905917702
FDE45,OUT045,2905.12242651832
FDE14,OUT046,1670.3466900188178
FDG53,OUT045,1966.2176498031292
FDT08,OUT046,2484.98024783045
DRC27,OUT027,6288.314549824791
FDG20,OUT035,2871.199884005767
FDC21,OUT046,1663.68157237011
FDV31,OUT018,2497.1178799154104
FDB58,OUT045,2083.1628258488804
FDV23,OUT046,2028.8539041477695
FDA25,OUT019,363.02452423620696
FDC15,OUT046,2523.9380814237493
FDU47,OUT049,2077.803071101682
FDE23,OUT013,797.2921404550316
FDS08,OUT013,2872.8229436304764
FDW03,OUT027,2738.333596211318
FDJ60,OUT018,2370.7925874957855
FDM34,OUT017,2084.393988810951
FDW33,OUT013,1668.0412111257417
FDZ40,OUT013,909.1049610778966
FDE33,OUT018,1068.9051736617412
NCC06,OUT010,424.9464537544751
FDU11,OUT046,1910.6805381159363
FDL44,OUT017,2723.451351640024
NCZ29,OUT017,2073.694713170564
FDG28,OUT010,764.0119739943563
FDL12,OUT018,811.8762504092845
FDD52,OUT017,1707.8078679567573
FDO15,OUT013,1117.3836888866804
NCN29,OUT027,1327.7238902683475
FDW36,OUT013,1661.607005862371
FDB21,OUT046,3844.4587818841505
FDZ28,OUT013,2056.5955094662972
FDY10,OUT035,1989.7886746044958
DRG39,OUT017,878.4933334440269
FDN28,OUT013,1661.9318286201537
FDV15,OUT035,1755.7254337402167
DRI13,OUT035,3725.4700411430385
FDH20,OUT046,1542.355141761139
FDY51,OUT013,3624.0949020551725
FDE16,OUT013,3557.8043163851653
FDX40,OUT018,611.7709464606705
FDC48,OUT018,1077.6641643643736
FDS14,OUT046,2432.38648311152
FDX56,OUT017,3666.648324749991
FDI10,OUT046,2916.010406249488
FDI14,OUT013,2151.789407232462
DRM48,OUT013,710.3982605074865
NCH07,OUT027,3972.901215538477
FDY26,OUT013,3502.819991138478
FDD02,OUT027,3007.498186727914
FDM12,OUT046,3065.0866980989763
DRF01,OUT010,375.911870621065
FDV36,OUT046,2089.6322917528314
DRI59,OUT013,3731.869228240111
FDV03,OUT018,2301.603014280133
FDO39,OUT017,3257.002607369226
NCB07,OUT018,2812.1536818769528
FDH38,OUT027,2985.5934284529726
FDZ13,OUT035,822.7782271885343
NCZ30,OUT046,2007.660117567047
NCA06,OUT035,721.4253981239735
FDB04,OUT049,1375.7459273781824
FDN50,OUT013,1487.0402227153916
NCG06,OUT049,4081.3325075724733
NCY17,OUT018,646.0622509920945
FDC23,OUT046,2957.062072657014
FDK33,OUT049,3599.598510356221
FDR03,OUT049,3580.5428371127628
FDZ07,OUT045,1018.7343738862907
FDO38,OUT013,1301.5150131018133
FDS59,OUT046,1672.4002089125172
DRM11,OUT019,827.7453336304243
FDX52,OUT027,5233.702587435971
DRJ35,OUT018,790.0175007123544
NCP53,OUT046,3954.9134725266276
FDW15,OUT019,405.637252050073
DRI47,OUT045,2361.562486648833
DRZ11,OUT035,2078.1784251526733
FDS02,OUT013,3208.1151599814143
DRD49,OUT018,3327.495703703666
FDW38,OUT049,863.7591770626841
FDR21,OUT019,479.74181013838165
FDE40,OUT013,1070.9308172381902
FDI02,OUT045,1700.1200520980428
FDQ04,OUT045,705.6568906021986
FDY14,OUT017,4099.564606562659
NCT54,OUT046,1515.6058839060465
DRD25,OUT017,1822.8069064263575
DRE01,OUT045,3825.2901931269735
FDJ12,OUT010,615.8734677694277
NCZ05,OUT049,1661.9043890747296
DRB25,OUT019,364.781227551447
NCC31,OUT045,2435.1889100141543
FDM16,OUT045,1128.8044179576161
DRG11,OUT049,1674.5879239647559
FDV24,OUT027,3634.794157419959
FDV43,OUT046,725.472756528122
FDG05,OUT018,2161.9783143205523
FDV23,OUT010,386.096968779446
FDI58,OUT018,1236.567720007166
FDQ11,OUT017,4139.804087333132
FDC05,OUT027,5301.935861493943
FDF40,OUT013,3902.5886322127258
FDU02,OUT018,3325.5810523521172
FDT32,OUT013,3138.5433843475303
NCF06,OUT017,4127.294310860606
FDT46,OUT013,806.5735848701541
FDR58,OUT010,340.48142442877275
FDY04,OUT046,2616.2558357387124
FDT58,OUT045,2558.983683044051
FDE46,OUT049,2415.8116055767237
DRH11,OUT017,908.785136104959
DRI51,OUT046,2926.8433901417593
FDC35,OUT017,3488.9570199461396
FDP45,OUT035,4193.982896860409
FDC45,OUT017,2701.4400632076004
FDU01,OUT045,3028.5850410081866
FDJ53,OUT010,366.78091277540574
FDJ46,OUT017,2974.0145538306297
FDX07,OUT013,3189.4987017127105
NCI30,OUT049,3896.1794752250858
FDE47,OUT027,3182.421357643701
FDV48,OUT045,1250.4327132966748
FDN16,OUT019,365.10312056744954
FDM52,OUT013,2536.555426652504
FDA32,OUT027,5716.078557474571
FDH05,OUT017,3911.5041961050756
FDW25,OUT010,337.3279021367796
FDQ09,OUT046,1892.8026268277163
NCM17,OUT010,150.8617376722695
DRM59,OUT046,2471.486069844446
FDV47,OUT027,2303.5215889918877
DRE15,OUT035,1206.0276281836236
FDS25,OUT010,390.53338298682206
NCZ05,OUT018,1359.7125742472308
NCV05,OUT019,379.8392468887281
DRM37,OUT046,3194.726925899152
FDV58,OUT027,5185.5860821758915
FDN22,OUT027,6247.855856611846
NCO06,OUT049,706.0165507462065
FDT56,OUT019,214.2595002587912
FDM02,OUT013,1378.3143327340945
FDA09,OUT046,3000.6678521163212
NCC06,OUT035,2264.7733598856157
NCL54,OUT049,2975.4242854279514
NCB55,OUT017,939.5755678947421
FDB12,OUT017,1678.9412724579972
NCA54,OUT049,2941.2627931382544
NCS38,OUT049,1896.0778629070926
FDC02,OUT049,3994.332354580551
FDK44,OUT019,455.59696501519704
FDE16,OUT035,3706.3231337346706
NCS05,OUT035,2158.776753987633
FDZ59,OUT045,2639.6109812516897
FDI20,OUT017,3598.7968621471628
FDQ14,OUT046,2399.076874660626
FDF53,OUT017,3006.1316035864593
FDW25,OUT017,1364.176373952225
NCQ43,OUT010,361.21799211624557
FDX52,OUT013,3206.7146090717206
FDE28,OUT045,3782.1019221035813
FDN15,OUT017,2092.1019706605384
FDO28,OUT017,1894.5067436599966
FDQ33,OUT045,2443.7183015268547
FDM22,OUT010,191.995318414868
FDJ03,OUT017,803.0372535374141
FDI16,OUT045,878.4165074036491
FDI09,OUT027,6026.39536015239
FDX55,OUT013,3593.040235366403
FDS23,OUT027,3162.6185212723008
DRC12,OUT045,3013.7206387226456
FDH41,OUT049,3621.0746747103326
FDN01,OUT013,2819.713535596014
FDV55,OUT045,2427.3262727496385
NCJ19,OUT013,909.9357360409427
NCY29,OUT010,192.27958210429995
FDP03,OUT018,1730.3134374608344
FDZ52,OUT045,1693.7543517385825
FDH31,OUT010,358.48637404900654
FDQ19,OUT018,3267.1193925241423
FDS15,OUT035,1769.0395956882323
FDN32,OUT017,3276.628172759172
FDH32,OUT049,1576.7825928295524
FDF33,OUT017,1766.1226422079455
FDJ22,OUT046,3035.8345230688615
FDG56,OUT010,230.23957712480387
FDC05,OUT046,3198.079335945209
FDK09,OUT013,3944.395102337292
NCV29,OUT045,2732.704773920656
NCC43,OUT019,788.6258491970658
NCA42,OUT049,2646.532388558981
FDC10,OUT046,1864.6103356301126
FDC16,OUT013,1381.179786925706
NCL17,OUT013,2224.006716157085
FDA51,OUT035,1973.922240203039
FDW01,OUT017,2434.8618673678557
NCF30,OUT045,1957.4418657518033
FDN49,OUT013,710.6450155002692
FDY20,OUT045,1361.5556297442124
FDC15,OUT045,2360.3235268592975
FDY24,OUT046,874.1466387295676
NCG43,OUT017,1522.596142158456
FDA48,OUT013,3709.7351710210014
NCF55,OUT017,715.4478087450684
FDL38,OUT049,1440.4149923642515
NCQ29,OUT018,3608.108006916351
FDC34,OUT017,2646.842116222508
FDP36,OUT027,1586.137435048176
FDN50,OUT010,335.6046123544038
FDO23,OUT049,1532.6013157329774
FDT56,OUT013,909.8993489706253
FDT13,OUT027,5093.857242657409
FDZ03,OUT013,3197.5410192971553
FDQ03,OUT010,685.7976500237288
FDU44,OUT045,2598.699211006741
FDD03,OUT049,4012.0361446346888
NCH30,OUT013,1835.2677179186378
FDS60,OUT010,352.83523144716685
FDG08,OUT046,2889.6162854830272
FDX38,OUT017,799.4727489750771
FDD22,OUT017,2029.6514063496982
FDW51,OUT013,3557.5194216046175
FDL09,OUT017,2666.9307089225717
FDZ60,OUT045,1559.5483450507704
NCH07,OUT046,2557.3286489649627
NCQ41,OUT049,3244.1485199794674
FDW04,OUT049,2187.022680391695
FDI08,OUT027,6795.519387270087
FDR19,OUT019,418.70573240021315
FDV13,OUT046,1368.961021090999
FDB52,OUT017,4177.882204083834
FDZ48,OUT027,2886.0063901607464
NCO14,OUT049,795.9955523626124
FDZ50,OUT013,3144.916678398338
FDN27,OUT019,384.64903411330664
FDQ60,OUT013,2005.306958929885
FDR49,OUT017,799.2641132504535
DRJ35,OUT027,1699.0897993279507
DRI49,OUT017,1330.8440696539856
FDB47,OUT017,3592.3033374322604
FDP37,OUT010,377.6562671693043
FDR26,OUT049,2789.6425150815376
FDY31,OUT019,406.49290458585267
FDC11,OUT045,1403.2026395918374
DRP47,OUT035,4209.79496775397
NCY54,OUT018,2605.334419013731
FDR27,OUT046,2084.501710294129
FDQ21,OUT019,398.70005393272214
NCQ29,OUT035,4298.011125611113
FDJ02,OUT046,2408.6959054945974
FDE21,OUT018,1614.1865793282739
FDM39,OUT046,2949.057380546775
FDZ01,OUT017,1688.2949486308244
NCB19,OUT018,1130.2307468294212
FDU03,OUT046,3007.388718572863
FDP27,OUT049,3215.329710242053
DRF01,OUT045,2320.214214639842
FDM03,OUT049,1681.986030310217
FDV01,OUT046,2476.4463340739544
FDS16,OUT046,2525.1690866181775
FDO45,OUT035,1478.3233663961066
NCX06,OUT035,3128.0162439602286
FDP13,OUT046,712.8810360478518
NCR38,OUT018,3382.651954601262
FDA01,OUT013,913.5398849815945
FDT26,OUT017,1895.7613775944262
FDD44,OUT027,5988.849129139323
FDB26,OUT013,907.6815801041038
FDP45,OUT019,842.1817512787173
NCP55,OUT046,912.6279433425344
FDT23,OUT017,1297.2865543324708
FDO51,OUT045,706.7500651348743
FDA44,OUT046,905.4270042677314
NCJ31,OUT018,3338.1557102870893
FDX37,OUT045,1544.321568382029
NCD18,OUT049,3938.184869884616
FDN40,OUT027,3753.9202115398957
FDL33,OUT017,3158.3214623271783
DRF48,OUT035,3136.4758613511917
FDW08,OUT035,1722.4262811026822
FDX39,OUT018,3086.0542975341064
FDB38,OUT049,2622.832941438195
FDY46,OUT018,2827.848096031921
NCB06,OUT049,2654.828214797673
FDA34,OUT035,3033.79414335207
FDA35,OUT045,1990.7896343531395
FDQ07,OUT035,3694.690164287607
FDU32,OUT045,1912.3920667198845
FDU26,OUT013,2007.4031621521942
FDU13,OUT010,400.6265119896074
FDO09,OUT035,4028.429147669556
FDW03,OUT019,381.5272343743523
FDB38,OUT013,2580.980915960684
FDL26,OUT010,433.6558289935787
NCN43,OUT045,1917.3502396695978
FDH08,OUT045,3885.3776773962763
NCC31,OUT019,384.8275245577589
FDH14,OUT035,2153.513275711594
FDL40,OUT017,1533.3132458378275
FDD20,OUT035,2231.330633443693
NCV53,OUT035,4077.0964437182497
FDD16,OUT045,1080.9757850601343
FDP24,OUT035,2020.6092206876804
FDQ25,OUT045,2795.9350803525567
FDM38,OUT035,924.6452181322086
NCT18,OUT010,511.5350644795225
FDM34,OUT049,2085.3844244268607
DRH37,OUT010,435.7930345086773
NCE07,OUT013,2260.2011503540016
FDG12,OUT013,1918.752800454965
FDB59,OUT010,548.7585429692119
FDS10,OUT018,2636.680219523321
FDN21,OUT010,400.4092989954872
FDM02,OUT045,1323.292633770959
FDO44,OUT049,1894.9810163335017
NCN17,OUT017,1668.505674899779
FDH16,OUT018,1227.1257950176357
FDL44,OUT046,2640.2855010163125
FDY47,OUT017,2075.310521653751
DRI39,OUT046,911.1318387768606
NCX54,OUT018,1377.8086571285955
FDE59,OUT046,707.0463684732653
FDO46,OUT045,3051.6659878500027
DRE13,OUT046,1392.7662748158912
FDW14,OUT013,1421.8146292770289
FDF35,OUT046,1662.7499400528661
FDO50,OUT019,338.108222429647
DRF49,OUT017,1878.9328933262477
FDT60,OUT049,2076.156164924259
FDP38,OUT045,783.0494950016761
FDA31,OUT027,4725.311102918927
FDY52,OUT010,218.02629708541332
FDD03,OUT027,6186.303276539458
FDN52,OUT018,1129.6672525099073
FDU20,OUT010,418.8530853726893
FDD22,OUT035,1995.9291020829367
NCB55,OUT019,189.65389358285012
FDN27,OUT045,1698.2890288368383
FDD16,OUT013,1274.009383027135
FDW48,OUT046,1290.374100768465
DRN35,OUT045,698.1950129278778
FDX25,OUT049,3089.4742120226088
DRD49,OUT049,3888.317725806983
FDE21,OUT019,415.8287389040259
FDN44,OUT035,2771.3093598896176
DRC01,OUT049,805.3863954468993
NCK30,OUT046,4056.7496485007355
FDU39,OUT013,909.4151228154275
FDB49,OUT013,1541.8738723431302
FDS12,OUT045,1953.505251606067
FDR57,OUT018,2237.15298034726
FDX22,OUT027,5728.000597564471
FDC60,OUT013,1421.9956056345495
NCE42,OUT049,3564.15825929221
NCK42,OUT049,3575.036796956993
DRE01,OUT017,3951.661678504535
FDE57,OUT018,1931.994133322283
DRK59,OUT019,666.4226539427151
FDB10,OUT027,6160.227998344259
FDQ25,OUT046,2878.0376973835355
FDY26,OUT017,3587.563895392118
FDG28,OUT049,4053.3046805065073
FDM14,OUT049,1746.4792661964798
NCH29,OUT049,1617.2261676151481
FDD48,OUT049,1918.4800627811676
FDC17,OUT045,3391.907142271926
DRH49,OUT027,2080.964743248432
FDN44,OUT018,2355.17002423137
FDC29,OUT045,1813.669837371854
DRK01,OUT019,335.5121580908717
FDD48,OUT017,1914.3292611397167
FDB59,OUT013,3202.0484239152083
FDY45,OUT010,826.370056582914
FDX60,OUT035,1356.439934392347
FDT09,OUT010,391.52996118251485
DRB24,OUT018,2219.1429924924046
FDL13,OUT035,4061.2300650632333
FDN16,OUT035,1753.6661517865875
FDK57,OUT013,2134.0871204802825
FDO22,OUT027,2060.2224192210433
FDC57,OUT010,495.4590263038499
FDZ13,OUT027,1347.3757255530354
FDW27,OUT013,2442.9320552040367
FDX10,OUT049,710.5904273928928
FDY08,OUT018,1753.0186321462438
FDA49,OUT017,1362.9147639244802
FDC32,OUT018,1261.662558508192
FDO04,OUT035,958.3179635646051
NCZ54,OUT013,2676.457174469652
FDY40,OUT045,781.3684970868126
FDW36,OUT045,1573.8533719321542
FDE11,OUT017,3257.23854990974
DRE37,OUT045,2948.040507505125
NCK19,OUT017,3215.3928482394595
FDT19,OUT035,2999.1140549075712
FDE56,OUT045,980.6086928560376
FDZ57,OUT010,358.8177520573332
FDB35,OUT035,1542.9377520898263
FDF09,OUT010,84.74268775672257
FDO34,OUT046,2785.658782323977
FDA55,OUT046,3804.8971524086605
NCM18,OUT035,1093.6159231504546
FDJ20,OUT019,363.77709359816384
DRQ35,OUT019,403.44709472336376
FDG02,OUT013,3057.7255808919363
NCU29,OUT018,2188.775459545261
FDL27,OUT027,1882.0772254201722
NCA54,OUT035,2984.57536171585
FDJ32,OUT035,1073.35959215189
FDB21,OUT019,674.6870861530148
FDR46,OUT035,2505.8499161246364
FDZ32,OUT046,1648.2624586965612
DRF36,OUT017,3268.333066333333
NCU54,OUT017,3607.1834722425524
NCI31,OUT017,705.376978237295
DRA59,OUT035,3270.7344045423365
NCC55,OUT045,698.1950129278778
FDE44,OUT018,705.5988778819175
NCN26,OUT018,1579.1643876017997
FDC11,OUT049,1404.1354218118217
FDV24,OUT035,2448.2526728304424
FDR40,OUT019,326.2334302555469
NCQ17,OUT049,2585.6848498790278
FDC46,OUT045,3077.1659274457866
NCM18,OUT046,1065.550650126765
FDK16,OUT046,1567.7192978734818
FDI28,OUT017,1310.393763937335
FDS11,OUT018,3266.9434169719552
DRD13,OUT046,1078.543272594115
FDL36,OUT035,1453.0139409498008
FDI27,OUT013,795.7587526396654
FDJ53,OUT019,386.5284608639376
FDS44,OUT045,3797.8155474346772
FDE28,OUT046,3873.846696428915
FDQ33,OUT018,2235.0240278406322
FDB37,OUT017,3867.8530528171495
FDQ31,OUT045,1306.3905456262073
NCQ05,OUT046,2454.9581653983673
FDE10,OUT013,2073.8325818399626
FDF38,OUT017,723.8462706854342
FDE50,OUT019,541.731516957662
DRG37,OUT010,381.5062970497314
NCH06,OUT049,4046.1404260253184
FDY14,OUT045,4150.75933388607
FDO27,OUT017,1535.3200227261793
FDQ19,OUT049,3974.3411000292535
FDZ26,OUT019,657.9763225574526
FDN51,OUT013,4139.29498979523
FDK20,OUT035,2123.6491140338285
FDD40,OUT018,2831.261186107568
DRI25,OUT018,768.7948442612415
FDH56,OUT017,1892.2135175535966
FDI36,OUT027,5304.776714821832
DRH11,OUT018,773.0114760398894
NCV18,OUT017,1454.1862280632708
DRI01,OUT049,2982.8915697049965
DRE48,OUT049,3334.432944062274
FDS51,OUT035,1049.0830778482555
FDM38,OUT017,808.0918384029394
FDB60,OUT027,5292.409591520343
FDY58,OUT035,4043.694748230767
FDY22,OUT045,2154.8886360649603
FDF11,OUT027,6167.2345481530365
FDZ51,OUT035,1590.1333836606868
FDQ45,OUT017,3117.76696698465
FDF17,OUT035,3299.9160667864226
NCF31,OUT027,3647.999204907841
FDA37,OUT013,2076.9591047228832
FDO51,OUT046,717.9353758404274
FDF34,OUT013,3148.506321966621
FDD57,OUT018,1273.7951834074888
FDO37,OUT046,3935.3480505149196
FDR49,OUT049,801.8736194416482
FDS39,OUT049,2297.301096029995
FDI48,OUT027,1400.8167975071588
DRM35,OUT049,3043.4698468157917
FDV57,OUT035,3136.1065600753095
FDZ55,OUT013,2702.213434016515
FDI28,OUT035,1361.7083750771442
FDS21,OUT045,1027.8542058654607
FDT34,OUT013,1661.8232975938774
DRI25,OUT035,960.1471037063938
FDT47,OUT010,377.49129774543223
DRH39,OUT045,1097.6931335856493
NCD54,OUT045,2212.1939765595507
FDU16,OUT027,2374.293369106168
NCW29,OUT045,1977.2865529909468
FDV25,OUT027,5832.814696763024
FDM56,OUT035,1751.1706002994167
FDZ04,OUT027,1842.9978554423483
FDG59,OUT019,83.04555824367783
FDI56,OUT045,1368.925075834553
FDS33,OUT035,1450.9672673538323
FDC23,OUT049,2982.583969054277
FDT11,OUT049,3151.6350249122092
FDG17,OUT045,3706.3389074402594
FDZ44,OUT045,1782.0644453246646
FDJ52,OUT013,2575.126091089548
DRI23,OUT046,2596.1438383834457
DRE15,OUT010,311.65277199764523
NCF07,OUT013,1671.0061747130235
NCR29,OUT049,922.3375187502725
FDE44,OUT019,153.05199829251146
FDT23,OUT035,1345.6948143340414
NCG06,OUT017,4126.145606981304
NCU41,OUT010,556.0086139186338
FDH46,OUT017,1673.5024303305
FDV31,OUT013,2863.86803948296
NCT41,OUT027,3738.0697211760694
FDE22,OUT027,3940.089821687936
FDC26,OUT045,1623.1365897247488
DRF51,OUT017,708.7592126895812
NCY53,OUT019,404.72306893008954
FDY21,OUT017,3230.3631987109275
FDL27,OUT013,1083.3439390525918
FDZ34,OUT049,3224.220265047688
NCF43,OUT010,389.82239730786137
FDC21,OUT035,1728.7935147313678
FDL26,OUT013,2563.1403433273726
FDT25,OUT010,388.74868783969055
NCR30,OUT046,1138.0568126957135
DRL23,OUT019,366.9115809226523
NCR05,OUT049,3254.7843449704296
NCE19,OUT018,775.8840738041192
FDY07,OUT035,756.6508623680108
FDB10,OUT017,3877.2326403961565
FDP57,OUT013,1677.1351594963635
FDU48,OUT019,351.27213791494586
FDH48,OUT035,1390.1870996324915
FDO33,OUT035,1968.2819304567645
NCU29,OUT045,2406.3262382089256
FDW35,OUT046,719.1286428403531
FDH05,OUT010,643.9263227567204
FDP26,OUT049,1664.773545223709
DRG27,OUT035,737.8875971202084
FDQ33,OUT046,2517.551681080343
FDH20,OUT010,348.07699927301775
FDV14,OUT046,1396.9589165010043
DRD01,OUT046,906.6502303455667
NCI17,OUT049,1547.389819974089
FDF39,OUT010,742.6201787900319
FDX37,OUT046,1670.648418785077
NCX17,OUT035,3735.920441080731
FDN03,OUT013,4206.04372237744
NCS41,OUT010,502.75626604010876
FDH34,OUT045,3078.316266806734
NCX53,OUT018,1840.676459375425
FDY31,OUT046,2476.7349483827143
FDD20,OUT017,2216.3674463305288
FDE51,OUT045,778.6371551467182
FDV27,OUT046,1355.9421587493116
FDF16,OUT035,2469.733764369551
FDZ02,OUT049,1525.8454138041238
NCK05,OUT045,1012.0465807618115
FDM12,OUT027,5007.1863638491795
NCA05,OUT018,2079.1765440649287
FDX33,OUT045,2548.737926219149
FDM25,OUT049,2925.823959988532
FDE41,OUT018,1121.074536503159
FDW14,OUT045,1336.6707149636807
NCD30,OUT046,1518.7391254082245
FDB23,OUT010,603.0200042817302
FDF45,OUT046,991.8416607339888
FDW20,OUT017,2026.6392708620542
FDF47,OUT045,3377.4086261016755
NCR05,OUT019,597.4828873658353
DRB01,OUT046,3036.718205941803
FDE36,OUT013,2709.0334696051223
FDU56,OUT049,3274.2906601610675
FDB23,OUT049,3777.3918299356033
FDN48,OUT049,1441.1540810432418
FDS43,OUT013,3208.155010524917
NCN05,OUT013,3140.828038348993
NCL53,OUT049,2977.3608798331834
FDL56,OUT046,1368.1216779005522
FDH17,OUT018,1271.7312988485105
FDP37,OUT046,2074.8085129295887
FDG09,OUT019,545.2987477542924
FDA55,OUT045,3672.1733249135714
FDX31,OUT049,3979.3503792031765
FDJ41,OUT045,4077.941165132411
DRC24,OUT045,2478.0630175681645
FDQ21,OUT035,2007.1604152122666
NCT54,OUT045,1447.095835844064
FDH08,OUT049,4061.7315321534093
FDY38,OUT018,3292.2864328019364
DRM11,OUT010,815.7749892619543
FDG32,OUT049,3728.924398235037
NCH18,OUT046,3946.6394478967895
FDI20,OUT035,3688.9858607696387
FDA33,OUT018,2182.7756516054433
FDN45,OUT013,3717.0754035125137
FDT45,OUT010,192.27958210429995
FDR32,OUT035,4000.250296613565
FDA48,OUT017,3728.0201762480265
FDN23,OUT017,2559.099474444589
NCR18,OUT035,756.3491898423248
FDD45,OUT046,1512.1304804861825
FDI22,OUT018,3048.2302251728293
FDT09,OUT013,2133.632850466887
DRC24,OUT027,3941.409385885571
FDT39,OUT046,2448.3142877616065
FDX28,OUT045,1508.63847200398
FDA50,OUT018,1266.931861845703
FDT33,OUT027,4236.495859990637
FDQ60,OUT049,1966.0613720573438
NCM19,OUT018,1611.2309514344252
FDF40,OUT046,4050.3560808619327
NCI30,OUT035,3936.40129290197
FDK34,OUT049,4009.5798422593484
FDA38,OUT027,6305.345821606133
FDT02,OUT045,702.4243716297718
FDC11,OUT017,1393.7325202076986
FDD08,OUT046,716.5073456362511
NCS29,OUT046,4045.4533348361138
DRI03,OUT010,465.9757890722672
FDK48,OUT035,1217.4319769226568
FDM52,OUT049,2563.667613466241
FDP49,OUT035,951.4916323552764
DRA24,OUT046,2612.6167383338425
NCJ43,OUT049,2853.173839902967
FDE11,OUT045,3100.242632154062
FDP01,OUT049,2408.9649378529652
FDQ59,OUT018,1122.9152543236532
FDA43,OUT019,520.5053059048533
FDL14,OUT017,2455.5778743916508
FDV50,OUT010,370.9583600714574
FDT01,OUT027,5631.876087946995
NCC42,OUT035,2157.6071394058667
FDO28,OUT046,1869.5288492454656
FDD32,OUT019,314.8823511459092
FDV45,OUT035,3313.5632887584625
NCW17,OUT019,399.40288860275473
NCJ17,OUT027,2119.9906372663895
NCF18,OUT049,3228.155873944634
FDP01,OUT045,2283.763569746103
FDH24,OUT045,2416.2820993745668
FDI38,OUT027,5693.424968112562
FDX03,OUT035,757.6930714741617
FDY28,OUT046,3506.3670755376434
FDN34,OUT018,2613.533266561581
FDJ02,OUT045,2314.037507452594
FDW40,OUT019,391.18873921166823
FDX03,OUT017,722.6454901537827
FDE17,OUT027,3725.5728398344286
FDT58,OUT046,2653.3699467758893
FDI38,OUT013,3562.4681241063204
FDW22,OUT035,3813.8671004345197
FDS15,OUT027,2796.2009832237813
NCX06,OUT013,3219.8969589352237
DRK47,OUT035,4063.932106293786
FDC23,OUT027,4850.2940740557115
FDM56,OUT010,367.1033071080634
FDP21,OUT046,3179.109156073525
FDP58,OUT046,3521.231609811228
FDA27,OUT019,937.602844585281
FDK41,OUT019,322.45648421513596
NCH42,OUT046,3863.862204296418
FDG29,OUT045,712.9853245261455
FDW15,OUT018,2195.0977157417587
FDD28,OUT018,782.0009657702731
FDQ37,OUT049,3190.7865166010406
FDC23,OUT035,3063.7201401217553
FDV13,OUT035,1514.4967680932643
FDK33,OUT046,3504.8363031343815
FDO33,OUT013,1887.1051978732182
FDN21,OUT017,2561.9012551245405
NCW06,OUT027,5209.269905400231
FDI38,OUT035,3706.647963509991
FDC21,OUT027,2500.403095118958
NCS05,OUT046,2092.851248971558
NCN53,OUT049,711.7288639285757
FDV40,OUT010,305.47868965512407
FDG60,OUT017,3865.2571977245893
NCY30,OUT027,5256.233422882929
FDM40,OUT045,2026.2810444470995
NCO30,OUT046,3068.4086175269085
FDK10,OUT046,2945.4858430348972
FDM36,OUT045,2794.35850296614
FDN10,OUT013,1884.3916958392574
FDM46,OUT018,1243.9955019012555
FDX50,OUT049,1790.842156838489
FDP33,OUT045,3824.21193481923
FDO12,OUT045,3088.4906910318186
FDC28,OUT013,1783.0446484423478
FDO31,OUT045,1251.4846769084654
FDX45,OUT035,2534.7254666571534
FDV21,OUT049,2082.2254888256816
FDH04,OUT049,1426.033013560711
NCG54,OUT013,2804.903979069454
FDO13,OUT046,2550.044337811765
FDA09,OUT027,4849.399906929167
FDC38,OUT017,2106.092273177605
NCO42,OUT046,2352.6108103999654
FDL45,OUT049,2083.8277216485812
NCK31,OUT013,844.6568425647289
FDM39,OUT017,3022.029254938052
FDC22,OUT010,527.5575521494578
FDF46,OUT046,1877.1694270706155
FDQ37,OUT045,3013.7566975839145
FDH41,OUT010,598.4815731305908
FDQ04,OUT046,713.1626527719579
NCQ02,OUT027,5206.040350874913
FDJ57,OUT027,5209.8529234955295
NCE07,OUT049,2154.999362720509
FDE56,OUT013,993.711196341173
FDI20,OUT049,3639.684431449368
FDK36,OUT018,703.68205062397
FDP08,OUT027,5531.268793694073
FDF44,OUT017,2229.9081740961233
NCU53,OUT017,2652.2445539432756
FDF47,OUT035,3598.740294663297
FDS55,OUT010,411.32708277361706
FDZ52,OUT010,359.7371381329176
FDL04,OUT018,1371.2194822875713
NCM26,OUT035,2524.8348817122005
FDX43,OUT049,2674.500455182856
FDP52,OUT049,3930.230950444896
DRK49,OUT045,718.7886631989985
FDE38,OUT013,2713.867017242665
DRF13,OUT035,2602.0202564768915
FDK41,OUT010,322.45648421513596
FDJ04,OUT027,2997.3761554896337
FDZ44,OUT018,1558.8960656518552
FDS11,OUT013,3812.361492261918
FDA55,OUT049,3893.2056235645614
NCW53,OUT046,3088.4724661938417
FDB49,OUT027,2641.746870603159
FDD23,OUT017,3259.0156362851712
NCV42,OUT045,1694.3165441371843
NCZ29,OUT018,1746.6814062164021
FDQ26,OUT013,911.4704277403392
FDV08,OUT017,722.038394395009
FDC53,OUT049,1605.5985431855663
FDV58,OUT010,367.1774984762947
NCP02,OUT019,189.90784275830978
DRI37,OUT045,886.8984892315657
FDQ12,OUT049,4005.372021255772
FDE33,OUT046,1281.1053902436463
FDX27,OUT045,1441.9549829296907
FDM22,OUT017,844.1408538552855
NCH30,OUT019,382.41585992846075
FDC04,OUT017,4013.1239079938086
FDO38,OUT046,1311.4572522257288
FDV52,OUT027,2981.1779987193718
FDB32,OUT013,1529.1117234358887
FDV43,OUT018,698.3585233557155
FDI24,OUT018,2640.460392458469
FDR40,OUT017,1353.0566612628556
FDW02,OUT049,2144.4211544939053
FDE44,OUT049,798.5024771755133
FDL38,OUT046,1429.9893226065415
NCT54,OUT010,336.07151314940694
DRJ39,OUT010,645.6559439963809
FDW55,OUT049,4242.491052216152
DRF13,OUT019,401.70726847204315
NCW17,OUT049,2218.813201897432
FDP13,OUT035,739.9570543614636
FDS08,OUT018,2530.6102252783585
NCP17,OUT035,1073.78863538857
NCO53,OUT035,3278.2467916824594
FDH19,OUT045,2819.7318174778025
FDJ04,OUT017,1962.3652725993888
FDG10,OUT049,919.574057566981
FDA40,OUT010,319.596992383114
FDI53,OUT045,2469.6051378426755
FDU09,OUT010,216.8076494031317
FDK60,OUT045,1471.1933667592734
FDR43,OUT017,705.8350384294286
FDW22,OUT017,3627.2031111457463
DRP47,OUT010,718.4123903697237
DRG48,OUT010,427.64794317748925
FDA14,OUT035,2460.96190962033
FDU49,OUT013,1413.3686058854655
FDK28,OUT045,3933.9040252323616
FDT19,OUT046,2902.944684589394
NCQ42,OUT045,1951.9687054752078
FDD03,OUT045,3751.816165768332
NCM53,OUT013,1671.792729643368
NCX53,OUT045,2049.5430400023697
FDV14,OUT027,2129.8786244452813
NCZ54,OUT017,2734.1958121370753
FDB39,OUT013,909.1049610778966
DRC24,OUT046,2552.2319108151178
FDY36,OUT013,1157.194332280662
FDN01,OUT035,2900.6881858766924
DRH25,OUT046,875.1118901160493
FDV08,OUT046,723.1708783708024
NCP53,OUT049,4025.020289734575
FDU52,OUT010,384.5312138007827
NCI42,OUT045,3275.721682077927
FDZ14,OUT035,2146.9556413435603
FDF11,OUT046,4026.396877990012
FDQ13,OUT018,1123.0902723596341
FDO32,OUT010,149.33964671727338
DRJ37,OUT018,2217.1037771790816
FDY43,OUT046,2641.2474338940347
NCT41,OUT017,2471.819719275638
NCV17,OUT045,2086.7297864566867
FDM04,OUT027,1461.6402875161862
DRB48,OUT018,619.3936763860673
FDM24,OUT013,2469.650929477304
FDT37,OUT049,4139.085327661049
NCO05,OUT010,352.85808754106495
FDL13,OUT046,3890.2118774830674
FDL15,OUT017,2432.3643656427334
FDB11,OUT018,3237.3505372868885
FDL14,OUT019,381.0353933199417
FDY10,OUT019,402.0136042186696
FDJ40,OUT049,1822.1726832177883
NCW18,OUT046,3894.483469242969
NCY06,OUT013,2130.6400106972224
DRE13,OUT018,1129.4026551220043
FDA26,OUT045,3426.8027558478616
NCE19,OUT010,179.03281079307698
FDE33,OUT035,1353.7266807361475
DRL59,OUT027,1470.3631508143942
FDY07,OUT046,790.3292782111414
FDF57,OUT018,2535.86635170159
FDM58,OUT035,1901.5043584272244
FDP26,OUT027,2510.682274206966
FDY32,OUT046,2580.227981711354
FDD51,OUT010,151.2280743307877
FDU22,OUT018,1639.190953388192
FDZ49,OUT018,3236.9681009382484
NCI42,OUT017,3556.3962503316784
FDT04,OUT027,1138.8274725486947
NCU41,OUT045,3056.2441532168705
FDS56,OUT045,4066.0218080906143
NCN42,OUT017,2551.8369904584883
FDK34,OUT046,3934.4827186981
FDB03,OUT017,3900.0704889574713
DRJ25,OUT035,834.4803796198178
FDT25,OUT027,3197.7875759199865
FDN20,OUT013,2779.3821122742097
FDP09,OUT013,3551.539965782083
FDM20,OUT019,641.2240651864224
NCG55,OUT046,1921.5182280223187
NCP14,OUT045,1620.16718413441
NCH06,OUT046,3820.6045362133596
FDV52,OUT013,1879.9373012684575
NCL07,OUT035,745.504055742689
DRJ11,OUT027,5217.30086348246
DRO59,OUT013,1157.1656579324592
FDW15,OUT010,405.637252050073
NCQ30,OUT035,2030.6642618686813
NCN54,OUT019,298.46321563942286
FDY01,OUT027,2989.745385605577
FDX39,OUT035,3690.769312976986
FDH53,OUT027,2311.607904764136
FDA57,OUT035,749.0854142020235
NCC07,OUT010,368.1702228738248
FDU28,OUT013,3073.505001454223
FDK36,OUT010,143.8066566931678
FDR36,OUT018,624.8168844219066
NCQ17,OUT035,2525.112225605445
FDS28,OUT019,190.6118313769394
FDE08,OUT045,2355.814815777503
FDU22,OUT046,1995.4428630836308
FDG41,OUT045,1623.0613385185266
FDO31,OUT010,316.87402970623793
FDM21,OUT019,687.084350769128
FDU40,OUT017,2931.034783112659
FDV36,OUT018,1798.7725767622417
FDT10,OUT027,1594.4942385662869
FDX38,OUT045,780.1443658801368
NCU30,OUT027,4213.12760203557
NCV06,OUT049,3246.0112745875604
FDT16,OUT035,4094.591976274855
NCP41,OUT027,2416.1422125966983
FDZ56,OUT017,2822.718427158747
FDC22,OUT035,3259.1062317387004
FDU10,OUT035,740.9205098024913
FDS46,OUT045,1804.3623959374163
FDO08,OUT049,2635.01026115783
NCV42,OUT018,1410.3669022394151
FDP33,OUT035,4038.7785451761592
FDJ12,OUT046,3489.653846561143
FDH04,OUT045,1361.5003471460789
NCU54,OUT013,3526.8039316245454
FDO36,OUT010,522.0476821369239
FDT37,OUT027,6201.743525242
FDD14,OUT010,512.042343795285
FDA16,OUT013,3643.1648874717557
NCS42,OUT019,344.10247442197544
FDP10,OUT019,363.45799061818184
FDQ28,OUT049,2595.6786695982155
FDK57,OUT010,436.1745465051826
FDK02,OUT013,1886.099885282108
FDW47,OUT018,1718.4714834670242
NCC42,OUT018,1772.3860109692835
FDQ37,OUT018,2714.557697770639
FDL40,OUT046,1524.7174545171342
DRE13,OUT010,336.1513055527363
FDQ34,OUT027,2515.9709257944896
NCB54,OUT046,2056.00397985639
FDS48,OUT049,2441.0528629687515
FDO15,OUT045,1066.1497349429478
NCT30,OUT013,789.1622562731511
FDU49,OUT027,2459.2244401862326
FDE21,OUT046,1935.2760407055318
FDS49,OUT019,317.55384622174375
FDT38,OUT027,2389.2308489219145
FDZ01,OUT045,1583.8575836151717
FDC41,OUT035,1232.9622015151149
DRG13,OUT010,462.1988541634777
NCZ42,OUT018,3365.562636765581
NCM07,OUT045,1300.5860086669106
NCV17,OUT018,1882.4842768370688
DRK39,OUT035,1411.2180178730737
FDS37,OUT018,1567.285485453576
FDV12,OUT019,369.68182039365087
NCG19,OUT018,3268.688930045272
FDS51,OUT013,1029.4728391718459
NCO14,OUT046,717.5098999926183
FDC38,OUT046,2085.2657586161263
FDN15,OUT046,2070.2022973765006
NCH42,OUT013,3910.107953075497
FDQ22,OUT046,709.1431880816424
FDC05,OUT013,3240.9939355318097
FDZ31,OUT013,3219.642336987225
DRJ23,OUT049,3247.915844113712
FDC52,OUT035,2469.291813056226
DRD12,OUT010,332.4045745185363
FDV55,OUT017,2549.0443093704444
FDD32,OUT046,1304.2369898369664
FDR01,OUT049,3571.966060779985
FDY08,OUT019,363.098068606901
FDQ45,OUT045,2982.7876232150543
DRN11,OUT027,3697.741092831329
NCS05,OUT018,1781.8675034976472
FDY32,OUT035,2634.6553357614794
NCD31,OUT045,2530.6148601750283
NCE06,OUT049,2572.954232583821
NCP14,OUT046,1696.1461550904037
NCF18,OUT019,540.189550179129
FDF14,OUT018,2133.478818730967
FDB22,OUT017,2484.8667381094497
NCH54,OUT049,2566.8998811393158
FDU27,OUT035,817.3709781476807
FDS58,OUT027,4127.571041875704
NCU29,OUT035,2582.8786928268933
FDJ57,OUT013,3264.8973660580073
FDL56,OUT049,1381.9859272515316
FDH60,OUT035,3272.67014672037
FDN24,OUT018,771.5083024310608
FDD02,OUT017,2000.9639919002002
FDP15,OUT017,3999.5987962086224
FDB28,OUT027,5202.835609227893
DRC49,OUT045,2424.954136041094
NCG30,OUT018,1718.0227675330086
FDJ14,OUT049,1301.4001343479517
FDL52,OUT045,698.1950129278778
NCG19,OUT027,6045.153995884032
NCN41,OUT035,2049.932604421948
FDW22,OUT013,3726.4027004691493
FDI02,OUT013,1825.13597290685
FDV51,OUT045,2513.6812291697947
FDV48,OUT046,1297.1232679587108
NCL17,OUT019,403.8014756210272
FDP46,OUT045,1365.3387992039657
FDU10,OUT045,698.1950129278778
FDT37,OUT010,834.5977991325581
FDI27,OUT035,823.9962569642536
FDN51,OUT046,4065.268206703824
FDW07,OUT035,1420.6604919684037
FDN45,OUT049,3757.1982789135745
DRN37,OUT027,4109.15572658555
DRF48,OUT049,3104.1606720649156
FDP38,OUT019,156.90856153930437
NCX18,OUT027,5134.529122616732
FDK45,OUT018,1625.4338778204562
FDZ37,OUT049,1377.8901072019949
FDS50,OUT018,3296.7318490814555
NCR54,OUT018,2747.5222964191103
NCS17,OUT035,1615.071250459839
FDV31,OUT046,2834.8769870218007
DRE27,OUT017,1525.0920217206533
FDN60,OUT013,2654.1684962746544
FDK26,OUT013,3207.3832199523663
FDX37,OUT018,1390.0799643774017
FDW31,OUT046,3078.942411828063
FDX26,OUT018,2819.8817021541595
DRL49,OUT019,356.54558952105964
FDU49,OUT017,1389.6880743970464
FDY58,OUT046,3898.0055206310867
FDN03,OUT045,4084.3838107948663
NCV06,OUT010,540.5372639701241
FDH53,OUT045,1263.489153663361
FDG31,OUT018,863.2647029338843
NCC06,OUT045,2097.697582037078
FDS13,OUT049,4130.553275123918
FDP16,OUT035,4029.8307930849714
FDA35,OUT013,2138.4578837856557
DRP47,OUT018,3384.637544122527
FDY28,OUT010,614.1866946498154
FDY20,OUT035,1472.3565291845177
NCH30,OUT017,1803.5654080283837
NCR29,OUT019,193.0604246607301
NCP05,OUT013,2511.0091819045415
NCF30,OUT019,367.65025886447387
FDA08,OUT035,2684.5164687327165
FDN51,OUT027,5879.136535941709
FDH12,OUT046,1652.3095724497941
FDY39,OUT017,3247.660886820245
NCO53,OUT045,3068.6058168732807
FDB40,OUT046,2484.213608423621
FDH02,OUT049,1428.7009598259713
FDY11,OUT027,1809.801552506982
FDQ09,OUT019,395.98085604643444
FDP16,OUT013,3954.589958131626
NCF55,OUT018,616.208427385747
FDY09,OUT027,4394.746961301783
FDY39,OUT045,3070.51991582941
NCU53,OUT049,2596.1018637983047
NCT41,OUT049,2454.8660276412757
FDJ45,OUT046,747.2849947324816
FDR28,OUT013,2708.6947650963393
FDN08,OUT013,1891.1389655151668
FDJ07,OUT049,1891.6649189295551
FDZ09,OUT027,4137.168494988853
FDQ14,OUT017,2415.610843503128
FDY12,OUT027,1324.1438926526844
FDK57,OUT046,2116.0034550354017
FDD20,OUT049,2173.0094712175737
FDS36,OUT018,1574.3775602455344
FDI40,OUT049,1678.3926738339558
FDJ40,OUT045,1722.9085461605796
FDE08,OUT013,2459.5701245576133
DRK01,OUT013,1527.9502895849869
FDC58,OUT049,723.8484944557051
FDE50,OUT046,3149.951253744503
FDX48,OUT035,2477.196471219255
DRM35,OUT018,2673.9459518860626
FDG41,OUT013,1702.7475113013556
FDB52,OUT046,4102.829514496996
FDV19,OUT045,2557.5876978423403
DRG48,OUT017,2503.308081138392
FDI26,OUT013,3017.8832498197044
FDU11,OUT019,373.0637462532197
FDF59,OUT019,363.6578046693558
FDR07,OUT049,1466.6214239596798
NCE06,OUT017,2569.0504228739
FDE10,OUT046,2064.183680643072
NCO55,OUT046,1706.3668040799205
FDZ13,OUT013,804.7483222043148
FDT50,OUT017,1530.6574179129047
FDH12,OUT010,354.9343570216586
FDD21,OUT045,1906.486477013192
NCM05,OUT013,4118.012045284855
FDK04,OUT013,933.4365670840186
FDN33,OUT017,1528.444157237366
NCM18,OUT010,249.69189604450096
DRC25,OUT049,1358.0695297857787
FDT47,OUT017,1587.518896661383
FDD45,OUT027,2748.960626571163
NCD07,OUT018,1561.8277972141464
NCY54,OUT010,477.78528119170977
FDL12,OUT049,999.289018946587
FDL02,OUT017,1685.442011411382
FDC60,OUT035,1466.9833463627401
FDR37,OUT017,3103.2616234427915
FDY16,OUT017,3243.152031457058
FDU26,OUT045,1862.7756314799512
FDN24,OUT013,872.7097798140034
FDH44,OUT013,2424.6130428805877
FDE23,OUT010,158.72794699550445
FDW60,OUT017,2956.9642778297216
FDQ55,OUT049,1951.1276285281676
FDV32,OUT027,1890.7976025738385
FDV03,OUT010,437.9744516999734
FDY14,OUT010,788.1400764784889
NCL55,OUT027,6281.611112823739
DRF25,OUT017,723.5208236205461
FDX03,OUT046,728.9610498022018
FDF40,OUT045,3733.693871700159
FDX24,OUT010,339.15742870239876
FDA25,OUT049,1679.0233942754764
FDH21,OUT018,2336.9832545667155
FDB47,OUT010,609.4043733153563
FDT34,OUT019,359.38344378785183
FDS39,OUT010,421.0836597364001
NCU05,OUT046,1293.0643208928957
FDE02,OUT049,1519.60042179527
FDL25,OUT035,1474.2854115294167
FDC50,OUT049,1537.6332150429587
FDZ32,OUT049,1661.4976402232282
FDV14,OUT045,1311.7403440251449
FDR07,OUT045,1381.0342420042834
FDB26,OUT049,880.0783096161341
NCR50,OUT045,2439.5609018012997
FDP01,OUT018,2107.4353413560752
FDH57,OUT045,2016.6780249734538
FDM60,OUT027,1148.8594020390533
FDA45,OUT017,2753.685325186201
FDU55,OUT017,4224.281582611273
FDH40,OUT035,1371.6199968461083
FDG40,OUT019,83.24353141589275
FDT12,OUT049,3843.4253318492824
DRL59,OUT045,848.8546650493242
FDT47,OUT018,1377.5835436848342
FDI60,OUT017,1082.7671378397763
DRF51,OUT027,1141.0247938154198
NCK31,OUT049,806.9093186182935
FDB08,OUT045,2492.415886702154
FDM44,OUT035,1701.8651287075552
FDD46,OUT018,2112.1312723374936
FDR27,OUT019,372.09200832893026
FDV56,OUT010,359.8972218686742
FDM02,OUT049,1353.663933078059
FDU45,OUT018,1587.4509421056289
FDZ10,OUT017,2056.5285457327514
NCK31,OUT010,151.49418370583402
FDR27,OUT035,2151.7794815415023
FDF33,OUT013,1714.4893642328484
FDJ36,OUT046,1662.548853940063
FDP33,OUT049,3992.094940072827
FDG17,OUT046,3816.631960327247
FDG47,OUT027,6095.707782778589
NCW29,OUT046,2064.381435529967
DRH59,OUT017,1113.9944933048419
FDR32,OUT017,3934.9265170724398
FDP48,OUT035,3289.4624044599987
FDG17,OUT035,3896.987107862766
DRJ59,OUT017,724.1773809196259
FDY48,OUT027,2682.185740784311
FDB02,OUT046,2921.908706839541
FDN10,OUT019,386.37001176945336
NCD55,OUT035,748.904189995399
FDX34,OUT013,2107.7218932830283
FDZ38,OUT045,2831.628723961685
DRF37,OUT049,4219.192366153648
DRL47,OUT019,367.5314031546093
FDL27,OUT035,1133.1102815068534
NCP53,OUT035,4069.370768362782
FDT03,OUT019,489.34706891669106
FDJ28,OUT035,3342.018750654687
FDF40,OUT018,3357.305584615429
FDA32,OUT035,3600.10023964102
NCP02,OUT017,917.758861639312
FDZ31,OUT045,3082.2131789104674
NCQ29,OUT013,4228.844174341755
FDP57,OUT010,371.15320769778265
FDL32,OUT027,2810.9663108052773
DRB01,OUT035,3153.0577396182907
FDJ40,OUT046,1740.6396983326388
FDO24,OUT018,2261.170735585947
FDO11,OUT018,3297.8106524462814
FDA56,OUT035,2176.023081065321
FDF02,OUT045,1585.5920526770465
FDA10,OUT013,1987.190638142999
NCI55,OUT017,2136.5809873152994
FDZ40,OUT010,178.28467634758917
FDV08,OUT049,722.6779669039205
FDN48,OUT013,1424.6779186208275
FDU57,OUT017,2461.7503620514844
DRF49,OUT013,1875.0070392090108
FDS02,OUT035,3290.2067713789515
FDS43,OUT046,3167.036315885269
FDT16,OUT013,4062.01842993012
FDX19,OUT027,6348.2983670784515
FDK15,OUT046,1595.7354373440446
DRA12,OUT049,2157.980743046917
FDY35,OUT017,796.2134889515594
NCU42,OUT013,2808.9348449535632
FDD26,OUT013,3179.2910318427503
FDR11,OUT018,2323.70700782155
NCP53,OUT045,3853.7355255812254
FDP34,OUT045,2517.8042695612903
NCV41,OUT019,370.1691003192906
FDN20,OUT018,2465.5837981571835
FDZ16,OUT018,2857.7271740747124
FDZ28,OUT049,2067.293904470209
NCL55,OUT013,4207.166557371982
NCJ17,OUT046,1342.0438114773087
FDT37,OUT046,4062.162977502208
FDV51,OUT049,2700.4469417247806
FDZ28,OUT035,2111.08663093948
FDN27,OUT013,1820.798801162838
FDS14,OUT019,382.69845064716986
FDZ58,OUT045,1928.1408236398388
FDD46,OUT046,2422.7335728375324
FDJ03,OUT035,826.2996137984975
FDU03,OUT010,510.9110610429591
FDA33,OUT027,3750.9249840207713
NCW53,OUT035,3193.6826544260507
NCC55,OUT017,711.2120026120745
FDP52,OUT019,630.9379392551461
FDE39,OUT049,2140.3587600393607
FDB44,OUT035,3709.482361753286
FDG59,OUT013,707.6446573770867
FDI05,OUT013,1158.5977059839483
FDF59,OUT045,1973.5520150319528
FDM39,OUT019,510.90234850306854
FDB14,OUT013,1429.1092358463134
NCS05,OUT019,379.98371586674773
DRJ35,OUT045,962.985882565421
FDO31,OUT019,320.03701443004195
FDA31,OUT046,2843.084405181878
FDX40,OUT049,716.2978533496772
FDW56,OUT045,3087.7235924356214
FDH09,OUT018,763.0048381194115
FDA52,OUT019,472.90264216849425
FDF20,OUT019,542.8935080292896
FDE40,OUT046,995.7088884556964
NCU17,OUT046,1645.2551602322362
NCP14,OUT035,1771.0373203685317
FDN25,OUT027,1655.0803513664957
FDU39,OUT049,941.4343382835157
NCM05,OUT017,4279.115118225969
FDU07,OUT017,2443.252829318289
FDF28,OUT049,2125.225527619583
FDR57,OUT049,2580.396980179344
FDJ33,OUT013,2089.409661135703
DRH23,OUT035,954.293216547576
FDQ52,OUT046,3920.132266488175
DRK13,OUT035,3303.5304523019877
FDP09,OUT046,3514.3183563867283
FDR08,OUT027,2856.960760689365
FDV50,OUT045,1906.8839619321213
FDT13,OUT049,3169.0431522513823
FDJ27,OUT027,2684.3758961987583
FDH21,OUT046,2606.4371452639803
FDW14,OUT027,2449.3670710467904
FDL52,OUT049,719.4879727628677
FDW28,OUT017,3218.2920004466946
FDL40,OUT049,1536.3895894935895
FDE24,OUT046,2130.980416245173
FDX35,OUT049,3970.7055281345533
FDP46,OUT017,1390.3845003615208
FDX56,OUT045,3389.6290532954117
FDQ45,OUT049,3114.3625393386214
FDK50,OUT027,4119.988237243508
FDY26,OUT045,3364.1036014342694
FDQ09,OUT017,1911.9837291054002
FDN39,OUT049,2754.7710028226616
FDP13,OUT017,719.6699842392954
FDR51,OUT013,2523.0146091075317
FDZ49,OUT010,632.8744152570271
FDL28,OUT018,3243.334123392551
FDZ10,OUT035,2125.7152100334547
FDK38,OUT013,2461.228607964474
DRL49,OUT027,3009.650136921862
FDR15,OUT013,2487.123829553281
FDQ24,OUT035,4183.605519945025
FDD56,OUT013,2939.5668623848755
NCR42,OUT046,704.8248318786261
FDH52,OUT045,1024.7957669562766
FDH57,OUT019,384.14232241956876
FDR15,OUT010,410.71744608403617
FDJ34,OUT035,2101.34141456486
FDW37,OUT035,1541.1736320663422
FDQ23,OUT018,1375.371248437464
FDP34,OUT013,2647.6490798189416
FDE04,OUT027,4854.8998063246445
FDC48,OUT045,1261.9231850299232
FDA47,OUT019,432.610185454822
FDI35,OUT018,2674.2924516114413
NCV05,OUT013,2445.0469229811383
FDR28,OUT045,2587.3710749924635
FDH31,OUT017,1534.0864175408576
FDP59,OUT019,361.3314410375767
FDS19,OUT018,1043.6669022394294
FDM60,OUT045,708.9156385435908
FDJ44,OUT018,2576.396731969638
DRH51,OUT017,1365.273095277554
DRC25,OUT017,1358.6181284098202
DRE25,OUT013,1476.7900082345514
NCX05,OUT049,1887.1425675807136
FDR11,OUT017,2644.8728801348093
DRP47,OUT045,3850.8622068035543
DRC49,OUT019,400.0411468560484
FDQ47,OUT027,1133.0693277929813
FDL20,OUT013,1814.3012250939557
FDM34,OUT035,2136.603177568753
NCN55,OUT013,3985.0249766047928
FDD41,OUT035,1741.5420903033116
FDE52,OUT049,1584.9147097486202
NCT18,OUT019,505.9070470671884
FDJ32,OUT018,810.5492288811076
FDE16,OUT046,3539.5308897003006
FDZ09,OUT045,2583.199863778222
DRZ11,OUT046,2010.1593640566066
FDK41,OUT049,1373.1590489947434
FDE56,OUT049,1007.8299586982896
FDH34,OUT013,3216.5988253319724
DRI49,OUT013,1299.8184348453508
DRI59,OUT046,3723.458778792757
DRC36,OUT049,2979.1940843173884
FDS15,OUT019,384.2640563986499
FDI07,OUT018,2837.727999079995
FDZ15,OUT018,1625.4807524305197
NCX41,OUT027,5652.915544689775
NCO29,OUT019,440.4644235491675
FDF57,OUT013,2727.2172424235914
FDI33,OUT035,1551.659561237827
DRJ47,OUT049,2961.733324297137
FDB34,OUT046,1364.9121158682358
FDY22,OUT027,3315.37452619361
DRL11,OUT017,2703.3557761172806
FDY46,OUT035,3277.1378014462734
FDG17,OUT013,3842.23155465085
FDE52,OUT018,1291.4687705668064
DRP47,OUT027,5949.511835486712
FDO01,OUT010,297.3028771103142
FDL09,OUT046,2636.5945166660763
FDR57,OUT013,2562.044944167405
DRD37,OUT035,827.829760155152
FDQ36,OUT027,1140.7089737302701
FDL33,OUT049,3166.584562419259
FDL48,OUT045,790.0750499963232
FDL28,OUT049,3889.260041770244
NCN29,OUT046,794.3657881671218
FDO13,OUT035,2671.6670000051263
FDB38,OUT045,2505.301871614723
FDI36,OUT035,3318.8335602682455
FDI58,OUT035,1516.259037405856
FDH22,OUT018,1778.0565356597308
FDQ27,OUT013,1679.954851745714
FDT33,OUT046,2660.127996333468
FDC56,OUT045,1850.2919133494815
FDF14,OUT046,2475.113583658721
FDQ39,OUT017,3268.0401291899416
NCM43,OUT017,2666.03095790076
FDS46,OUT035,2052.6952664073897
FDI22,OUT049,3637.6644187359834
NCE43,OUT045,2722.3110516066627
FDZ36,OUT010,537.1981152928203
FDR13,OUT019,381.8318615822528
FDP46,OUT018,1188.9852695884351
FDW56,OUT019,538.1067262591522
FDB40,OUT017,2526.745858664068
FDM28,OUT018,2518.986383454526
FDV49,OUT013,4310.763815266309
NCS53,OUT018,2239.6946270648127
FDO03,OUT049,3892.3444376708417
FDT15,OUT035,3159.562241384492
FDD33,OUT049,3905.346948469942
FDX13,OUT017,4124.437844015946
FDH60,OUT013,3181.435130642031
DRH51,OUT046,1343.577199292675
NCL07,OUT049,722.1145351109095
FDW51,OUT045,3391.088076482959
FDF21,OUT019,541.2644135857449
FDH26,OUT019,370.23626853311555
FDJ03,OUT049,806.0066495898467
FDU35,OUT017,1542.0466253071074
DRL01,OUT018,3324.7087526613414
FDE59,OUT045,722.495848842829
FDI60,OUT035,1116.7677772382008
DRH39,OUT035,1348.570846649789
FDK36,OUT049,805.0001832499104
FDN52,OUT045,1308.343052793375
FDU12,OUT017,4184.354218669572
NCT05,OUT027,6210.550423650489
FDS37,OUT027,2945.0526033478677
FDK24,OUT017,799.1628179334563
DRF36,OUT013,3236.82707099748
FDN46,OUT010,375.32990353752507
NCN06,OUT045,2505.695655961885
FDD59,OUT035,1375.667731260739
FDM14,OUT045,1667.6127201599684
FDO10,OUT018,781.2155095334383
FDU35,OUT013,1532.3889847066373
NCA30,OUT018,2736.5824121889245
NCO41,OUT049,1555.023244680905
FDI24,OUT046,2912.8277450561163
FDZ16,OUT046,3173.1787550127137
FDV47,OUT046,1319.6948954596562
FDV16,OUT045,698.1950129278778
FDZ22,OUT035,1380.4503871658505
FDO20,OUT010,766.4197054775017
FDW38,OUT013,915.835756041268
FDW52,OUT045,2627.3249273089214
FDT43,OUT019,156.03387565786045
NCS29,OUT045,4167.664439959737
NCC31,OUT017,2456.9085514031053
FDA21,OUT017,3268.1181804858884
FDQ55,OUT046,1933.553503503694
NCE54,OUT049,1247.2674967595967
FDD45,OUT017,1526.4402238441414
NCP17,OUT017,1074.7687663859645
FDR47,OUT035,3294.1093756631876
DRM35,OUT013,2965.837097604041
FDR47,OUT019,535.9260589001931
FDX19,OUT010,657.708271020843
FDV22,OUT027,3738.3436789634297
FDQ46,OUT027,2877.191994916262
DRO47,OUT045,1734.460019726514
FDB44,OUT010,604.5639214627922
FDN02,OUT010,589.6004289637057
FDW10,OUT045,2603.928916074736
FDJ41,OUT019,953.5249506637368
FDM50,OUT046,915.5803969105906
FDW10,OUT035,2795.3102240614726
FDY48,OUT049,1681.189743167215
NCE30,OUT027,5533.570171176237
FDO04,OUT045,881.3031488881854
FDQ26,OUT010,191.29902353211781
NCX29,OUT018,2106.5936329163537
FDE39,OUT046,2003.8158058576068
NCR54,OUT027,5193.350356766952
NCP55,OUT027,1593.5057379791238
FDX22,OUT017,3675.0781273128064
FDI05,OUT035,1226.7186781334653
FDC51,OUT027,3188.0262144248672
FDC10,OUT013,1886.6835697389015
FDJ46,OUT045,2835.166580913476
FDV10,OUT010,97.97029640464976
FDX12,OUT027,6158.676552083321
FDL43,OUT019,314.4031339871502
DRB13,OUT046,3024.7653624950763
FDF59,OUT027,3148.727437564192
FDT35,OUT049,2669.9388463095684
NCJ19,OUT035,977.4491434913665
FDT35,OUT018,2359.9443719037586
FDI48,OUT046,797.4490643795434
DRC24,OUT019,423.7342235941643
NCZ05,OUT017,1662.452987698771
FDJ57,OUT049,3306.648441480702
FDX11,OUT017,3255.3758439300177
FDE09,OUT035,1823.83129238411
NCK06,OUT049,1976.7389266533858
DRE37,OUT017,3120.0704232175467
FDV56,OUT046,1656.572526293931
FDY43,OUT017,2656.031960342107
FDV35,OUT013,2531.8647112485337
FDF05,OUT019,844.5284693588054
FDA36,OUT035,3083.4641392284784
FDS13,OUT027,6283.102406850581
FDU47,OUT013,2128.8312855567947
FDI36,OUT010,540.1072768396502
FDH48,OUT046,1348.0838204899828
FDZ14,OUT013,2101.150885651728
FDS46,OUT013,2026.274411598547
FDE21,OUT017,1953.398764354047
FDA26,OUT049,3762.9227666809184
FDV12,OUT046,1647.2042416391937
FDL46,OUT019,381.21534848532036
FDN57,OUT013,2175.0294312457568
NCJ18,OUT017,1913.6302734624371
FDO36,OUT045,2833.4137431545587
FDX55,OUT018,3074.620226931763
FDT25,OUT019,385.76706813777366
FDD16,OUT049,1151.8208591108832
NCX18,OUT013,3088.759278070299
NCG55,OUT018,1620.0871151796314
NCV18,OUT049,1453.6376294392294
NCS18,OUT035,1781.8284689593233
FDC37,OUT045,1588.4542514047544
FDE47,OUT046,2032.0383331986525
DRG49,OUT019,686.6171108956077
FDC39,OUT049,3634.2910129376014
FDH24,OUT019,410.9117707379837
FDV39,OUT027,5128.718755846467
NCL17,OUT045,2172.5543287849423
NCY53,OUT035,1987.8800707570767
FDH52,OUT013,1067.381190495291
NCD19,OUT018,771.6210951265731
FDI44,OUT046,1247.3723247458938
DRD49,OUT027,6039.2847927807525
FDN08,OUT035,1964.8709563442176
FDO20,OUT027,6596.585569144493
FDY02,OUT046,4188.664729283031
FDX23,OUT045,1408.2653440083966
FDX01,OUT017,1898.518780927846
FDH20,OUT027,2731.0803459625054
NCX41,OUT017,3550.3255285103323
FDD21,OUT027,3192.4958000237766
DRH11,OUT019,188.91874817830913
DRE60,OUT018,3245.6156710582895
FDB10,OUT013,3864.495649785852
FDH38,OUT013,1912.4170824617456
NCL07,OUT018,618.4326824919062
FDD48,OUT046,1898.5098787019626
NCT54,OUT027,2402.0236158186954
FDF32,OUT027,5381.311361566547
DRH51,OUT045,1333.9298462987906
DRG03,OUT035,2628.5726331402498
NCY42,OUT019,412.7402931678677
FDH32,OUT017,1569.984444511617
NCJ06,OUT027,3078.2759409285077
FDH47,OUT027,2597.217684681554
FDZ08,OUT018,1084.981890160176
FDK16,OUT017,1581.9939814677127
DRG01,OUT018,1002.1981151521682
NCM53,OUT027,2677.2456299593096
NCB07,OUT035,3269.938487190361
NCZ06,OUT035,4067.910343553165
FDU48,OUT049,2071.616074974001
NCB55,OUT027,1591.740648755735
FDP15,OUT013,4058.053163128251
FDF17,OUT046,3179.4122260086697
NCN06,OUT049,2643.1847757906908
DRM48,OUT018,611.9204445807657
FDH10,OUT046,2849.489160280526
FDC60,OUT018,1166.989087757659
FDE35,OUT018,770.3514801650175
DRI23,OUT013,2649.6362208909045
NCR38,OUT013,3955.3793357155996
FDP04,OUT035,1077.4864143882564
NCW17,OUT045,2087.1330036291556
FDX34,OUT017,2116.4486609525907
NCK53,OUT045,1509.9865460091044
NCO54,OUT010,194.2139962812058
NCH55,OUT046,2037.515555470655
FDT44,OUT027,3083.0390519668613
DRG49,OUT046,3954.951547885037
FDX46,OUT010,193.0604246607301
DRG36,OUT049,2973.2203381100276
FDU37,OUT049,1330.6265537260626
FDK10,OUT049,2973.28501396717
DRF37,OUT027,6277.160525113659
FDC44,OUT035,1969.187668232971
FDP15,OUT046,3921.5472860006294
FDZ27,OUT027,1327.7126989945318
FDY22,OUT019,370.11167539719753
DRG51,OUT035,2708.2413613812473
FDN58,OUT045,3636.102500818005
FDW01,OUT049,2455.5822491232
FDX24,OUT018,1234.4387433223478
FDO51,OUT017,721.202722514725
FDJ52,OUT027,4057.6325449003343
NCY06,OUT010,387.6765866450588
FDE20,OUT018,2454.573155559009
FDT23,OUT010,297.4164817112764
FDQ51,OUT046,801.052684919187
FDE35,OUT046,974.149103839692
FDB46,OUT013,3534.4919518606307
NCG19,OUT035,3787.9478619331408
NCL06,OUT018,3531.5368674936803
FDT36,OUT019,82.94162899107053
FDC56,OUT049,2061.288652068051
FDJ26,OUT049,3570.679624048235
FDZ59,OUT017,2779.6377808408142
FDV11,OUT027,4507.10650028009
FDR13,OUT010,381.52995915743065
FDI15,OUT018,3424.7065884515905
FDF47,OUT018,3058.7339172687502
NCB54,OUT019,360.1721421602246
NCK19,OUT027,5206.636851349986
FDX16,OUT017,2444.680996889734
FDL50,OUT045,1954.3239859751468
NCE31,OUT035,726.2517472682902
DRJ01,OUT049,2575.6025637212374
FDE22,OUT013,2556.0250557319237
FDY20,OUT019,326.8643981017911
NCO14,OUT045,717.569201870782
NCR50,OUT017,2572.3535971030037
DRM47,OUT017,3256.57542038143
FDO27,OUT010,341.6712173213823
FDJ20,OUT027,3256.0689978925893
NCX17,OUT013,3704.140031592102
FDG59,OUT049,712.123815208259
FDD52,OUT045,1612.6452000298068
FDO48,OUT017,3830.309354037407
FDC59,OUT019,242.0359889751381
FDS15,OUT018,1410.5421557278855
FDB47,OUT035,3649.191890567491
FDV14,OUT019,320.66623506948315
FDB27,OUT013,3225.254430563695
FDA35,OUT035,2220.5749772429463
FDN51,OUT018,3466.5682297714075
FDO39,OUT019,532.3240255371013
FDB28,OUT049,3111.82206730089
DRJ25,OUT046,803.4365899235016
FDH46,OUT027,2674.267521288451
FDI10,OUT045,2836.1435743577536
FDU21,OUT018,612.4911718312483
FDD09,OUT049,3088.2963317430485
FDD10,OUT046,2800.819269810448
FDN31,OUT010,526.7092665765583
FDA46,OUT018,2831.971449800779
FDM56,OUT046,1652.2625640243239
FDF11,OUT010,741.6710505105447
FDS32,OUT018,1765.1743651741688
NCM06,OUT013,2470.791223226013
FDZ26,OUT045,3765.5947424016294
FDO01,OUT013,1991.8820030734291
FDJ46,OUT049,2977.9183635405507
FDG26,OUT019,824.1537780554663
FDZ38,OUT035,3035.8996415444167
NCO55,OUT013,1662.184155417279
FDT60,OUT035,2106.904555837275
FDW37,OUT049,1481.202280824577
NCK42,OUT018,3036.197855667916
FDA45,OUT046,2682.0565994376298
FDW55,OUT018,3510.960337984201
FDY44,OUT017,3283.866615848242
FDQ31,OUT017,1358.6181284098202
FDM09,OUT049,2820.77558822234
FDH12,OUT018,1360.9100549504155
NCQ43,OUT035,1753.8342649318336
FDT33,OUT035,2765.292674398337
NCT41,OUT018,2114.9220780455353
DRJ25,OUT010,153.06024041956212
NCQ41,OUT046,3162.20518801659
NCN17,OUT049,1661.7560075287133
DRO35,OUT027,3043.257101038504
FDU27,OUT018,706.2196629541706
FDY43,OUT027,4040.6099011004867
FDG46,OUT035,2001.0099637443493
DRL49,OUT018,2075.1791674893852
NCB55,OUT049,915.5274421116551
FDK28,OUT049,4136.854561809845
FDO49,OUT045,766.3235833900442
FDT03,OUT013,2845.7391841618846
FDW33,OUT027,2689.552059318884
FDR02,OUT035,1886.8437282194025
FDF50,OUT013,3184.989810439348
FDA40,OUT018,1169.3597509113497
NCT53,OUT018,2292.815798013748
FDY60,OUT035,2239.156904827381
FDP44,OUT027,2801.4074389943053
NCQ50,OUT045,3366.916300684303
NCC30,OUT017,2897.124118044942
FDQ60,OUT018,1665.357528199221
FDG41,OUT046,1705.5853816178783
FDQ03,OUT046,3824.660843348232
FDM03,OUT045,1582.2801747040057
FDZ51,OUT018,1236.9899809895178
DRF51,OUT035,736.6859287490386
FDF39,OUT017,4150.488496106124
FDW52,OUT035,2796.547785438397
FDY22,OUT049,2454.8660276412757
FDG14,OUT013,2539.3182659730624
FDA57,OUT017,720.2112194510269
FDL45,OUT019,394.9038167431485
FDX28,OUT046,1562.8138489877363
NCQ54,OUT013,2813.0513944893873
FDH40,OUT045,1247.253873204834
FDU52,OUT035,2602.583199293678
FDT60,OUT010,371.1709038285789
FDK08,OUT045,1511.1367719149277
FDN04,OUT049,2987.6949877531256
FDE50,OUT013,3192.8658533311036
FDI16,OUT049,820.581040497007
FDM50,OUT049,1002.9295549575562
NCV30,OUT049,1021.9062302405789
FDT44,OUT013,1884.0304280408527
FDY60,OUT013,2475.9100862297155
FDT56,OUT017,941.2206978440098
FDV58,OUT018,2579.8254833047813
FDU04,OUT013,2031.1674299292192
NCN05,OUT027,5094.475695859955
FDI53,OUT018,2260.793003901273
FDD34,OUT046,2629.729132314263
FDW47,OUT027,3100.124956854978
FDT51,OUT027,2620.783708099432
FDO27,OUT013,1528.530594081831
NCQ18,OUT018,1401.051990251761
NCW05,OUT013,1808.5118568504292
FDI15,OUT010,1023.33497348821
NCH43,OUT010,552.0758312702724
FDT40,OUT049,2056.60357085081
NCG19,OUT017,3743.831727993915
NCM30,OUT035,729.8905744591943
FDB38,OUT017,2593.3434334251006
FDB22,OUT046,2465.0323540544678
FDC58,OUT046,722.4270056526267
NCI29,OUT013,2139.159768452008
FDA23,OUT010,359.94125232928025
DRG48,OUT013,2493.5740818280738
FDV21,OUT013,2051.2110476037255
NCG18,OUT019,369.9469875278838
FDG40,OUT045,700.2548160148376
FDU24,OUT018,1271.6208306014382
FDA22,OUT049,2782.7647126104666
FDY35,OUT046,796.0984721595015
FDJ15,OUT045,3081.038803761273
NCW18,OUT018,3332.0109060292716
FDK56,OUT018,2783.246002440333
FDF44,OUT046,2181.751954623641
FDP51,OUT049,1977.7078840009578
FDU22,OUT027,3002.284587874611
FDM28,OUT017,2887.6121847914937
NCL42,OUT046,3797.9121890739175
FDJ15,OUT019,546.2973171784532
FDI32,OUT018,1599.3640240601085
DRL11,OUT046,2654.689636820323
DRO59,OUT018,945.731996171452
FDA07,OUT019,376.63537373899476
NCO53,OUT013,3203.347683236885
FDO21,OUT045,3533.970631317968
FDW39,OUT045,2797.121717252338
NCV17,OUT013,2197.8774823901767
FDE22,OUT046,2542.807382299622
NCB06,OUT018,2326.761991532959
DRF48,OUT017,3100.2568623549946
FDB05,OUT013,3913.822673811007
FDP28,OUT027,6229.204367601826
FDP23,OUT046,3575.9497571614365
NCS41,OUT018,2714.8384835443
FDS40,OUT018,618.3476655066082
FDA16,OUT017,3661.395204856011
FDN20,OUT035,2838.466819596747
FDF04,OUT027,6197.383762130307
DRG36,OUT018,2491.384923892128
FDW16,OUT018,1298.1428419050394
FDU09,OUT017,960.1716816254274
FDW01,OUT046,2431.8122815525626
FDB15,OUT045,4161.766543368375
NCJ17,OUT049,1352.4694812350187
NCT18,OUT018,2834.0654753176364
FDG16,OUT018,3060.11724303462
FDP27,OUT017,3222.4270377981716
FDQ44,OUT027,3303.56977078335
FDL50,OUT027,3158.461555870827
FDW57,OUT027,4826.859863755665
FDS34,OUT013,1874.785165167015
NCV30,OUT035,1057.1288585408104
FDD26,OUT018,2796.666173622605
FDA03,OUT045,2346.782769825993
FDS27,OUT018,2677.2974028546637
FDM12,OUT013,3094.158448217598
NCV42,OUT027,2868.3929526208003
NCS41,OUT046,3078.095146069764
FDN56,OUT018,1905.0694219877378
DRK59,OUT046,3813.7116784467526
NCG18,OUT046,1677.8784357772965
NCN26,OUT017,1905.215496732685
FDI60,OUT027,1703.9942072919318
NCI43,OUT049,802.0997890793064
NCL17,OUT049,2299.555647420514
FDQ19,OUT019,645.5404157084225
FDY43,OUT049,2659.935770052028
FDR36,OUT049,720.6717747868294
FDJ58,OUT049,2938.017815713397
DRY23,OUT045,717.3674608569833
FDK26,OUT027,5212.232554345508
DRH03,OUT045,1457.6982823805458
FDC10,OUT010,362.8074308587583
FDD23,OUT013,3215.763153451688
FDP32,OUT045,1952.9848081466182
FDO31,OUT035,1363.5107723136136
FDQ57,OUT013,2464.057761853183
FDX32,OUT027,3802.7268486879507
FDC39,OUT027,5652.374239486252
FDU55,OUT046,4178.491279124324
FDL45,OUT013,2078.764216988633
DRK37,OUT049,3255.8954881015225
FDK22,OUT013,3485.092070800008
DRG37,OUT027,3702.7087162992343
FDK22,OUT017,3517.8018134856543
DRH36,OUT018,881.8921188117968
DRC36,OUT018,2605.6128283645467
DRE03,OUT027,1240.7468712499965
FDF34,OUT046,3139.5528126977356
FDZ22,OUT046,1318.16150764429
FDC44,OUT010,412.4040701976203
FDN31,OUT027,5227.450821917363
FDO03,OUT017,3909.4512148277436
FDA01,OUT049,988.1776186540235
NCH42,OUT049,3958.515430486437
FDF46,OUT018,1579.5269170037325
DRL35,OUT046,720.3044355360776
FDW46,OUT049,1076.187801400955
FDB58,OUT046,2178.860342263157
FDD47,OUT018,2468.10958692232
NCO17,OUT045,1812.789466601974
FDJ26,OUT017,3615.6860273972707
FDU37,OUT045,1276.1603864337355
