Item_Identifier,Outlet_Identifier,Item_Outlet_Sales
FDW58,OUT049,1668.474678595844
FDW14,OUT017,1425.9641366306819
NCN55,OUT010,776.303670031817
FDQ58,OUT017,2499.850719861922
FDY38,OUT027,6081.724580135852
FDH56,OUT046,1886.3459011320715
FDL48,OUT018,668.3629567376024
FDC48,OUT027,2097.5392834425666
FDN33,OUT045,1562.1127309020833
FDA36,OUT017,3058.895655634181
FDT44,OUT017,1953.8893702084974
FDQ56,OUT045,1349.9470108224748
NCC54,OUT019,684.7166414518731
FDU11,OUT049,2100.056816684506
DRL59,OUT013,835.3451805147894
FDM24,OUT049,2518.3741539623293
FDI57,OUT045,3159.0106960914513
DRC12,OUT018,2930.2613504208557
NCM42,OUT027,2720.548501794855
FDA46,OUT010,583.1260406271009
FDA31,OUT013,2850.5288193645088
NCJ31,OUT035,3821.5110061231912
FDG52,OUT046,776.7486205344997
NCL19,OUT019,476.0227500170005
FDS10,OUT035,3052.8880536980464
FDX22,OUT010,707.4321848493619
NCF19,OUT035,813.3878992417025
NCE06,OUT046,2557.850576962147
DRC27,OUT046,3856.062235493633
FDE21,OUT035,2013.6156848976493
NCR42,OUT019,184.66404989584873
FDX51,OUT018,2933.6076560004813
NCR06,OUT018,543.3735578441749
FDU31,OUT027,5455.310457452861
FDU59,OUT017,2655.1077112648113
FDR03,OUT027,5142.409095759092
FDS49,OUT027,2249.1931308081744
FDD48,OUT010,507.18217083556254
NCF18,OUT017,3140.126938823811
NCD43,OUT027,2557.6363619024733
NCD54,OUT018,1549.2631651662184
FDY19,OUT010,505.0954388606628
NCY54,OUT017,2806.648912042428
NCL19,OUT018,2163.9007998641814
FDP23,OUT010,647.2072607649912
FDC26,OUT013,1869.0554789689384
FDR14,OUT010,260.73175461090153
NCS41,OUT035,3268.349925517432
FDF41,OUT035,3680.560271696821
FDU34,OUT046,2028.5920490656788
DRH11,OUT046,851.9109039369946
FDM03,OUT013,1683.1651556588627
FDS31,OUT017,3039.911097934235
FDJ20,OUT017,2023.0188784370741
FDV44,OUT027,4949.669404330568
FDG02,OUT049,3059.9994720886393
FDA09,OUT013,2998.9252020515382
FDT04,OUT013,737.3550239247082
FDL58,OUT019,834.731678193169
FDE52,OUT045,1413.7144606794104
FDW12,OUT035,2502.183327027492
FDL51,OUT017,3631.553633652371
NCY42,OUT027,3411.1809220322707
FDR07,OUT017,1577.8505235879968
FDN40,OUT045,2408.137192375534
FDB35,OUT027,2435.763720250539
FDA22,OUT017,2695.0395140124265
NCL06,OUT046,3823.252935641447
FDI35,OUT013,3001.7833194972677
NCW42,OUT045,3597.159723822039
NCX06,OUT049,2958.0862730902977
FDC37,OUT027,2595.3235961625637
FDZ14,OUT018,1528.0042110756895
DRG49,OUT049,4002.4684991818876
NCG06,OUT045,3797.5804932087926
DRC36,OUT045,2817.1853731271603
FDV21,OUT019,385.86278257172296
FDB53,OUT046,2426.5693091263984
DRP47,OUT019,734.9046326033799
FDA14,OUT013,2431.997265282466
DRC24,OUT035,2497.127794058338
FDW21,OUT018,1441.3423438826483
NCH29,OUT046,1605.0526619874593
FDU58,OUT013,3126.4352368306995
FDY27,OUT017,2897.295452558107
FDV56,OUT035,1741.3657068092282
FDT59,OUT046,3813.3244212904306
FDB23,OUT046,3371.5034959429995
FDR49,OUT045,798.199440186362
FDB03,OUT010,676.7106821131597
FDN39,OUT045,2639.774706994239
FDX02,OUT027,5659.1285819737395
FDQ16,OUT027,2612.51148169801
FDU35,OUT018,1315.559263967399
NCT29,OUT013,2034.1922585258174
FDZ27,OUT046,777.2457157899165
FDN57,OUT017,2145.673018073387
FDA03,OUT018,2086.119557320773
FDZ36,OUT045,3057.4195684355445
NCU05,OUT013,1272.1279895417797
FDT39,OUT018,2124.340295018855
FDK60,OUT017,1606.1628087767544
FDZ25,OUT017,2804.0794323380373
FDG12,OUT046,2015.3752428464152
DRB01,OUT019,561.4911075093437
NCC43,OUT027,6040.137853731791
FDX13,OUT019,761.8636105731557
FDM22,OUT049,930.1312710144814
FDJ03,OUT027,1305.1453975119723
FDU14,OUT018,3492.4059975148457
FDB33,OUT010,488.66016456006525
FDP27,OUT046,3027.868117429804
FDO38,OUT010,562.2896561350697
FDE28,OUT027,6127.78333907917
FDO27,OUT035,1611.2072825592995
DRL23,OUT027,2561.3547112390697
FDS28,OUT046,851.9109039369946
FDX24,OUT013,1462.9102923869445
FDZ02,OUT035,1629.2784777845584
FDL46,OUT045,1887.7336706179026
FDS60,OUT027,4765.265591405495
NCO06,OUT017,710.0772632287994
FDO16,OUT035,1515.961754441272
FDC60,OUT049,1434.1087427894197
FDA48,OUT018,3108.310739645368
FDZ36,OUT027,4923.630851987824
FDK27,OUT045,2007.6110538639568
FDW23,OUT018,537.7807216427176
FDM14,OUT018,1482.9109874466112
FDM14,OUT013,1684.5421888511219
FDW60,OUT018,2874.1218310597455
FDE21,OUT013,1941.0921959144275
NCM42,OUT035,1743.7241267583481
FDY59,OUT010,521.2007736173422
DRI49,OUT049,1253.6546376021674
FDT28,OUT019,458.71222389437645
FDQ22,OUT018,528.6658239482332
FDR60,OUT049,1286.4277729522746
FDC50,OUT019,333.4714385887303
FDV24,OUT013,2451.499550912731
DRF48,OUT010,636.0573455993134
FDQ47,OUT046,710.6568842926049
DRN36,OUT049,1604.1971619709611
NCY06,OUT035,2097.627866373368
FDE52,OUT035,1476.2206556886429
NCB54,OUT045,2057.4156283459547
NCF31,OUT035,2474.150649152968
FDJ08,OUT027,4922.298068853481
NCC07,OUT017,1710.0965052609733
NCD19,OUT027,1635.1262189105246
FDL46,OUT049,2001.129147422813
FDM20,OUT045,3833.5703524096884
NCI06,OUT010,531.6316533305923
DRM11,OUT035,4114.250732263985
NCH07,OUT018,2344.9288062528294
FDS23,OUT013,2141.289141386298
FDO49,OUT018,676.5730476459397
FDS35,OUT049,1082.0509462418354
DRK39,OUT045,1307.6437721136776
DRI39,OUT049,937.5387415482041
FDV04,OUT017,2584.326477719587
NCN14,OUT035,3208.8527728441227
FDH08,OUT013,3816.538402522293
FDS20,OUT046,3103.060072749577
FDV40,OUT049,1124.8143666626609
FDZ48,OUT010,499.7603582141987
FDS24,OUT027,2363.9706722511887
FDK44,OUT049,2885.6832505289367
FDS48,OUT045,2426.5693091263984
FDK26,OUT010,636.0573455993134
FDD23,OUT045,3084.630583395146
NCH54,OUT017,2609.394242535024
NCP14,OUT010,511.81010486635205
FDM60,OUT010,134.46765240753956
FDV24,OUT017,2460.5398144693118
FDH08,OUT018,3088.7702846664524
FDS12,OUT027,3266.0831640770357
FDR39,OUT027,4829.809287288251
FDP12,OUT027,1023.4259098666631
DRF60,OUT027,5983.0960015572455
FDC09,OUT035,1710.0965052609733
FDF50,OUT018,2982.7302049329287
FDG28,OUT035,4031.388283828871
NCE19,OUT017,916.5141505811881
NCM53,OUT010,530.3031955616405
NCN18,OUT049,1849.2551022842656
FDF32,OUT035,3326.2631840535205
FDF11,OUT013,3892.7394735058133
DRI59,OUT049,3814.3667295740374
NCG54,OUT035,2730.519617328206
FDM44,OUT046,1653.7620812379043
FDT57,OUT018,3245.55712567222
FDV24,OUT046,2417.7827290114164
FDI50,OUT019,796.6959897406052
FDS09,OUT035,817.9329126348705
NCC31,OUT027,3905.06883979984
FDQ07,OUT019,602.6806541123731
FDC22,OUT017,3074.0813119827453
FDZ56,OUT046,2704.8207009873163
FDZ40,OUT019,327.029467750166
FDS46,OUT027,2984.3733879411197
DRD24,OUT045,2124.2672341478055
FDV45,OUT017,3220.5838958703284
FDL26,OUT045,2416.923772490516
FDA56,OUT018,1580.002495059193
FDN27,OUT046,1869.1633094208237
FDM20,OUT049,4022.5956881966927
FDO16,OUT017,1473.0627073958005
FDL03,OUT035,3178.985214867643
FDE58,OUT046,1906.0057933369362
FDI02,OUT027,3093.8048065562753
NCC55,OUT019,178.5304249777139
FDR03,OUT018,3091.94702414353
FDB14,OUT017,1509.6732327294467
FDR45,OUT013,3958.565019415498
NCN07,OUT017,2123.9152391894922
FDM51,OUT019,320.5359254700185
FDT52,OUT027,6021.9145172441295
FDL26,OUT046,2416.923772490516
NCZ42,OUT046,3823.5109269994746
DRI47,OUT019,460.7989558692762
FDW40,OUT013,2155.308093249026
FDN34,OUT046,2732.202053715413
FDS01,OUT035,2922.3797895605803
NCG55,OUT045,1906.0057933369362
FDC11,OUT035,1375.745910436779
FDX35,OUT018,3109.445608357323
NCB06,OUT046,2548.7811411881953
FDR09,OUT019,703.1749097625946
FDC53,OUT017,1652.6111668263861
FDY45,OUT013,4091.3723872744545
FDA22,OUT010,514.6394506479492
FDE02,OUT035,1631.36171522248
FDW21,OUT045,1727.9256304821063
FDV34,OUT046,1074.6757868659408
FDS59,OUT049,1743.1913954626377
NCW17,OUT017,2141.28828620116
NCK54,OUT046,1906.0057933369362
FDG17,OUT019,826.1868695221294
FDG35,OUT017,2821.701503403818
FDD08,OUT010,129.54159014012583
NCO07,OUT017,3651.6671619869812
FDJ10,OUT010,546.424188090419
FDW36,OUT017,1700.3946591031988
FDW21,OUT010,558.4567758232666
FDY19,OUT017,1977.1457415280352
DRE03,OUT013,804.8260010932348
NCC55,OUT049,746.2282199252105
FDH52,OUT010,400.26023066956907
FDO09,OUT017,4174.0390638579975
FDU43,OUT045,3879.7487545136532
FDX09,OUT010,516.0233490233248
FDH40,OUT019,399.64459812120873
FDW58,OUT017,1682.9125743932705
FDC47,OUT017,3843.433261341413
NCR41,OUT035,1633.6229864591799
DRG49,OUT035,4042.8856340384273
FDC52,OUT027,3699.9215376623097
FDY13,OUT046,1080.9852260257176
FDY35,OUT013,748.4943169475523
FDI35,OUT017,3274.419179555062
NCU18,OUT049,2214.275857460958
FDY33,OUT018,2344.9288062528294
FDC15,OUT027,3784.297177282641
FDU01,OUT049,3043.0488226845123
NCU42,OUT046,2696.0341208723344
NCV29,OUT018,2862.61232514118
NCY30,OUT017,3273.3082942487863
FDQ46,OUT049,1935.1187719903735
FDG58,OUT027,3865.5503258802514
FDK33,OUT017,3591.251536439982
NCD07,OUT045,1886.3459011320715
NCX29,OUT027,3679.6947900819723
NCT42,OUT013,2464.8451409515096
DRN59,OUT035,808.0918770410028
FDI44,OUT035,1324.099100511083
FDA45,OUT049,2492.5687408872077
FDP31,OUT045,1034.4929074581512
FDY01,OUT046,1886.3459011320715
FDT09,OUT018,1626.6774730894394
DRH03,OUT027,2539.4715962998653
FDA36,OUT018,2856.582060339286
NCF31,OUT017,2474.150649152968
FDG14,OUT049,2518.5065948310207
FDG28,OUT027,6024.159152788778
FDU14,OUT049,4186.110354932421
FDY47,OUT019,426.0295522803968
FDI56,OUT049,1450.7411993169103
DRD01,OUT013,868.3820411606748
FDM22,OUT046,855.5772295524564
FDH33,OUT013,733.0277086422428
DRZ24,OUT013,1926.2659965958228
NCQ38,OUT046,1657.3296937721086
FDO16,OUT027,2259.119736686196
FDU07,OUT027,3838.011848664244
NCB07,OUT013,3033.3196257439035
FDU48,OUT045,2078.5223608491337
NCM43,OUT045,2635.5781305459855
FDR31,OUT010,447.1326545365765
DRK49,OUT018,528.6658239482332
NCI30,OUT010,708.3383660106133
DRD60,OUT017,3042.265101441863
NCG19,OUT046,3745.049375208162
FDH12,OUT035,1700.6675768098091
FDM32,OUT035,1505.3991961587756
FDM27,OUT035,2467.4450469308695
NCU53,OUT027,4195.152842591757
NCQ18,OUT046,1622.6537498118423
FDS10,OUT013,2944.929894550794
FDB33,OUT027,4237.794347756253
FDI12,OUT013,1348.9120066575422
NCW42,OUT013,3677.6852235629203
NCC06,OUT018,1615.8165377598616
FDW02,OUT017,2133.716645650628
NCD43,OUT017,1735.4739370472248
FDM57,OUT018,1135.6621563347546
FDA58,OUT017,3878.163373702007
FDK56,OUT046,3027.868117429804
FDP52,OUT045,3773.0305495883663
FDW20,OUT018,1564.7212400447909
FDS52,OUT049,1706.1437256703757
NCT29,OUT018,1501.8513831305484
NCL54,OUT013,2859.3153994794907
FDC05,OUT045,3057.2667679303913
FDF34,OUT035,3071.182474322737
FDP03,OUT027,3221.876868422871
FDD32,OUT010,527.8983571966727
FDZ10,OUT045,2093.3801134316914
FDZ40,OUT035,921.8101727818878
FDD51,OUT018,547.179403417358
NCY30,OUT019,539.7569972182421
FDP58,OUT017,3539.677690839617
FDV49,OUT017,4163.161967190805
FDY24,OUT019,287.48193049008506
NCO55,OUT017,1703.8852170174814
FDR13,OUT017,2010.398044689977
FDS51,OUT017,1036.766301602889
FDP26,OUT045,1636.7199305338643
NCB54,OUT027,3341.641915145098
FDF32,OUT017,3160.0909981308923
FDN31,OUT018,2956.776149063561
DRM48,OUT017,720.9447385397671
FDN20,OUT049,2777.701073387737
DRL01,OUT046,3771.4311445954177
FDV56,OUT049,1707.1681153821125
DRH13,OUT027,2598.8912086967684
FDA03,OUT017,2488.9261116864714
FDF47,OUT027,5544.78117425353
FDX32,OUT046,2434.3334981088565
FDX57,OUT049,1604.1971619709611
NCA30,OUT045,2986.640303704101
FDO49,OUT013,796.9962546068944
FDL04,OUT019,310.82941488971267
DRM48,OUT035,720.9447385397671
FDR16,OUT013,3504.851568560452
NCC19,OUT018,2973.5437372360175
NCE42,OUT045,3743.97576901814
FDY24,OUT017,905.7758131501207
FDH19,OUT049,2879.2224064340485
FDJ46,OUT013,2850.6612602332
FDN45,OUT010,657.8693067436677
FDY08,OUT035,2128.4812926502805
FDZ37,OUT035,1435.146666906731
NCT30,OUT045,796.2259101121983
DRY23,OUT018,538.7731184815626
NCZ30,OUT018,1553.6156190658955
FDC44,OUT018,1480.6180217368808
FDB45,OUT035,1657.1047655419586
FDY04,OUT013,2616.6778092423515
FDM27,OUT046,2567.418642260536
FDZ43,OUT017,4051.515472843676
FDT39,OUT019,473.153148518463
NCC06,OUT019,440.0765299001879
FDL15,OUT027,3914.8328375385277
FDL57,OUT017,4154.751888346528
FDU08,OUT046,1543.2200230401024
FDK40,OUT017,4204.862234071024
FDQ12,OUT010,814.5214257750697
FDS48,OUT017,2506.7733306942205
FDP09,OUT045,3429.0681346455635
FDW21,OUT049,1755.7281986779071
FDY25,OUT035,3028.0873275636036
DRE13,OUT017,1428.9359408282119
FDV43,OUT019,178.852956011996
FDD22,OUT045,1833.1740046450775
FDM46,OUT019,317.83989355872797
NCO30,OUT010,618.2218303990995
FDM25,OUT046,2808.3987930121784
NCN41,OUT049,2084.482863587132
FDU24,OUT045,1455.175232771901
FDZ50,OUT046,3062.2798711651576
FDP45,OUT013,4049.5171933207557
NCM54,OUT045,2077.0755205508194
FDW10,OUT019,501.9451510933895
FDP20,OUT017,2115.5882154922065
FDK32,OUT046,2445.2068101987393
FDN52,OUT049,1380.7875075011239
FDM58,OUT045,1762.1383659599444
FDZ46,OUT027,2948.7627233633143
NCA18,OUT018,1494.484123003557
FDD35,OUT046,2043.6086489385407
NCK31,OUT035,813.2891861604451
FDI40,OUT027,2701.968403707772
FDT50,OUT019,319.00514192115344
NCT06,OUT046,2632.0105180117807
FDT31,OUT035,3089.6892296003084
FDT45,OUT049,930.1312710144814
FDT13,OUT045,3058.4419595680683
FDO50,OUT045,1431.8470829624491
NCU18,OUT010,574.354443759204
NCR54,OUT049,3165.6984689938768
NCO18,OUT018,2771.2414242971054
FDU09,OUT045,881.2156977844945
FDT13,OUT018,2974.7876189247863
FDE09,OUT046,1847.6149292691641
NCK53,OUT019,320.5359254700185
FDG45,OUT049,3583.7360626460504
DRH15,OUT035,751.6260330776335
FDO21,OUT019,747.1345268321636
FDD14,OUT027,5128.11407524575
FDC09,OUT046,1657.3296937721086
FDH45,OUT027,1070.1392863659746
FDV32,OUT046,1035.449587957524
FDG12,OUT035,2026.1927197294476
FDS32,OUT013,2113.0205224245847
NCL55,OUT018,3440.1822722463276
DRE01,OUT035,3803.5819259860345
DRE15,OUT049,1286.4270844070443
NCL42,OUT045,3689.125113038904
FDP31,OUT013,1019.6113299124764
FDN33,OUT018,1313.4195645784243
FDZ59,OUT046,2620.114814789374
FDE45,OUT010,450.51140804436847
FDJ07,OUT013,1932.3056157994451
FDQ45,OUT018,2870.105574538569
FDM33,OUT027,5341.636251603369
FDO15,OUT010,472.27010418978494
FDM46,OUT013,1463.5067892688492
FDR03,OUT045,3229.5689445680987
FDY49,OUT018,2573.2384856065582
FDQ60,OUT045,1886.3459011320715
FDW10,OUT049,2644.6615261813786
FDO51,OUT049,778.7795430511906
FDJ40,OUT018,1390.5929565068816
FDS20,OUT018,3030.3167765100666
FDU45,OUT013,1872.5518753500933
FDV02,OUT035,2763.616798336416
FDN09,OUT046,3856.062235493633
NCM55,OUT027,4994.49840796699
FDN23,OUT018,2087.86342200977
FDY31,OUT010,447.1326545365765
FDW03,OUT010,553.9186275721024
FDD14,OUT046,3000.171524847176
FDV23,OUT017,2052.8152880613998
DRI03,OUT045,2792.781373364106
FDN13,OUT035,1663.0375020710517
FDF45,OUT027,1683.7251904753607
FDU46,OUT035,1433.0992641917874
FDB57,OUT049,3622.255754789971
FDV12,OUT049,1684.845700354649
FDQ58,OUT013,2464.8451409515096
NCA18,OUT017,1961.4219666009878
FDH52,OUT049,1006.4019740069664
FDM24,OUT018,2086.124724211554
NCP43,OUT027,4773.427807045606
NCO18,OUT019,512.8184631832717
FDM32,OUT017,1474.190330554968
NCL07,OUT017,731.8473099809652
FDK03,OUT013,4223.795932795105
FDP59,OUT017,1669.6898542171498
FDQ24,OUT049,4205.405804316831
FDQ16,OUT018,1373.0913825832683
FDU44,OUT013,2590.2400671588452
FDH28,OUT010,100.53057720334196
FDV28,OUT019,146.85603643178024
FDM22,OUT045,884.8820233999563
FDR56,OUT046,3044.418886527244
FDV39,OUT049,3010.9887346883365
FDU37,OUT019,424.3293864793001
FDQ11,OUT010,994.3598804130135
FDX02,OUT045,3664.3428253612306
NCS42,OUT018,1301.761312637857
FDY57,OUT027,2620.2734091155703
FDB21,OUT049,3944.075097968606
FDE28,OUT017,3790.771667043221
FDQ55,OUT017,2025.125190816215
FDA48,OUT049,3751.847336430632
FDZ19,OUT045,2789.7612919398375
NCC43,OUT045,3717.3466055846384
NCV18,OUT046,1269.4149781184192
NCA42,OUT018,2351.1900390860155
FDY45,OUT046,3955.093424766468
NCC30,OUT045,2867.4175804414203
FDM57,OUT013,1348.9120066575422
FDL09,OUT010,487.74403067070546
FDB09,OUT027,3333.860640617284
FDT44,OUT035,1953.8893702084974
NCT06,OUT027,4091.5212983646848
FDX26,OUT049,3266.818295787741
FDK32,OUT013,2444.6458839362854
DRA12,OUT046,2156.3291562185777
FDO46,OUT010,636.0573455993134
FDE52,OUT013,1341.1065095737522
NCH42,OUT045,3746.0048359388475
FDV08,OUT035,756.8819060258612
FDB47,OUT018,3239.939987829757
FDC28,OUT010,490.9737780992162
FDD22,OUT046,1886.3459011320715
FDS07,OUT027,3199.8329974434537
DRI13,OUT045,3455.6902299607596
FDG32,OUT018,3083.2681267672574
FDU14,OUT017,4125.632865355271
FDD28,OUT019,327.029467750166
NCP41,OUT017,1741.3657068092282
FDS08,OUT049,2892.8017992427654
FDX47,OUT045,2558.6320621455543
FDC53,OUT019,324.10353800422297
FDQ19,OUT035,4053.0317568361565
FDL14,OUT045,2426.774693447875
FDM33,OUT019,646.3366131371611
FDA51,OUT045,1878.0903305430138
FDZ27,OUT018,688.0826510718085
FDT04,OUT046,722.0176136439917
DRC13,OUT049,2128.9776232329787
FDR16,OUT027,5317.214622402618
FDQ03,OUT027,6024.696110866666
FDE38,OUT035,2773.338098450209
DRH23,OUT027,1709.584862346938
FDT11,OUT019,606.6706680581149
FDD09,OUT035,3016.7269674823874
FDR40,OUT045,1307.0479637770034
FDX07,OUT017,3281.0724832312444
FDR07,OUT035,1577.8505235879968
FDA51,OUT017,1947.8703738112304
FDT59,OUT019,781.4684226184095
FDF20,OUT017,3156.95827136349
FDR13,OUT045,1900.7868257561581
FDY26,OUT049,3478.6712330351793
FDW04,OUT017,2104.93249893813
FDK52,OUT017,3860.238669632713
FDN60,OUT049,2651.5136130145424
FDM09,OUT019,530.5261519937926
FDP46,OUT049,1388.691029120941
FDB50,OUT019,424.3293864793001
NCQ29,OUT049,4185.952142131027
FDP16,OUT027,6085.02784828706
FDX33,OUT018,2348.9111283186485
FDP07,OUT010,591.8922029707414
FDN22,OUT046,3753.274590701372
FDF39,OUT049,4250.246375004517
FDS21,OUT017,1022.2663388056411
NCM42,OUT013,1669.5448826576203
FDK50,OUT019,467.8097940149184
DRF13,OUT027,3739.082728038863
FDH35,OUT018,2478.11372671528
FDP60,OUT018,1301.8671058008924
DRJ49,OUT027,3340.818543352185
NCT42,OUT019,469.58553598425857
FDE38,OUT049,2772.835483587517
FDI04,OUT049,3130.4161213030493
NCH54,OUT045,2548.7811411881953
FDT56,OUT049,991.7912814276357
DRD15,OUT018,3171.461162940466
FDV58,OUT013,2839.1734602747783
FDP21,OUT049,3161.8492074304513
FDH05,OUT013,3840.8242321637454
FDR10,OUT027,3967.072033998019
NCP06,OUT045,2394.49104396699
FDF33,OUT049,1706.1437256703757
DRK37,OUT013,3126.4352368306995
DRH49,OUT045,1310.7142893924652
FDT58,OUT013,2724.779296652822
FDD41,OUT018,1370.569294774092
FDP40,OUT018,1487.4410088724428
FDM51,OUT027,2620.6962862174137
FDO45,OUT010,547.0158480934521
FDW33,OUT010,511.81010486635205
FDY24,OUT045,902.5988972344945
FDB10,OUT010,772.6373444163552
FDM40,OUT035,2147.364427400836
NCI06,OUT017,3008.677795192438
FDW12,OUT019,398.91389697369505
FDX48,OUT027,3950.7494431294417
NCW05,OUT027,2651.8697749943685
FDX27,OUT017,1583.8932559316852
DRM37,OUT045,3049.502578947933
FDA38,OUT045,3874.8131462161246
FDR36,OUT046,718.7732257082722
FDZ45,OUT046,3065.6806713431556
FDG05,OUT017,2590.515835513567
FDK28,OUT013,4211.677148121992
FDV47,OUT045,1353.6133364379366
FDN21,OUT045,2548.7811411881953
FDP20,OUT027,3460.3688441936056
FDI35,OUT045,3154.1324372065005
DRY23,OUT013,734.5196943950704
FDA56,OUT017,2075.1363903790652
FDB09,OUT013,2055.9282223664068
NCO26,OUT027,2983.769894063183
FDQ49,OUT018,2166.42575071652
FDI52,OUT027,3160.028821200311
FDZ44,OUT027,3047.791645305697
FDZ09,OUT018,2467.752024270192
FDY03,OUT049,1985.3431817721207
NCG42,OUT017,2123.9152391894922
DRI13,OUT027,5571.121256915801
FDQ32,OUT013,2055.9282223664068
FDW16,OUT035,1478.4031683727947
FDU27,OUT046,762.804913949838
FDR28,OUT010,490.67457205983624
FDQ49,OUT010,485.09255202586087
FDS37,OUT046,1897.2192132219539
FDW26,OUT018,3018.9460768133995
FDX12,OUT018,3256.892180315974
NCP06,OUT013,2425.1539546252216
FDW45,OUT010,455.91923465155895
NCN30,OUT049,1599.3634690847011
FDN24,OUT049,930.1312710144814
NCL41,OUT027,1027.296848126534
FDR02,OUT019,282.03684402195125
FDD09,OUT010,576.9737750024991
FDS33,OUT010,543.3495224779903
FDU22,OUT045,1930.6378480299588
FDI53,OUT013,2617.3421184248173
DRH01,OUT049,2885.6832505289367
FDX32,OUT013,2196.1565954347802
NCP30,OUT018,528.6658239482332
FDB60,OUT045,3049.6553794530864
FDB14,OUT049,1507.7075859236534
NCP02,OUT035,921.8101727818878
FDJ10,OUT017,2128.4812926502805
FDG34,OUT046,1753.351785844962
NCB18,OUT017,1406.3801479268013
FDM16,OUT049,1101.5241290329695
FDW25,OUT018,1174.248356216049
FDB35,OUT010,525.49272900462
DRN11,OUT013,2156.3317572583796
FDF41,OUT019,639.5272913526626
FDH16,OUT045,1349.9470108224748
NCQ50,OUT018,3016.36085424758
DRH23,OUT018,742.6825086124669
DRJ37,OUT013,2440.75867969154
DRJ24,OUT027,5013.931133568844
FDY16,OUT035,3216.616961826581
FDQ27,OUT045,1710.375752604483
FDZ33,OUT045,2417.7827290114164
FDF29,OUT045,2089.8541623657966
FDA08,OUT049,2699.9472738866093
FDG31,OUT046,1039.1159135729858
FDE34,OUT019,670.4613464625367
NCR30,OUT027,2010.5442164135989
FDV33,OUT035,4187.558526587845
DRZ24,OUT018,1499.114826969533
NCL54,OUT035,2836.482638568494
FDR12,OUT049,2901.5883793577473
NCC54,OUT046,3739.99428349507
DRN59,OUT013,800.6625802223562
FDX50,OUT019,281.73751753351934
FDV31,OUT027,4669.213610916568
NCA29,OUT027,4651.191986503551
FDW60,OUT049,2856.4331881000135
FDX08,OUT017,3278.9728777736154
DRD49,OUT013,3808.143437326674
FDD33,OUT046,3711.2534051455364
FDW35,OUT013,741.8160378820885
FDJ36,OUT017,1694.1458334971137
FDV51,OUT035,2763.563586768806
FDW36,OUT046,1644.975501122922
FDH35,OUT046,2659.221532971382
NCS30,OUT027,3241.1618739049964
FDN49,OUT017,735.6280186802352
FDL08,OUT018,3219.3423519632015
FDI09,OUT013,3779.7274297199106
FDP19,OUT018,1575.1726861210382
FDU21,OUT010,122.827192683468
NCP41,OUT045,1657.3296937721086
FDY10,OUT013,1880.9531807705575
FDP12,OUT018,520.6253434682169
NCN26,OUT049,1998.3689088208803
FDK44,OUT013,2843.5427115193716
FDC28,OUT049,1734.4048153476554
FDJ41,OUT027,6026.932520593479
NCT29,OUT035,2061.6018681763817
NCH42,OUT019,743.791539527864
FDU60,OUT018,2557.0428691849124
FDS02,OUT045,3012.240007886773
FDC51,OUT046,2003.9543996465964
FDU03,OUT013,3121.267692064833
FDX39,OUT045,3500.58235129684
NCY05,OUT010,139.18835248635776
NCL06,OUT027,5754.745210254367
FDD32,OUT035,1329.3951227117827
NCN41,OUT045,2001.9567093548526
NCX53,OUT049,2177.8497044976016
FDU57,OUT019,458.71222389437645
FDQ23,OUT046,1648.5431136571262
FDQ52,OUT045,3930.394478290913
FDC14,OUT045,733.6391034454118
FDY09,OUT035,2909.873761211268
FDQ28,OUT045,2424.687961472974
FDV25,OUT046,3644.845715957183
FDJ07,OUT035,2021.9075506085428
DRB25,OUT049,1719.763998671618
FDK52,OUT019,671.6430490560892
FDY52,OUT027,1779.031963435266
FDB28,OUT046,3010.1287282939347
FDT36,OUT035,724.6734694925808
FDV25,OUT017,3755.3324416270266
NCN07,OUT027,3386.1893178410005
FDC57,OUT017,3168.3622626114598
FDQ03,OUT018,3200.782274525144
FDU23,OUT017,2796.3152433555792
NCX41,OUT035,3652.6845196451304
NCD06,OUT035,808.0918770410028
FDW08,OUT045,1653.7620812379043
NCU29,OUT017,2497.9867505792386
NCE06,OUT013,2581.321046175172
FDV52,OUT010,484.51204701495425
FDB02,OUT017,2890.601223900183
NCR18,OUT045,735.5557169397346
FDK16,OUT049,1600.5308363554993
NCQ29,OUT010,782.7808699818241
FDZ01,OUT019,330.31426408274234
FDW27,OUT035,2547.230651058681
FDD17,OUT018,3208.1395825529394
FDW39,OUT013,2850.6612602332
DRH59,OUT045,1108.6935878375311
FDS52,OUT013,1669.5448826576203
FDU40,OUT027,5581.403595807074
NCF54,OUT013,2843.675152388063
FDH46,OUT045,1644.975501122922
NCP14,OUT049,1710.9774185566357
FDH50,OUT049,3170.6357875454332
DRF15,OUT010,483.7476519619906
FDV27,OUT027,2363.744815489199
NCJ06,OUT049,2055.9221973703106
FDN02,OUT018,3145.0669919071356
FDQ51,OUT049,899.948992712822
FDQ07,OUT017,3736.3126660236885
FDS45,OUT049,1781.9586299611515
NCJ06,OUT045,2012.830021444735
FDD36,OUT035,2013.6156848976493
FDY25,OUT045,3158.1813756589568
FDU52,OUT046,2408.137192375534
DRK47,OUT017,3979.923319626421
NCL30,OUT017,2115.5882154922065
FDN22,OUT035,3937.038935589058
NCF30,OUT027,3256.612766794303
FDK03,OUT035,4274.234108352827
FDT45,OUT017,912.5613759350497
NCC54,OUT027,5868.939274275654
FDP08,OUT018,2964.0756083103324
FDU44,OUT046,2613.296773465492
DRG39,OUT035,879.8487214754438
FDU32,OUT049,2120.787266131089
FDY27,OUT049,2904.2916198691523
NCP54,OUT013,2029.2928826555801
NCZ41,OUT049,2153.2994106725605
DRL49,OUT013,2091.6696737883317
FDI05,OUT018,1055.3844669623193
FDY56,OUT045,3791.071922283237
DRC13,OUT013,2062.914330211544
NCV29,OUT017,2988.483987644859
FDR24,OUT049,1454.407524932372
FDZ34,OUT018,2927.825819064895
FDP37,OUT035,2099.2120275716393
FDX08,OUT027,4869.327585579908
FDS57,OUT045,2113.3939220579227
NCG18,OUT049,1707.1681153821125
FDK25,OUT018,2553.667274584962
FDH53,OUT049,1248.750669044557
DRI59,OUT018,3126.730570834193
FDA52,OUT046,2806.3120610372775
FDT20,OUT010,134.46765240753956
FDE36,OUT019,448.14990181005385
FDI24,OUT017,2827.6960584535123
FDB28,OUT018,3092.2733133584984
FDV11,OUT017,2835.4602474359704
FDP01,OUT046,2413.0170925794905
FDD34,OUT027,4019.121775747069
FDJ50,OUT027,1482.7347213368646
FDZ44,OUT013,1928.7380032652409
DRO59,OUT035,1220.2912774878014
DRB48,OUT045,730.9959899010969
FDR21,OUT018,2755.9593020155658
NCE42,OUT010,886.1052974080424
FDO23,OUT046,1436.3812379911776
NCE30,OUT018,3110.1967197521117
FDQ22,OUT035,723.8507908406885
FDY01,OUT045,1886.3459011320715
FDS08,OUT017,2898.0933435017428
FDG28,OUT018,3307.4671486999987
FDQ51,OUT018,690.2450888781697
FDB05,OUT017,3953.069695656563
FDO56,OUT049,2018.079971781872
FDE02,OUT018,1313.268060917076
FDN45,OUT017,3720.0321928131484
FDS09,OUT013,796.9962546068944
NCA54,OUT018,2845.435470123952
FDP09,OUT010,624.2514910652567
FDC53,OUT045,1626.7922327349402
NCM55,OUT017,3102.3213574742636
FDL09,OUT018,2540.087881776245
FDA11,OUT019,328.1172745279276
FDA50,OUT045,1557.5234859284874
FDC23,OUT017,3024.8463879543056
FDE22,OUT049,2642.859473768252
FDD23,OUT046,3083.0311784021974
NCA29,OUT049,2896.36941177697
FDK38,OUT046,2428.6560411012993
DRC13,OUT046,2011.807630312211
NCP43,OUT049,2945.852360756258
FDX28,OUT049,1681.179374739187
FDF08,OUT049,1454.407524932372
FDZ33,OUT046,2417.7827290114164
FDD10,OUT049,2801.6073991174835
FDO58,OUT017,2660.672729170585
FDI50,OUT017,3944.797267918389
FDO58,OUT045,2632.0105180117807
FDX08,OUT013,3001.7833194972677
NCK17,OUT010,142.20878787108745
FDF39,OUT035,4253.4445179940585
FDU45,OUT010,492.92387971994714
NCJ18,OUT018,1492.9332590639558
DRC27,OUT019,631.0117615346699
DRC25,OUT035,1466.0480101962983
FDU59,OUT035,2582.7516465311087
FDU28,OUT035,3185.341430729997
NCP30,OUT046,728.4110276539044
FDB39,OUT018,747.1934681784733
FDE41,OUT013,1348.9120066575422
DRH11,OUT010,269.84245685453305
FDA58,OUT045,3720.1901897049015
FDU50,OUT046,1878.0903305430138
FDM34,OUT013,2077.5186250065167
FDM44,OUT027,2629.662440947347
FDR39,OUT045,2993.3598845035044
FDM25,OUT045,2808.3987930121784
FDQ49,OUT049,2476.4260973585588
DRH25,OUT018,727.1781799206753
FDM09,OUT027,4210.142066530744
FDL44,OUT019,484.11895219388305
NCR42,OUT018,520.8299561126262
DRL59,OUT046,831.6774850563871
FDX43,OUT013,2724.779296652822
DRK47,OUT010,731.8194543769889
FDU48,OUT018,1571.5243924278316
FDY12,OUT045,791.9887141078427
NCN43,OUT018,1607.9787487704998
NCM55,OUT018,2938.4766640391827
FDQ21,OUT027,3264.2497397627726
FDX13,OUT035,4103.727954973025
NCK30,OUT027,6044.530510901382
FDG20,OUT049,2885.6832505289367
DRG27,OUT017,744.0543525889938
FDY14,OUT018,3616.658654001614
FDP59,OUT035,1669.6898542171498
FDU60,OUT017,2766.6324962281105
NCC18,OUT019,507.4989022396087
DRJ39,OUT017,3652.6845196451304
FDS07,OUT049,2015.993239806972
FDM08,OUT027,5696.1264267398365
FDP51,OUT045,1972.5873613951264
FDU16,OUT035,1356.3940638523743
FDH12,OUT013,1674.3785755438803
DRE48,OUT010,636.0573455993134
NCL42,OUT027,6102.858144327218
FDR21,OUT045,2824.427132895021
NCW29,OUT035,2138.1058039798804
FDO11,OUT013,4125.372726040499
NCM31,OUT049,2250.2971922382235
FDV35,OUT019,438.94195542066973
FDF58,OUT017,1040.3339141370932
NCE43,OUT049,2781.4896228338075
FDA02,OUT035,2499.549063942655
DRL37,OUT010,145.70565851164088
FDR24,OUT018,1243.0036465742394
FDW59,OUT049,1342.2213494881437
FDS22,OUT049,762.2639208395378
FDW24,OUT017,817.0677561812307
FDU24,OUT035,1620.9137931396053
FDA21,OUT027,5163.321348249934
FDH58,OUT027,2983.4671083736407
FDW36,OUT018,1351.291942571924
FDI45,OUT027,4730.097655780484
FDU01,OUT018,2935.79176513785
FDF35,OUT027,2744.8919682062215
FDU43,OUT019,729.7674874700515
FDE24,OUT019,429.7096825541041
FDK50,OUT049,2688.637516346082
FDG31,OUT045,1046.2770064331062
FDC60,OUT045,1471.0540705524086
FDL36,OUT013,1426.6372261542358
FDP21,OUT013,3126.4352368306995
FDW16,OUT045,1425.63635688393
FDX02,OUT017,3843.460867421165
FDQ58,OUT027,3927.2759931520786
FDT51,OUT046,1756.9193983791663
FDD59,OUT049,1286.9986433411682
NCM42,OUT018,1389.8878059679396
FDA57,OUT018,528.6658239482332
FDZ48,OUT035,1861.0258703244149
FDE46,OUT045,2431.3646971146036
NCZ30,OUT019,387.37352284524826
FDB56,OUT017,3150.15404329538
FDA25,OUT027,2652.8354359023447
FDD20,OUT013,2071.700910326526
FDL25,OUT013,1463.5067892688492
NCO18,OUT049,2865.2197682149954
FDJ45,OUT017,718.9643055499025
FDR12,OUT035,2812.799975697873
NCF19,OUT010,197.80940834819557
FDK25,OUT046,2689.357385230705
NCR17,OUT046,1900.7868257561581
FDC52,OUT046,2418.9214627822607
NCA54,OUT017,3012.288035769301
FDR45,OUT010,868.9315442983102
NCM19,OUT049,2046.0562254931788
FDF39,OUT027,6208.3000757672535
FDX23,OUT049,1592.129530935035
FDD58,OUT027,2615.3417294998303
FDX28,OUT013,1674.3785755438803
NCD31,OUT013,2636.0181097366753
FDU57,OUT018,2097.7829761521216
FDI27,OUT046,769.635401459479
NCM42,OUT046,1648.5431136571262
FDD32,OUT027,2115.3623437428014
FDI34,OUT013,3837.157906548284
NCM29,OUT049,2163.884959697547
FDG46,OUT018,1455.7167842106685
DRC01,OUT010,194.14308273273383
FDB15,OUT027,5967.188907378069
NCA17,OUT027,3747.869308153845
FDF10,OUT046,2434.3334981088565
FDR26,OUT027,4766.504109942145
FDI02,OUT049,1936.1431617021103
NCM54,OUT010,512.3875874523762
FDF14,OUT013,2464.8451409515096
FDJ33,OUT010,501.6180219954217
FDM20,OUT035,3982.3813010399767
FDC03,OUT027,5439.839141715744
NCX05,OUT046,1895.1324812470539
NCM41,OUT027,2476.0179154335124
NCU29,OUT010,478.2219278517488
FDQ59,OUT017,1368.0360616645903
FDH46,OUT010,521.516615446658
FDH09,OUT013,800.6625802223562
NCD06,OUT045,799.8922357276601
FDC15,OUT035,2448.2600147485923
DRD37,OUT027,1096.3496297467284
FDT28,OUT027,3681.867185840675
FDR28,OUT027,4156.231904335113
FDT38,OUT017,1399.88891923452
FDV34,OUT027,1965.9148969183232
FDY52,OUT035,1081.834866708141
FDB34,OUT013,1347.744639386744
DRL23,OUT018,1356.3397988245545
DRB24,OUT046,2422.5781169996217
FDJ50,OUT046,861.6892425497183
FDQ49,OUT035,2501.3243705065915
FDP20,OUT035,2084.85823949592
FDV19,OUT027,4140.434929872528
NCR54,OUT045,3038.2541025377345
FDO09,OUT010,754.3041962748135
FDS57,OUT018,1633.915522220259
FDN10,OUT049,2003.2026017071403
FDV23,OUT049,2128.845182364287
FDY28,OUT049,3511.1634406400485
DRG51,OUT013,2624.5972665368563
FDD45,OUT019,317.83989355872797
NCL18,OUT027,5450.449528264408
NCM29,OUT013,2105.538942439321
FDF17,OUT027,5513.764972379249
FDE22,OUT017,2634.4869859957644
FDQ22,OUT017,729.9694916932805
FDS01,OUT013,2966.953845656713
FDW35,OUT027,999.0541777394745
FDJ33,OUT046,2027.5696579331548
NCF54,OUT035,2895.68319642088
FDE09,OUT013,1737.7833989183903
NCE06,OUT045,2557.850576962147
DRH49,OUT049,1262.7646513005686
FDY43,OUT045,2702.667932257269
NCT05,OUT017,4117.644386407957
FDZ34,OUT045,3161.0261290627045
FDL38,OUT017,1437.4073759784583
FDZ31,OUT017,3132.6603217506076
FDR14,OUT035,890.2511298709009
NCN54,OUT049,1271.8172938143584
NCC42,OUT027,3425.4745430528374
FDK08,OUT017,1608.1715748602853
FDP59,OUT013,1666.0583600408777
FDV22,OUT035,2611.163030996135
FDD33,OUT035,3833.315068851327
DRE60,OUT027,5945.0912095249705
FDK52,OUT046,3682.1663768362478
FDA02,OUT017,2499.549063942655
FDM56,OUT049,1735.4292050593922
FDE57,OUT035,2181.243750976558
FDM32,OUT045,1415.1899871621226
NCQ30,OUT027,3083.9823680887334
FDQ27,OUT027,2625.529979103673
FDT60,OUT027,3167.7989777906932
FDU43,OUT049,3961.7743846268545
NCO55,OUT035,1703.8852170174814
FDG02,OUT045,2868.154651394391
FDJ28,OUT013,3135.2218169456814
FDP40,OUT045,1860.8923679337954
FDJ38,OUT045,3057.4195684355445
NCC54,OUT017,3918.3755221709694
NCZ41,OUT046,2028.5920490656788
FDK38,OUT019,469.58553598425857
FDU52,OUT013,2440.75867969154
FDC40,OUT046,1163.7727607417994
NCR30,OUT017,1133.011909367337
NCN18,OUT017,1896.212262886955
FDB50,OUT035,1335.8120141056145
FDG04,OUT013,3028.564124998182
FDR26,OUT035,2841.31077597177
NCT17,OUT018,2930.577360419178
FDX35,OUT027,5078.881101316982
FDS12,OUT046,2050.5354449469833
NCZ29,OUT027,3261.530332941172
FDB38,OUT010,503.41611770459633
FDP12,OUT013,730.7306682618687
FDP22,OUT046,807.8636082927287
FDS26,OUT018,3453.8528521623716
FDR52,OUT046,3021.844111233358
DRJ13,OUT046,2566.637157077129
FDU48,OUT027,3356.6673043278547
FDE29,OUT035,1021.4133440201978
NCT29,OUT049,2100.2555515472513
DRK37,OUT018,2930.577360419178
FDK55,OUT046,1327.2048143021539
FDR07,OUT046,1535.4138471985266
FDO21,OUT027,5113.917533782799
FDK46,OUT049,4270.6623988219735
FDB12,OUT045,1644.975501122922
FDT31,OUT027,4722.4981223958375
FDJ33,OUT045,2027.5696579331548
FDC26,OUT027,2900.9143931267076
NCQ02,OUT045,2841.4016725190686
FDP08,OUT010,556.5039453119045
FDB11,OUT027,5594.233123593155
FDV55,OUT013,2454.2914205721677
FDW20,OUT049,2064.256296073081
NCJ18,OUT019,342.3014701818129
FDC41,OUT018,973.8631539243594
FDE14,OUT027,2627.5234506987654
FDG35,OUT013,2628.0429150136215
FDF45,OUT035,916.1289884692541
FDS19,OUT027,2163.740953716182
FDS58,OUT019,462.2277739809431
FDA26,OUT017,3923.388575235727
FDM32,OUT049,1369.8433539786695
FDL45,OUT046,2077.0755205508194
FDZ55,OUT049,2661.3044563771887
FDY37,OUT049,2212.9440941249263
FDO46,OUT046,2933.7098414668667
FDQ60,OUT046,1929.6154568974348
FDA19,OUT018,1599.9811553112802
FDL15,OUT046,2427.797084580399
FDM10,OUT018,2995.485521931293
NCL05,OUT017,745.4837679195725
DRK49,OUT010,142.69370506163892
NCE18,OUT027,6255.431657648875
FDG40,OUT049,734.6469572275166
DRI59,OUT045,3646.4451209501317
FDK28,OUT035,4105.82205102894
NCD06,OUT019,218.1362532916661
FDO11,OUT019,844.2806435412547
FDK27,OUT046,1936.292192539063
FDT43,OUT027,1279.2710155728178
FDD38,OUT018,1362.5505249030737
FDA16,OUT049,3647.6228651275137
FDL14,OUT027,3959.5360232444236
NCM17,OUT049,762.7490921955253
FDD20,OUT045,2043.032973689766
FDA40,OUT045,1353.6133364379366
FDL43,OUT045,1289.3819814122594
FDV15,OUT045,1644.975501122922
FDE52,OUT046,1383.7383260094234
NCL17,OUT010,447.1326545365765
NCJ31,OUT045,3708.9219114593325
FDR60,OUT045,1285.2434984891615
NCA18,OUT035,1961.4219666009878
FDS21,OUT027,1801.0564782811537
FDW09,OUT035,1342.7021187663547
FDL26,OUT035,2475.850192238994
FDS47,OUT018,1215.4539849799405
FDC39,OUT046,3354.519809539753
FDT51,OUT035,1830.9350993069645
FDK40,OUT035,4179.680614913139
NCG19,OUT045,3668.4104330649857
FDZ07,OUT046,956.9990578618897
FDF08,OUT027,2435.3679435216927
FDO04,OUT013,871.9496536948792
FDK41,OUT018,1137.0101543660608
FDP15,OUT049,4124.936125503795
NCD43,OUT018,1377.9699150954857
NCP18,OUT013,2473.6317210664915
FDZ51,OUT046,1436.9521083800712
DRH13,OUT035,1723.964431128659
FDF38,OUT045,733.5403903641544
NCI43,OUT045,803.4598482618645
FDM38,OUT027,1728.2256484980412
FDS03,OUT013,1052.4550559659885
DRJ47,OUT017,2895.68319642088
FDT50,OUT010,499.00149644362324
FDV02,OUT046,2798.000340944883
NCG18,OUT017,1710.0965052609733
FDW52,OUT046,2639.774706994239
FDS40,OUT035,733.5371042274849
FDN31,OUT017,3171.340184311588
FDA37,OUT045,2011.807630312211
FDA15,OUT046,4139.026976982162
FDL39,OUT046,2864.1515309253823
FDJ53,OUT045,1993.1701292398702
FDX22,OUT013,3585.450024399921
NCZ42,OUT045,3845.9281633374276
FDD56,OUT027,4523.9063384216115
FDD40,OUT017,3172.253406081792
FDS50,OUT013,3735.8632228130323
NCN14,OUT013,3076.0822580681233
FDT15,OUT013,3190.2259152351207
NCS18,OUT027,2580.590178736558
NCO26,OUT010,496.3088587456803
FDF58,OUT018,829.0829368162155
NCB19,OUT013,1348.9120066575422
FDH26,OUT017,2197.7945200739982
DRB24,OUT027,3856.0487359988206
FDA49,OUT018,1168.3271474981905
FDB32,OUT045,1555.3326867957378
FDI36,OUT017,3217.178042520395
NCA17,OUT010,474.6954795849429
FDH22,OUT013,2062.7818893428525
NCM26,OUT018,2119.1278751722407
FDT15,OUT027,5187.684667877646
FDB16,OUT018,1185.682163932743
NCP54,OUT027,3209.1436605214767
FDJ36,OUT013,1683.1651556588627
FDO28,OUT045,1938.0872926059517
FDU09,OUT013,864.715715545213
FDF29,OUT017,2137.5429692650528
FDY08,OUT013,2115.4832550726255
DRJ59,OUT018,524.1929560024213
FDT23,OUT027,2160.4704048295666
FDU15,OUT018,528.1786838478547
FDT47,OUT013,1644.9931113377515
FDI53,OUT019,456.9364819250363
FDR59,OUT018,3363.848619230743
FDD53,OUT035,740.9240408809349
FDY51,OUT017,3594.266662522364
FDT04,OUT049,743.3141512175727
FDU51,OUT049,2810.6526372246553
FDG14,OUT035,2491.5603747713085
NCU06,OUT045,3703.4508663519814
DRG25,OUT046,3048.055974460138
DRH49,OUT035,1367.0487134155342
FDN15,OUT035,2164.2394695414823
FDL43,OUT018,1030.04574588966
NCT18,OUT049,3270.3752036363217
NCB31,OUT013,4033.623525948061
FDK57,OUT035,1966.9950131022506
FDY04,OUT019,456.9364819250363
NCP54,OUT046,2012.830021444735
FDF41,OUT013,3830.0367511950935
FDM01,OUT045,1644.975501122922
FDW03,OUT045,1707.0712700333215
FDF28,OUT045,2020.5942104271933
FDY37,OUT017,2201.362132608203
FDQ03,OUT017,3912.372927049704
FDP51,OUT027,3065.4944502106378
FDJ40,OUT017,1824.6445609691768
FDC32,OUT049,1501.4968598451342
DRI49,OUT027,2277.219899664716
NCW54,OUT017,916.5141505811881
FDF09,OUT017,735.2489289469775
FDP45,OUT018,3393.7543801638967
DRJ23,OUT018,2935.79176513785
FDS59,OUT017,1814.9051774488091
FDY08,OUT046,2071.503550922571
FDX16,OUT049,2500.6471748960007
FDY16,OUT018,2952.98936428628
FDK32,OUT035,2483.6143812214523
FDQ22,OUT013,737.3550239247082
NCC31,OUT018,2112.8307891002896
FDG58,OUT049,2518.3741539623293
DRF48,OUT013,3126.4352368306995
DRH36,OUT049,1105.1904546484313
NCR30,OUT035,1194.9082151261841
FDB03,OUT019,683.2514044650716
FDZ28,OUT027,3412.276352765147
FDR35,OUT017,3202.297416658251
DRD15,OUT027,6187.031641577694
FDJ33,OUT019,392.35170778748335
FDA56,OUT010,546.4837941180158
FDP56,OUT046,773.0822949190378
NCT30,OUT046,773.0822949190378
FDK15,OUT017,1695.098636902499
FDH44,OUT018,2092.8511645469607
FDV01,OUT013,2437.9201581040143
DRG03,OUT017,2482.3181031183185
FDG50,OUT027,2399.896124544686
FDR16,OUT010,574.5628297318408
FDZ60,OUT046,1660.155495247817
DRG03,OUT045,2416.37624138058
FDS56,OUT018,3485.150376442366
FDU33,OUT045,777.7289751151518
DRD27,OUT035,1674.969799250209
FDW22,OUT046,3666.8412837352785
DRA24,OUT045,2613.296773465492
FDF38,OUT049,756.0065585379342
FDX48,OUT013,2444.6458839362854
FDS58,OUT018,2351.1900390860155
FDC32,OUT046,1440.618433995533
NCQ29,OUT045,3888.7344712120967
DRK39,OUT018,1161.5561463633846
NCS38,OUT017,1956.125944400288
DRO47,OUT013,1869.0554789689384
DRG27,OUT027,1064.5504771083954
FDC57,OUT027,5513.764972379249
FDS55,OUT046,2417.7827290114164
NCJ06,OUT018,1499.5956829695988
FDO01,OUT019,436.9028643702791
NCM55,OUT045,3015.6793272438485
FDC52,OUT049,2510.6533641654064
FDQ15,OUT045,1271.22951623315
NCT30,OUT027,1304.549589175298
NCR42,OUT027,1020.7164538034345
FDD28,OUT035,903.5990281188882
FDQ34,OUT049,1688.4596381678693
FDZ12,OUT027,3400.900860873587
DRE13,OUT019,401.4391534275312
NCN07,OUT019,434.8161323953792
FDM28,OUT035,3042.265101441863
FDI10,OUT017,2835.4602474359704
FDQ25,OUT013,2737.9568072081865
FDA38,OUT010,868.9315442983102
DRI13,OUT049,3571.629700301393
FDY20,OUT027,2493.5873320510773
NCZ53,OUT035,3155.7643479233884
NCM31,OUT013,2461.1450875486134
DRB01,OUT017,3091.308826518725
DRF37,OUT046,4011.739907366594
NCF42,OUT049,2747.69650433769
FDF16,OUT018,2097.7829761521216
FDB41,OUT013,800.6625802223562
FDR34,OUT013,3982.7557236390926
FDR15,OUT018,2098.6402243099014
NCV42,OUT019,283.1566096283255
FDW51,OUT035,3534.046541445756
FDU36,OUT017,1637.534048373616
FDX60,OUT049,1267.5983441868286
FDY03,OUT035,1945.3460606245706
FDW55,OUT045,3717.6630054293473
FDT01,OUT010,590.8839056853448
FDG58,OUT013,2451.499550912731
FDK21,OUT017,4252.227495380631
NCS41,OUT019,650.2734894322031
FDS10,OUT045,3011.195084539695
NCT53,OUT046,2570.653168939189
FDJ28,OUT018,2949.9868927903435
FDX44,OUT045,1349.9470108224748
FDT20,OUT018,531.579892655871
FDO44,OUT017,1765.6453333753489
NCX17,OUT049,3733.3858949562104
FDY01,OUT017,1950.557004492978
FDJ12,OUT027,5404.830108656022
DRK35,OUT018,526.8261724550634
FDD47,OUT019,464.8792526257877
NCM53,OUT035,1706.528892726769
FDO45,OUT013,1344.1770268525397
NCM42,OUT010,491.27310458764777
FDE04,OUT046,2897.338200743439
NCI30,OUT027,5968.129121255426
FDZ19,OUT013,2850.5288193645088
FDW57,OUT013,2874.8086752117615
FDA25,OUT013,1681.6136913341363
FDT22,OUT046,925.0330645197462
FDP51,OUT013,1935.0525767108052
FDD48,OUT027,2974.680528258659
FDY39,OUT035,3252.6450007405515
FDO48,OUT010,779.7506399794162
FDD23,OUT027,5095.682724822109
DRN35,OUT027,1040.3365896497771
FDT01,OUT035,3485.8118670132385
FDC20,OUT010,274.07965285888855
DRJ35,OUT035,1038.6689158947372
FDB32,OUT046,1517.0743050905687
FDL24,OUT046,2811.966405546383
NCV42,OUT035,1898.1501675116383
FDZ46,OUT046,1664.735196752611
FDC15,OUT013,2402.054341806356
FDD08,OUT019,178.34073639884735
FDY50,OUT049,1451.3370076535846
FDD36,OUT013,1941.0921959144275
FDG57,OUT027,1310.7342067695515
FDL21,OUT018,532.2334364824376
FDN16,OUT027,2629.4221614811245
FDJ09,OUT027,1180.3771095523912
FDS01,OUT010,510.5641583959049
FDV33,OUT017,4145.744537015376
DRE12,OUT017,1940.6446953636855
FDR07,OUT013,1566.20572409166
FDP48,OUT010,685.4131410823101
NCB55,OUT035,893.3216471496884
FDQ08,OUT013,958.3944035033707
FDR34,OUT035,4060.652037157666
FDO33,OUT046,1841.9605847600599
FDP13,OUT045,725.2364041414028
FDX12,OUT049,3932.062343785934
NCT06,OUT049,2742.991309297394
FDR16,OUT019,644.5839005700027
FDE36,OUT046,2630.988126879257
FDZ36,OUT049,3161.8492074304513
FDV13,OUT045,1363.39167505066
NCZ17,OUT035,732.4146049561288
FDU56,OUT045,3159.5617863619327
FDM09,OUT035,2835.4602474359704
FDV02,OUT017,2884.262353221061
FDS34,OUT018,1419.2316020406638
FDA11,OUT049,1592.129530935035
FDP09,OUT017,3766.5687843195906
FDB29,OUT027,3012.8445281434183
FDT19,OUT017,2879.9782716439995
DRH15,OUT017,751.6260330776335
FDY38,OUT046,3719.0175941279945
FDF14,OUT027,3751.4369206880497
FDN48,OUT010,515.446280281321
FDQ12,OUT013,3896.4581604654823
NCJ43,OUT045,2804.202216563925
FDE17,OUT019,458.71222389437645
FDB05,OUT035,3953.069695656563
FDH10,OUT045,2783.6725137047706
NCR06,OUT017,744.4916534151392
FDU32,OUT018,1568.4929891406273
FDD56,OUT049,2885.6832505289367
FDO36,OUT018,2818.63262370721
FDH16,OUT010,521.8264033891581
FDX10,OUT018,529.5973820745276
FDZ37,OUT017,1435.146666906731
FDU31,OUT010,647.2072607649912
DRC49,OUT049,2205.489277345976
FDL15,OUT045,2427.797084580399
FDN32,OUT019,615.4572481730975
DRH59,OUT027,1986.9147185949857
NCU29,OUT049,2522.0742073652254
FDR37,OUT019,624.5316526960283
FDS14,OUT018,2243.201038058645
FDU02,OUT027,6009.90975567188
FDJ08,OUT035,3117.077604187134
NCZ06,OUT045,3750.247448190458
FDO31,OUT049,1259.0983256851068
FDH31,OUT018,1375.3503642352653
FDS58,OUT017,2627.9627716234936
NCA53,OUT027,1257.6422774557761
FDF50,OUT046,3030.3165853242685
NCW42,OUT049,3621.7030280580702
NCQ17,OUT045,2408.137192375534
FDK51,OUT018,3605.488730674252
NCW41,OUT010,488.66016456006525
NCR29,OUT017,921.8101727818878
FDB08,OUT019,462.2277739809431
FDA40,OUT027,2422.527450723391
FDL14,OUT018,2347.622426551811
FDB47,OUT046,3505.588805777993
FDO03,OUT035,3944.797267918389
DRK13,OUT019,560.6817397332647
FDX13,OUT010,771.5511258634416
FDF52,OUT046,3103.060072749577
FDT11,OUT013,3126.4352368306995
FDB08,OUT013,2581.4534870438633
FDQ28,OUT018,2084.1704331053447
FDD29,OUT045,3957.8896182381295
NCQ29,OUT027,5737.432124477719
NCO02,OUT013,1052.4550559659885
FDR56,OUT010,583.1260406271009
NCM54,OUT049,2121.9915153878414
FDP51,OUT035,1959.3435846079603
FDT38,OUT013,1353.1741406096783
FDZ20,OUT018,3365.450674395495
FDJ53,OUT013,2025.405678410835
FDX13,OUT049,4182.742603739978
FDP58,OUT035,3652.401083419334
NCK31,OUT019,284.3091773727864
FDA35,OUT018,1575.6116956046726
FDV37,OUT018,3016.6839262508734
NCO07,OUT027,4998.088066596181
FDA20,OUT045,3049.6553794530864
FDZ59,OUT035,2729.4972261956823
NCY17,OUT017,735.2337722117053
FDQ28,OUT035,2472.7410691315695
FDV35,OUT017,2459.6808579484114
FDQ36,OUT013,720.2851306306434
FDD34,OUT018,2438.9402176750577
FDK51,OUT045,4123.208541915602
FDV31,OUT035,2827.6960584535123
FDR04,OUT035,1641.1016609078204
FDR14,OUT049,919.9287093480809
DRC36,OUT010,524.8099291383073
FDE39,OUT019,262.12800773177423
FDP57,OUT049,1712.0018082683725
FDE57,OUT046,2115.4806540328236
NCN18,OUT046,1747.2405223688788
NCQ05,OUT018,2112.8307891002896
FDW47,OUT035,2016.678340616385
FDV46,OUT035,2149.615309898446
NCP29,OUT045,1032.0815083641255
FDE09,OUT018,1469.3192977968442
NCU06,OUT027,6020.070590271451
FDT19,OUT010,474.1519911371188
DRF15,OUT017,2482.1393383243144
DRI51,OUT013,2715.9822436290256
NCX54,OUT013,1674.3785755438803
DRE01,OUT013,3808.143437326674
NCB07,OUT045,2989.0572319286525
FDU50,OUT035,1947.8703738112304
FDG40,OUT035,724.2603277506022
FDW10,OUT018,2664.2956509961227
FDX51,OUT013,3126.4352368306995
NCP17,OUT045,1049.8446189673105
FDP21,OUT035,3163.5285369058465
FDL04,OUT045,1653.7620812379043
FDV23,OUT013,2036.1465496320266
FDF24,OUT046,1255.415321369137
FDH56,OUT027,3164.615109677751
FDB51,OUT049,998.5964769231765
FDI58,OUT027,2547.727166888923
FDR20,OUT013,804.2301927565605
FDC51,OUT018,1553.7042817846425
FDB16,OUT027,2325.265031629838
FDE40,OUT049,1003.9237635457125
NCM17,OUT035,748.0182712909572
FDU56,OUT035,3220.5838958703284
FDS32,OUT019,472.45513748279603
FDX02,OUT049,3762.6059032157555
FDT39,OUT027,3812.9075211123927
FDE35,OUT017,921.8101727818878
NCI42,OUT019,681.7118329236253
DRL23,OUT046,1657.3296937721086
FDA10,OUT046,2004.0919829017432
FDA11,OUT013,1562.0429819785672
NCM06,OUT046,2408.137192375534
NCT05,OUT035,4139.622086520832
NCQ02,OUT010,511.24527271499176
NCY06,OUT049,2142.457927228322
FDY56,OUT035,3851.225056403623
FDL02,OUT035,1700.356559575633
NCI06,OUT035,2900.2473313858313
FDQ14,OUT045,2417.23519790148
FDQ12,OUT017,3940.6994045513925
FDP36,OUT046,773.0822949190378
FDK21,OUT027,6096.371143417153
FDO40,OUT045,2437.442621216281
NCK54,OUT019,306.2014808589236
FDY09,OUT018,2752.97626238316
NCW30,OUT049,4352.399404707302
NCC55,OUT027,1020.5118411590253
FDE58,OUT018,1490.15004084958
FDR39,OUT013,3028.8242444862535
FDU28,OUT049,3122.331598076438
FDH08,OUT017,3854.3422006619176
FDG35,OUT045,2693.7378331288733
FDG22,OUT049,734.6469572275166
FDC34,OUT035,2556.017231173663
FDP15,OUT018,3355.3683442715264
FDK34,OUT010,872.597869913772
FDU45,OUT035,1983.4835246633133
FDQ04,OUT027,1051.64848235892
FDX22,OUT018,3124.3984395851467
FDB45,OUT017,1657.1047655419586
NCH43,OUT027,5289.222311902808
DRE60,OUT046,3555.0497454517636
FDD17,OUT027,5943.7372622783205
NCM54,OUT017,2122.468398891178
NCH55,OUT013,2086.6581983626934
NCT06,OUT017,2687.150662699332
FDA48,OUT027,5183.838631590073
FDY58,OUT027,6187.031641577694
FDO25,OUT045,3435.084037730881
FDN50,OUT045,1575.5573951302686
FDH35,OUT035,2707.2746406299775
FDK09,OUT045,3725.513656398176
FDO16,OUT013,1374.1679928611277
FDW11,OUT045,1062.0874430700908
FDU47,OUT027,3466.4325568506497
NCQ42,OUT010,512.3875874523762
FDK55,OUT027,2427.037844986828
FDN08,OUT049,2007.2066596919897
FDT57,OUT045,3887.997597728265
FDJ12,OUT018,3167.930494077994
DRL59,OUT017,854.2316781884751
NCN53,OUT046,752.771577997984
FDO51,OUT010,146.19000152873514
FDK56,OUT017,3091.308826518725
FDY12,OUT035,858.2473071511752
FDU15,OUT035,733.5371042274849
FDQ19,OUT046,3961.6801969800763
DRF15,OUT045,2416.37624138058
DRE25,OUT019,323.8800785235721
FDK57,OUT018,1501.0983252000133
FDD33,OUT010,688.8445148173479
FDR34,OUT027,6258.059340775643
FDU04,OUT045,2007.6110538639568
FDE35,OUT019,385.7546460112299
NCD31,OUT035,2686.372799879539
FDJ56,OUT035,1698.3072487844936
NCU53,OUT046,2623.223937896799
FDD39,OUT035,3709.926499109101
NCU17,OUT019,310.82941488971267
FDJ20,OUT046,2037.0517953031217
NCW41,OUT018,2273.3358441222804
FDL52,OUT035,748.7545664530192
FDS39,OUT035,2184.811363510763
DRJ47,OUT045,2809.4211841447022
FDP13,OUT010,107.22564629895557
DRK39,OUT010,524.8278399178852
FDF28,OUT010,519.2677708513478
FDB09,OUT045,2039.4653611555618
FDM51,OUT046,1550.7510895069026
DRM49,OUT018,645.7081104696867
DRF23,OUT013,2850.5288193645088
DRH01,OUT035,2851.165172212851
FDH12,OUT027,2678.854969895527
FDA28,OUT019,392.35170778748335
FDW37,OUT018,1225.901907062815
FDF02,OUT046,1659.9728073164235
DRL37,OUT046,726.5773406826294
NCF43,OUT046,2115.4806540328236
FDH08,OUT010,810.8551001596079
FDR34,OUT019,785.1347482338713
NCK19,OUT049,3172.684576839014
NCD55,OUT018,536.7931635210753
FDT27,OUT049,3889.654080647377
FDQ57,OUT045,2432.223653635504
FDA47,OUT035,2636.3939667185227
DRG15,OUT027,1841.516783235026
FDE05,OUT018,2121.7427455854922
FDN46,OUT046,1644.975501122922
FDX27,OUT027,2557.2192668542166
FDT51,OUT045,1756.9193983791663
FDU33,OUT013,737.4451204732728
FDJ16,OUT027,1751.935526944091
FDD20,OUT019,387.37352284524826
FDT36,OUT049,741.2273515506163
DRF15,OUT027,3723.1168546811336
FDN52,OUT010,529.4058158933287
FDC22,OUT027,5449.558846345447
FDX15,OUT045,2542.5917833942153
FDT13,OUT013,3135.2218169456814
FDU04,OUT017,2075.1363903790652
FDU31,OUT019,644.5839005700027
FDW59,OUT027,2346.3148828812814
NCO29,OUT046,2623.223937896799
FDL15,OUT035,2482.93722926795
FDI41,OUT049,2506.5334589518284
FDQ48,OUT049,1647.7906947941062
DRI39,OUT013,868.9778494973491
FDI08,OUT013,4204.306515801528
FDC21,OUT049,1849.6403769787837
FDF58,OUT035,1058.0671522919477
FDS08,OUT010,501.76471047218376
FDE47,OUT045,2040.0410364043364
NCP18,OUT019,469.58553598425857
NCR41,OUT013,1574.1106130144933
FDA27,OUT013,4032.420958969831
FDA43,OUT035,3137.5487389923246
FDA49,OUT045,1359.8240625164558
NCE55,OUT018,2781.193539667863
DRM49,OUT027,1160.136178844227
FDF22,OUT027,5403.636306328467
FDQ15,OUT018,1046.9542689568366
NCS54,OUT017,2921.3832671298337
NCY05,OUT013,742.1381293408784
FDR45,OUT046,3852.3959098781716
FDK57,OUT049,2102.209842653461
FDF41,OUT010,781.3156329950225
FDV21,OUT046,2053.863557320423
FDD51,OUT046,769.635401459479
FDF33,OUT046,1668.3028092868153
FDA38,OUT046,3852.3959098781716
FDR56,OUT045,3046.0182915201926
NCN41,OUT017,2040.2625506662553
FDC60,OUT027,2436.516914477836
FDB47,OUT045,3507.1882107709416
DRH01,OUT013,2843.5427115193716
FDW08,OUT046,1653.7620812379043
FDF38,OUT027,1077.9171386549056
FDY32,OUT017,2628.6297777360646
FDG34,OUT049,1726.003509927191
FDG47,OUT019,834.731678193169
NCF18,OUT035,3129.0406947997585
FDL39,OUT019,512.8479831749399
NCH55,OUT035,2102.9668587758856
DRJ35,OUT049,1006.4019740069664
FDS44,OUT035,3901.1561975839695
DRE01,OUT018,3203.4919362796295
FDY39,OUT013,3144.296221468613
FDY32,OUT018,2363.7884983933805
FDR33,OUT027,2921.989432273696
NCP50,OUT049,1262.7646513005686
FDZ47,OUT018,1292.1939512221336
FDU57,OUT049,2518.3741539623293
FDY44,OUT013,3135.2218169456814
DRH59,OUT018,934.3521798758551
FDB03,OUT027,6050.234381495928
FDY46,OUT045,3031.8198642528723
FDM39,OUT045,2789.2137608299013
FDY36,OUT035,1193.1947152772113
NCM55,OUT035,3120.182342112177
FDJ50,OUT010,268.3357388045044
DRL60,OUT013,2464.8451409515096
NCJ54,OUT049,3869.1862042576568
FDX59,OUT017,720.5940021351404
FDI07,OUT013,3163.578264037105
DRF51,OUT010,101.12638554001629
FDM14,OUT017,1757.315816408115
FDP21,OUT045,3057.4195684355445
FDE40,OUT035,1073.9716671311278
FDE05,OUT035,2502.183327027492
FDM13,OUT027,3356.6673043278547
FDC34,OUT027,3826.8209553295987
NCI55,OUT018,1512.7042397764644
NCE43,OUT018,2562.453854699944
FDW58,OUT018,1331.6603442942974
FDG60,OUT045,3873.7472154891407
FDV31,OUT017,2827.6960584535123
FDR47,OUT013,3057.0504204328654
FDM60,OUT019,183.75114168335534
NCF06,OUT018,3273.591306255077
NCN26,OUT027,2959.947110832653
FDQ59,OUT049,1385.0247035054792
FDF09,OUT046,723.1115391479126
NCS06,OUT017,4070.9488843135887
FDT44,OUT046,1895.1324812470539
FDI19,OUT017,4037.4086129519605
FDT22,OUT017,1004.498683474701
NCF54,OUT027,4333.620672082839
DRG25,OUT045,3049.6553794530864
FDB59,OUT017,3164.6088595017145
FDQ37,OUT017,3253.111381410668
FDP56,OUT035,817.0677561812307
FDW44,OUT035,2890.601223900183
FDJ26,OUT010,594.7674798857263
FDU43,OUT018,3222.7481438747077
FDW33,OUT045,1644.975501122922
NCX53,OUT027,3492.2941508262693
FDN56,OUT010,467.34861576186654
DRF15,OUT049,2493.506358822485
FDO33,OUT017,1949.6042010875926
FDZ39,OUT010,530.3031955616405
NCJ19,OUT017,907.26535373435
FDU01,OUT035,3190.637452930697
FDT12,OUT035,3763.0966306094847
NCM18,OUT018,840.2788594423432
FDP19,OUT017,2083.545264057686
NCR42,OUT049,737.5610259351545
FDN10,OUT046,1897.2192132219539
FDG44,OUT017,916.5141505811881
FDQ10,OUT046,2844.1915428390853
DRH13,OUT049,1706.1437256703757
FDT52,OUT013,3963.91308972324
FDM56,OUT045,1756.0271024838612
NCO43,OUT010,558.4567758232666
NCV29,OUT035,2872.2140826615414
NCF06,OUT013,4120.6833362461475
FDO50,OUT035,1491.8097654798764
FDT59,OUT013,3919.4935308277572
FDX40,OUT027,1058.329768962502
FDE50,OUT017,3153.542844384135
FDX51,OUT017,3219.0144146615967
NCD30,OUT018,1299.743317565529
FDK15,OUT013,1674.3785755438803
FDL12,OUT045,994.6320435204739
FDK46,OUT017,4137.980348032919
DRH49,OUT010,556.0789300565503
FDQ57,OUT046,2432.223653635504
FDY59,OUT017,1534.8337462477891
FDO09,OUT018,3388.538907857238
NCG30,OUT035,2099.2120275716393
FDM09,OUT017,2729.4972261956823
NCN17,OUT027,2616.1870183873275
NCS42,OUT013,1422.970900538774
FDD02,OUT019,295.3281687690413
FDE34,OUT013,3171.9923493109964
FDU38,OUT045,3029.4675224227526
FDB33,OUT046,2563.222065812283
NCJ29,OUT017,1412.4532058317072
FDZ27,OUT035,821.2311770521094
FDI40,OUT013,1568.5393884983941
FDG22,OUT013,728.2782930247386
FDT51,OUT017,1830.9350993069645
FDF20,OUT018,3004.8132571579267
FDV50,OUT035,2023.5456852657367
FDT02,OUT049,751.0999363641732
DRC49,OUT017,2460.5398144693118
FDF26,OUT049,2518.5065948310207
FDV52,OUT035,1934.1775311975578
FDX59,OUT049,737.5610259351545
FDV25,OUT035,3741.1010628313893
FDW23,OUT027,1047.9821567434583
FDE53,OUT018,1353.5452867146196
FDA19,OUT017,2108.0416220455545
FDH22,OUT046,2057.4156283459547
NCO41,OUT013,1569.2769201282333
FDX12,OUT017,4049.3173639660276
FDF17,OUT013,3126.4352368306995
FDS11,OUT045,3668.440688728227
FDR51,OUT035,2469.9845393730893
FDT49,OUT010,518.0208309448714
FDC56,OUT013,1996.7125713253217
FDR13,OUT027,3008.0108352571583
FDQ60,OUT035,2007.0884786199113
FDN38,OUT049,4141.268720302522
NCL29,OUT013,2575.131688381192
FDO13,OUT027,4119.732563015801
FDE26,OUT018,2110.262545171529
FDA31,OUT010,493.29566669092117
FDX14,OUT035,1173.4173829604158
FDA34,OUT045,2831.4132315235265
FDF26,OUT013,2451.6319917814226
FDE38,OUT045,2692.4665083381296
DRI11,OUT046,1897.2192132219539
FDQ60,OUT027,3090.7557143411314
FDL21,OUT027,991.580381993199
DRC12,OUT027,5492.658350150003
FDC47,OUT046,3711.2534051455364
FDE57,OUT045,2088.83333029981
FDT14,OUT045,1952.3799380803252
NCZ53,OUT046,3048.055974460138
FDE28,OUT018,3204.460867319327
FDR19,OUT035,2477.090583566752
NCF54,OUT019,501.9451510933895
FDZ08,OUT046,1251.8477088349327
NCJ05,OUT018,2085.0608315011846
FDF59,OUT046,2093.413223420538
NCO05,OUT035,1720.3968185944548
FDW24,OUT018,683.9192302009299
NCX42,OUT018,2568.4571103866347
NCA53,OUT035,813.2891861604451
FDI45,OUT019,501.9451510933895
FDG46,OUT046,1849.493866962414
FDM20,OUT010,889.0587333131149
FDW11,OUT010,336.4711567354142
FDX08,OUT035,2976.0076745860524
NCK17,OUT035,744.998850729021
FDK32,OUT018,2106.531486539496
NCA42,OUT035,2620.1985826410355
DRI01,OUT035,2882.837034917725
NCL55,OUT049,4114.649261423481
DRE25,OUT018,1292.1939512221336
FDD14,OUT017,3123.951879389932
FDB10,OUT046,3913.3757029149606
DRN11,OUT035,2460.5398144693118
FDP38,OUT018,688.9449523787985
NCA30,OUT017,3104.048991281321
FDT15,OUT017,3179.5531494025586
NCP55,OUT018,753.8315979914652
FDF12,OUT035,2460.5398144693118
FDM21,OUT018,3343.486215256864
FDX56,OUT035,3943.910972676017
FDF10,OUT017,2477.090583566752
FDT32,OUT045,3039.5840532353304
FDM51,OUT018,1366.563784120283
NCR50,OUT018,2071.919409810858
FDI19,OUT049,4000.7867544896076
FDX21,OUT017,1708.0137593647994
FDR31,OUT035,2491.5603747713085
FDY02,OUT013,4129.225463963546
NCA29,OUT045,2812.019511568596
NCX17,OUT046,3539.61308629525
FDM12,OUT045,3097.7009593956095
FDI53,OUT027,3860.5369586260144
NCU30,OUT049,2711.547837340624
FDC56,OUT027,3161.0644604387567
FDK27,OUT018,1565.1251249844613
NCK18,OUT017,2799.038169159163
FDB52,OUT019,871.1843385938189
DRG25,OUT027,5045.330724237938
FDZ13,OUT049,912.1131906289228
FDB57,OUT019,775.670398357146
FDR40,OUT046,1272.9825906526235
NCO14,OUT019,194.98914778745666
NCN19,OUT045,2924.843306568764
FDQ28,OUT019,466.87221108945454
FDO13,OUT018,2468.5083432441534
FDK48,OUT013,1272.1279895417797
FDU07,OUT018,2053.859788398068
FDW20,OUT046,2040.1609184105464
FDV12,OUT010,524.867099232804
FDH24,OUT013,2548.8975257859847
FDV59,OUT049,3587.402388261512
FDK57,OUT045,1956.0365922976857
FDL16,OUT027,1211.5947668847446
NCQ17,OUT046,2408.137192375534
FDJ15,OUT018,2941.2003126753616
FDX24,OUT049,1497.8305342296724
FDT47,OUT046,1588.7364497898386
FDT10,OUT049,1010.0682996224282
FDZ37,OUT018,1194.8646942087921
FDW43,OUT027,6285.324587986097
DRN36,OUT017,1618.5458680064098
FDJ14,OUT045,1292.0250949565743
FDA32,OUT013,3528.891425931012
FDJ38,OUT019,658.5133005249145
FDQ57,OUT017,2499.893925039738
NCQ41,OUT019,615.4572481730975
FDG56,OUT049,997.3067565383346
DRC13,OUT027,3253.25449771726
FDV55,OUT035,2485.4957288748765
FDQ49,OUT045,2567.418642260536
FDE29,OUT010,318.861124535291
FDR03,OUT013,3519.370542375522
FDD45,OUT049,1497.8305342296724
FDN38,OUT010,781.3156329950225
FDT56,OUT046,855.5772295524564
FDT48,OUT045,3073.4975530958814
FDU03,OUT049,3005.7270896671794
FDC56,OUT010,477.16518319187793
NCO43,OUT027,2598.4310497167157
FDQ27,OUT017,1781.9308609455302
FDR03,OUT046,3227.96953957515
DRH23,OUT010,263.80227188968894
FDG22,OUT045,727.4283773668925
NCJ42,OUT013,1670.5692723693571
FDR24,OUT046,1395.660222213943
FDW60,OUT035,2905.678342352953
FDJ08,OUT013,3116.988251021557
DRL59,OUT018,713.3517711915592
FDG60,OUT010,671.352759392991
FDW27,OUT017,2481.914838135426
FDX14,OUT018,1059.9165322418046
FDC20,OUT013,868.2833280794174
NCS29,OUT018,3310.610282474875
FDJ56,OUT046,1635.2689905426162
FDB20,OUT019,432.0623669854422
FDL28,OUT027,6055.328376242404
FDW01,OUT018,2084.1704331053447
FDL03,OUT046,2978.543600345251
FDX22,OUT049,3620.8639949996727
FDJ21,OUT035,2500.3469548862904
FDR31,OUT045,2436.4202300837574
FDG21,OUT035,2651.2150367383465
FDS22,OUT027,1036.2847478255483
FDK08,OUT035,1678.916695887623
FDE17,OUT018,2077.9737944722287
NCN30,OUT017,1633.6229864591799
FDT50,OUT046,1531.3968399168405
NCX42,OUT049,2688.637516346082
FDJ12,OUT035,3691.807821228967
NCA18,OUT027,2977.2157319365356
FDP23,OUT019,640.9175749545409
FDX12,OUT013,3893.506934327286
FDN40,OUT018,2097.7829761521216
FDV48,OUT035,1341.0371205239987
NCY54,OUT013,2777.619203416884
FDL16,OUT010,168.85276401585025
FDR45,OUT018,3254.7357881389366
FDJ52,OUT046,2554.435485697301
DRG01,OUT017,1329.3951227117827
FDP52,OUT013,3909.328095339687
FDU58,OUT017,3163.5285369058465
FDL02,OUT045,1659.9728073164235
FDG28,OUT013,3958.565019415498
FDA19,OUT035,2099.7145983482687
FDW46,OUT027,1965.6882233263666
NCD43,OUT049,1706.1437256703757
DRG39,OUT013,832.3733763172593
NCF55,OUT049,750.9884710445932
FDJ07,OUT046,1900.7868257561581
FDE08,OUT046,2437.442621216281
FDP56,OUT019,247.09289762401136
FDT45,OUT045,857.4146663696824
FDF17,OUT018,2922.984703744298
FDX44,OUT046,1319.9708761524878
FDM28,OUT027,4875.802038582923
FDI36,OUT049,3152.896398409564
FDS07,OUT045,1895.1324812470539
FDD36,OUT045,1909.5734058711405
FDW11,OUT046,950.2587134484995
FDN40,OUT049,2518.3741539623293
NCQ18,OUT049,1599.9599659666058
NCQ54,OUT017,2807.824749274145
NCS42,OUT045,1441.548961526686
DRH39,OUT010,507.7791233614478
FDC09,OUT027,2633.2300534815517
FDT08,OUT010,476.13519587684897
FDC08,OUT035,3874.8351815092965
FDT20,OUT017,726.3031660778187
FDS35,OUT035,1100.8282932436541
FDX58,OUT018,3053.785890269405
FDW58,OUT046,1658.715778955911
DRD27,OUT046,1618.63537522714
FDH32,OUT019,336.96722309051677
FDS26,OUT035,4145.073705539117
FDQ31,OUT046,1319.9708761524878
FDP11,OUT018,3026.8884138184144
FDD58,OUT017,1691.558900643313
FDM33,OUT045,3415.6261531221735
FDZ16,OUT049,3201.5146579939355
NCS29,OUT010,910.5591716851262
NCM18,OUT019,386.5643394929468
FDP11,OUT049,3635.516502782856
NCC42,OUT017,2179.4073788353567
DRM23,OUT046,2792.3585142608395
NCN55,OUT027,5919.232421592726
FDK46,OUT013,4181.251757141895
FDR01,OUT046,3064.658280210632
NCA05,OUT045,2398.058656501195
NCP43,OUT017,2921.905692570708
FDR12,OUT010,555.0828926053983
FDQ01,OUT013,3857.5584715928903
FDM13,OUT046,2069.735780734152
FDQ19,OUT017,4075.145979765346
FDK56,OUT019,553.7393630859024
NCX06,OUT010,701.2284347067113
FDO56,OUT027,3077.1690650754745
FDU45,OUT045,1852.8338968499422
FDI16,OUT019,313.08576116550466
FDL32,OUT046,1890.8743407840318
FDA07,OUT046,2038.4429700230378
FDA14,OUT045,2415.1484659265793
FDV46,OUT027,3462.975124518461
NCO07,OUT035,3515.6686743833316
NCP41,OUT046,1657.3296937721086
FDY60,OUT018,1613.802239266162
FDN38,OUT017,3915.748633622159
FDO15,OUT046,1094.3984119614279
FDT60,OUT013,2034.1922585258174
FDA55,OUT035,3910.0710362355176
FDE02,OUT010,513.4677931112
DRJ39,OUT049,3644.0358263282656
FDV34,OUT035,1189.5283896617495
FDS20,OUT027,5150.541554226121
FDF02,OUT027,2725.381678128992
FDW40,OUT017,2213.7838810353865
NCB43,OUT046,3010.03260222959
FDR58,OUT017,1497.391348740001
DRJ59,OUT035,740.8253277996774
NCD30,OUT017,1683.2253698392667
FDE14,OUT017,1634.4959776052967
FDC28,OUT018,1364.2070650342243
FDU16,OUT018,1134.8851206305485
NCD19,OUT035,925.3777853160922
FDU21,OUT046,715.3932579811521
FDV59,OUT027,4953.604525340228
FDU03,OUT045,3107.691837430574
FDC33,OUT010,622.7984368155907
NCR42,OUT035,720.5940021351404
DRH59,OUT035,1174.4512712089795
NCM31,OUT035,2170.6207987203748
FDS50,OUT035,3865.1271604353037
FDP39,OUT046,828.6463936101504
FDQ55,OUT013,1941.0921959144275
FDV36,OUT019,394.4384397623832
FDI05,OUT027,2242.737689725988
FDS45,OUT027,2604.1101762775456
FDA39,OUT045,731.4803329181912
FDC37,OUT010,530.3031955616405
FDJ60,OUT027,4186.096546773196
DRQ35,OUT046,2004.0434413297526
NCJ06,OUT046,1957.7471848108164
NCY42,OUT018,2136.8198640382625
DRM37,OUT049,3154.863099585314
FDR14,OUT045,805.1412405290955
FDE51,OUT049,766.3568539822016
FDT33,OUT017,2791.7252396888507
FDR08,OUT013,1872.5518753500933
FDE36,OUT010,471.01467985497163
FDL22,OUT019,382.5243040826837
FDR44,OUT013,2101.838889036425
FDI56,OUT019,368.5805974980223
FDE47,OUT010,519.2677708513478
FDV27,OUT010,562.5206586051535
FDV10,OUT049,750.3788885577666
FDC40,OUT045,1290.0765028301912
NCX41,OUT013,3529.9767911378244
NCQ38,OUT027,2570.1412913540516
FDV12,OUT027,2620.6355813661426
FDE52,OUT017,1413.0490141683815
FDG20,OUT027,4472.716528617877
FDV16,OUT027,1044.2075279096482
FDI32,OUT017,1949.6042010875926
FDJ32,OUT049,1006.4019740069664
FDN39,OUT018,2517.6887586144862
FDY34,OUT017,2806.802358141621
FDC14,OUT035,747.1347669594542
FDA55,OUT017,3930.2599371750775
FDZ50,OUT010,679.6601669734015
DRG13,OUT049,2704.561729495487
FDP01,OUT013,2415.5084179893393
NCG54,OUT017,2836.482638568494
FDM13,OUT045,2069.735780734152
NCO18,OUT027,4727.866487146629
NCW41,OUT013,2448.21349647049
FDM52,OUT027,3751.4369206880497
NCF55,OUT035,735.6584658568911
FDT09,OUT046,2089.8541623657966
NCM19,OUT035,1824.6445609691768
FDW12,OUT018,2075.383852990363
FDP15,OUT019,713.473707248322
FDK36,OUT045,799.7935226464027
FDZ25,OUT035,2917.6379501937263
NCW06,OUT049,3154.863099585314
FDW60,OUT046,2780.57707249677
DRC49,OUT013,2450.404216327422
NCT17,OUT035,3145.141395667205
NCN06,OUT018,2468.5487743213494
FDC45,OUT013,2798.7184601592253
DRJ47,OUT019,527.9289296727902
NCF06,OUT045,3931.9807530447274
FDE21,OUT010,515.968750950545
DRG27,OUT013,738.4351752784768
FDW40,OUT049,2225.0167286821493
NCO53,OUT046,2995.1246694879246
FDE23,OUT049,758.6963083053334
FDQ16,OUT046,1673.5217768675934
FDS26,OUT045,3942.1722828938355
FDZ13,OUT010,171.39716447890783
FDS14,OUT049,2507.0857516312017
FDC10,OUT045,1886.3459011320715
FDY16,OUT049,3085.1666012395167
FDJ20,OUT035,2049.6542181479
FDV43,OUT035,740.1877457188729
FDZ32,OUT027,2629.662440947347
FDR23,OUT046,2798.5478720548194
FDN24,OUT035,873.9568909380698
FDE34,OUT027,5096.765052796639
FDU31,OUT013,3525.22510031555
FDW33,OUT018,1363.2231122191017
FDU26,OUT046,1897.7502227478785
FDE20,OUT027,4103.650485132205
NCW05,OUT035,1694.1458334971137
FDB22,OUT018,2114.737963560789
FDO56,OUT046,1897.2192132219539
FDA19,OUT027,3458.2495615771913
DRI39,OUT045,885.4778317366306
FDH52,OUT018,821.469853512536
FDZ50,OUT035,3250.6302352688563
NCN42,OUT035,2518.282836612786
FDB53,OUT013,2469.9316676635954
DRG11,OUT017,1727.7734549944885
DRK11,OUT027,3671.184225314143
FDQ60,OUT017,2033.9441373330314
FDT36,OUT017,718.9643055499025
DRG25,OUT018,2941.2003126753616
DRJ23,OUT046,3003.8908318315653
FDG05,OUT035,2590.515835513567
NCK06,OUT018,1579.2883112131271
FDU52,OUT017,2450.8942778334294
FDW07,OUT018,1169.5374773558833
NCM17,OUT045,735.4844008726265
FDA22,OUT045,2708.8042112078483
NCA41,OUT018,2967.9719823429455
FDF38,OUT035,747.0360538781968
FDH52,OUT046,953.3327322464279
FDY58,OUT019,844.0634339063965
FDZ16,OUT045,3100.0614687732095
NCM18,OUT017,1031.4702794021891
FDA22,OUT018,2553.667274584962
NCJ43,OUT035,2886.4046474519296
FDI34,OUT027,6173.782840948107
FDG56,OUT046,956.9990578618897
FDS34,OUT046,1895.1324812470539
DRC01,OUT035,820.6353687154351
FDQ04,OUT035,743.4585442523195
FDK04,OUT035,921.8101727818878
FDT51,OUT049,1844.4214093980056
FDV26,OUT017,3289.500055141163
FDS04,OUT049,2216.2301485671674
FDW43,OUT018,3156.8727795152604
FDQ28,OUT010,484.29518307192717
NCK06,OUT017,2089.299576607731
FDS23,OUT018,1630.7838264575985
FDZ36,OUT019,586.4828110277813
FDE56,OUT018,826.3022799176199
FDW10,OUT027,4643.352421423083
NCN14,OUT045,3011.6320072225385
NCQ18,OUT045,1561.5418605131897
FDW08,OUT017,1709.1812392181812
FDU43,OUT035,4048.6267216358283
FDR33,OUT010,521.516615446658
FDM24,OUT010,467.34861576186654
NCZ05,OUT046,1644.975501122922
NCV41,OUT035,1899.3593600967226
FDV11,OUT018,2777.2552843416847
NCY05,OUT035,737.7106271568284
FDV44,OUT018,2930.577360419178
FDW32,OUT049,1347.0550423744037
NCU18,OUT027,3419.6616557599814
NCC43,OUT035,3999.175616910153
FDW19,OUT013,1789.618534863341
FDN31,OUT035,3171.340184311588
FDI48,OUT045,796.2259101121983
FDS24,OUT017,1437.7078239543816
FDF46,OUT049,2026.387377986984
DRG23,OUT017,2450.8942778334294
FDG14,OUT018,2098.6402243099014
NCY30,OUT049,2870.8116698093154
FDO28,OUT018,1516.1686829559706
DRD24,OUT035,2190.03033109154
FDI33,OUT049,1449.573832046112
FDN32,OUT046,3066.3338726826587
FDR16,OUT045,3428.6736903514666
FDF26,OUT046,2426.774693447875
NCN29,OUT018,677.2265914725065
FDE20,OUT045,2703.7983098547925
FDA46,OUT046,3036.654697544786
FDU28,OUT045,3019.3961962049966
FDQ48,OUT045,1626.8909458161977
FDV36,OUT013,2069.191601309231
FDR14,OUT018,721.8162454347696
FDP23,OUT017,3580.600432758943
FDP56,OUT013,796.9962546068944
FDK48,OUT010,507.75418541366724
FDR48,OUT046,2408.137192375534
NCY29,OUT049,936.9429332115299
FDM22,OUT018,732.468239558351
DRJ01,OUT013,2623.5314762187973
FDZ43,OUT045,3902.7045242133877
FDV03,OUT035,2464.9768801491114
FDX11,OUT027,4957.301857009639
NCA41,OUT027,5377.0895207596395
FDE38,OUT017,2773.338098450209
FDI27,OUT018,670.2552995449132
FDN32,OUT013,3151.7069415217225
NCN43,OUT017,2083.922970494047
FDB47,OUT027,5492.944240699653
FDV03,OUT017,2464.9768801491114
NCN30,OUT045,1569.3466690517494
NCV54,OUT010,532.0428694939292
FDV07,OUT013,1734.215786384186
FDP07,OUT049,3053.3056983531915
FDK48,OUT018,938.8659969176908
FDM15,OUT019,458.71222389437645
FDY19,OUT027,3047.791645305697
FDK46,OUT046,3972.2009060913656
FDY11,OUT045,1079.4205694774964
FDH09,OUT046,807.8636082927287
FDO08,OUT027,4282.976592676777
FDU14,OUT013,4128.740477232942
FDD22,OUT027,3107.037320309099
FDM27,OUT017,2593.1130578345687
FDL02,OUT027,2725.381678128992
NCA17,OUT035,2472.8709268928924
FDE38,OUT019,448.091098137291
NCG07,OUT049,3170.6357875454332
DRC27,OUT013,4125.26520526152
FDA27,OUT035,4115.124931618695
FDW40,OUT045,2121.158111040381
DRI11,OUT013,1928.7380032652409
FDN50,OUT046,1553.0970747340834
FDR12,OUT046,2851.9557318215434
FDT34,OUT027,2703.704739215658
FDW11,OUT035,1036.766301602889
NCO30,OUT027,5063.614945116989
FDZ34,OUT017,3167.304234798343
FDU45,OUT017,1935.7581784037734
NCD42,OUT035,741.2782396910328
FDX25,OUT045,2887.2392448069404
NCR29,OUT046,851.9109039369946
FDX43,OUT019,517.6239226018761
FDB04,OUT010,543.9453308146645
FDR49,OUT027,1360.8313647362004
FDS39,OUT018,1613.802239266162
FDW58,OUT045,1618.63625698584
FDG22,OUT019,178.34073639884735
FDG31,OUT017,1077.8820920620021
NCV53,OUT027,6020.217283403274
DRJ37,OUT035,2465.8358366700118
FDV07,OUT035,1821.4269207615046
FDW52,OUT018,2494.0308120394707
FDT15,OUT045,3066.2061485505264
FDD02,OUT018,1494.4352099704847
FDM16,OUT035,1171.3100941912546
NCE55,OUT046,2783.5719341458575
FDB57,OUT018,3076.8505158973167
FDQ04,OUT013,742.3990939804402
FDQ47,OUT019,143.39432346072783
FDY14,OUT019,899.8737542278213
DRK37,OUT017,3145.141395667205
FDO25,OUT017,3551.252251383485
FDL57,OUT046,4010.390486053922
NCK29,OUT018,1523.842796954657
FDK46,OUT027,5978.664881034159
NCB43,OUT010,531.3630387452397
DRE01,OUT027,5949.190755448295
FDC46,OUT018,2986.897326606414
FDQ23,OUT045,1648.5431136571262
FDX38,OUT049,886.8727598172666
FDG60,OUT018,3202.6209548599027
FDW55,OUT017,3921.4049787394943
FDP39,OUT013,800.6625802223562
FDB20,OUT018,1073.8655429526686
FDV21,OUT017,2052.8152880613998
FDZ02,OUT013,1553.7874113895095
FDP19,OUT027,3367.6654213263723
FDA38,OUT035,3969.469088097382
FDH22,OUT045,2057.4156283459547
DRM11,OUT045,4024.333745939917
FDO12,OUT027,5211.695129268775
FDT14,OUT049,2051.355021146938
FDW34,OUT010,868.9315442983102
FDG04,OUT027,4476.0426005732525
FDW59,OUT018,1179.4051712834344
FDR33,OUT018,1389.8878059679396
FDP32,OUT013,2093.6443062078306
FDL13,OUT027,5828.896301698907
FDD22,OUT013,1926.2659965958228
FDV40,OUT027,1988.2798707901172
NCD55,OUT046,725.5852261781961
FDQ20,OUT010,138.61832104009557
FDD28,OUT045,881.2156977844945
FDC39,OUT045,3410.0923342124433
NCR17,OUT049,1998.3689088208803
DRO35,OUT018,1517.883759165786
FDF40,OUT049,4226.461765736186
FDR31,OUT018,2125.9971634040407
NCQ41,OUT017,3156.4535115973927
FDP38,OUT046,779.2930209975572
NCU54,OUT027,5382.042164483467
FDG22,OUT018,517.9158874049883
DRK59,OUT013,3830.1529827175486
FDC37,OUT046,1653.7620812379043
NCO42,OUT013,2394.4004905062425
NCT42,OUT017,2497.9867505792386
FDX27,OUT035,1583.8932559316852
FDV40,OUT018,934.9549350032547
FDT45,OUT027,1675.3787818593491
FDS47,OUT019,387.4954468428698
FDR45,OUT035,4023.624094846413
FDB03,OUT045,3690.356473013432
FDO49,OUT035,867.7805253562304
FDU60,OUT027,4203.171836730549
FDB26,OUT018,715.9948847358742
FDB46,OUT017,3534.922658056249
FDQ37,OUT019,586.4828110277813
FDN03,OUT017,4104.215102933906
NCX30,OUT045,3968.9219568957856
FDK32,OUT019,466.87221108945454
DRM47,OUT013,3126.4352368306995
NCO02,OUT046,1071.060602178947
FDP04,OUT013,1036.6262325337111
NCO43,OUT049,1776.3776700381968
FDD59,OUT013,1272.1279895417797
FDQ10,OUT017,2906.3061486770634
FDW45,OUT035,2492.5827659038323
NCK30,OUT049,4044.141077195078
FDU31,OUT018,3041.572189928969
NCQ17,OUT019,447.72853553565216
FDN01,OUT017,2753.093388547186
FDZ19,OUT049,2892.669358374074
DRG37,OUT017,2508.6372999769037
FDE32,OUT045,704.3376642109113
FDO34,OUT049,2765.84937574238
FDM04,OUT019,247.09289762401136
FDZ25,OUT049,2889.383303931833
FDU08,OUT049,1676.345681852927
NCW30,OUT045,3853.6646978909953
NCM18,OUT013,974.0045258703542
FDS22,OUT035,749.0513804537769
NCH18,OUT017,3980.1178496556577
FDC23,OUT013,2852.006661755652
FDY46,OUT013,3076.0822580681233
NCU06,OUT046,3701.851461359033
FDX57,OUT045,1565.779056517545
FDX36,OUT027,5214.384699175874
FDL16,OUT045,785.9485291429987
FDT16,OUT010,916.3547347154367
FDN16,OUT018,1354.7825004862066
FDC03,OUT046,3087.314974287679
DRF60,OUT013,3958.565019415498
FDS27,OUT027,5424.416007963342
FDP33,OUT010,722.9638148390409
FDJ36,OUT018,1356.7013689064063
NCR42,OUT013,725.0215043191904
FDV14,OUT017,1406.9759562634756
NCP42,OUT035,3199.7429331357657
FDB50,OUT027,2245.0620543659406
NCC30,OUT027,4564.161509859246
FDA23,OUT018,1363.9479195081897
FDW16,OUT017,1484.6367002767754
FDQ52,OUT010,727.7934856980045
FDB58,OUT049,2321.655083173917
NCP29,OUT049,1082.0509462418354
NCM05,OUT045,4166.346016578799
FDO25,OUT013,3542.123096653073
NCM54,OUT046,2070.195337151848
NCL54,OUT046,2809.4211841447022
FDL39,OUT010,560.7908831888813
FDF53,OUT018,2837.7756033064993
NCQ42,OUT035,2097.3160927731724
FDF58,OUT013,1010.2866234432078
FDZ04,OUT035,1106.124315444354
FDE26,OUT019,477.57506921612173
FDS60,OUT017,2752.100621243825
FDV58,OUT017,3031.338148934518
FDM04,OUT045,833.5020765247666
FDE08,OUT035,2492.5827659038323
NCB43,OUT049,3093.8304934126927
FDU11,OUT010,499.4649960264669
FDF22,OUT019,629.237462447988
FDE24,OUT013,2155.308093249026
DRJ49,OUT046,2073.3033932683566
NCQ53,OUT035,4150.495774954268
NCL41,OUT013,728.6878299346522
FDR22,OUT013,1785.4239569942997
FDH04,OUT035,1549.9108647005592
DRH15,OUT045,733.0682557592987
FDY40,OUT049,883.3628827729544
NCI17,OUT035,1620.9137931396053
NCC18,OUT013,2837.0818674244833
FDY28,OUT027,5476.075589046957
FDB45,OUT027,2615.1099295337276
NCL30,OUT018,1615.0994413320254
FDM10,OUT017,3551.0740253390286
FDH22,OUT027,3281.653886356784
NCZ53,OUT017,3155.7643479233884
NCI18,OUT013,3526.707394449975
FDH14,OUT027,3516.9857819481813
FDR36,OUT027,1063.140006526545
FDW01,OUT045,2426.5693091263984
FDK02,OUT027,3058.845189558588
FDJ02,OUT018,2105.8446812551524
FDU55,OUT013,4381.289113907168
NCV18,OUT027,2422.527450723391
FDH14,OUT018,1587.2294786678476
FDZ37,OUT045,1431.7483698811916
FDX49,OUT049,3846.487232934158
NCD43,OUT046,1648.5431136571262
FDZ07,OUT013,974.0045258703542
FDK43,OUT035,2127.872383566584
FDR32,OUT018,3115.093999646451
FDT39,OUT013,2455.1996043156273
NCV54,OUT017,2022.5806609569906
FDF38,OUT018,541.3582312685947
FDV60,OUT046,3029.0452676222467
FDH44,OUT027,3901.4153525477077
FDS21,OUT046,960.5666703960941
NCL41,OUT045,732.2114827830627
FDM46,OUT017,1611.2072825592995
FDU27,OUT045,785.9485291429987
NCJ54,OUT017,3895.6898702299236
DRG51,OUT018,2504.186112793
NCA29,OUT019,532.2181145604804
FDR47,OUT045,2985.30237979418
NCL19,OUT027,3496.585642174654
DRG01,OUT049,1201.9942125268224
FDG10,OUT046,855.478516471199
NCV05,OUT049,2518.5065948310207
NCH18,OUT019,678.6355318999722
FDV14,OUT018,1166.6939835655367
DRJ23,OUT035,3182.8732639482387
DRJ11,OUT046,3027.868117429804
FDZ03,OUT017,3150.890819177968
FDI27,OUT010,190.69618927317498
FDJ14,OUT018,1110.9392206565626
FDU32,OUT017,2053.5963899271424
FDD47,OUT027,4066.4065006049245
DRF36,OUT035,3189.351654172813
FDM21,OUT046,4041.0138998955636
FDV10,OUT018,542.3404486813553
FDH60,OUT018,2952.417356369765
FDX47,OUT010,509.56669132667037
FDT19,OUT019,460.07379320718337
FDO11,OUT045,3943.4196561331805
FDH24,OUT027,3997.7170994514995
FDL02,OUT018,1355.14990458168
FDB02,OUT049,2892.8017992427654
FDA43,OUT046,3048.055974460138
FDG52,OUT045,799.8922357276601
DRC12,OUT013,3066.497406242008
FDY37,OUT018,1606.8161314210247
NCU18,OUT045,2113.3939220579227
FDU09,OUT035,916.5141505811881
DRJ25,OUT027,1280.2659566709006
DRE12,OUT018,1473.7068517662547
DRL47,OUT017,2084.85823949592
DRK01,OUT046,1539.6524105058982
FDC22,OUT019,553.7393630859024
FDG44,OUT013,849.9653115276801
FDW04,OUT035,2001.981139114357
FDK09,OUT049,3884.552642133455
NCN43,OUT035,2083.922970494047
FDG04,OUT049,3019.7753148033185
FDH32,OUT010,520.6299032284484
DRI47,OUT017,2506.7733306942205
DRE15,OUT013,1110.5395211999466
FDY11,OUT035,1163.7429683822463
FDO60,OUT049,758.6963083053334
FDQ20,OUT018,543.0767438434173
FDO57,OUT027,3903.1266398277244
FDT14,OUT019,310.53303174178126
FDA57,OUT049,743.3141512175727
DRN35,OUT017,732.5039950646653
FDJ03,OUT046,777.3444288711739
FDX28,OUT017,1708.0137593647994
DRE25,OUT045,1445.2152871421479
FDR09,OUT046,3888.52979418445
FDB23,OUT035,3740.0626652534092
FDO08,OUT045,2604.5101933505102
FDQ23,OUT049,1706.1437256703757
FDW04,OUT013,1988.146657991461
DRK13,OUT010,590.0684172744633
NCL17,OUT027,3406.8178238854816
FDY21,OUT035,3045.6943348494665
FDJ38,OUT027,4931.144830054703
FDA37,OUT019,429.2032178103056
FDV43,OUT013,744.9267044133479
FDL36,OUT046,1440.618433995533
FDD53,OUT045,727.4283773668925
FDZ19,OUT010,509.83399122934486
FDV21,OUT045,2037.9140882306626
NCL54,OUT018,2779.8120755854907
DRI47,OUT027,3755.129909592475
DRG03,OUT049,2515.8723317461836
FDG21,OUT013,2454.1589797034762
FDW03,OUT018,1421.996974920961
NCI55,OUT046,2016.3976339789392
DRC36,OUT019,493.158570978407
FDH22,OUT017,2083.545264057686
FDV20,OUT045,2101.1443024141495
NCU41,OUT027,5313.501834893849
FDN46,OUT027,2664.681044802829
FDK50,OUT045,2600.313616902257
NCA05,OUT027,3751.4369206880497
DRH01,OUT018,2784.951710140904
FDT08,OUT018,2122.3041744996153
FDM08,OUT018,3126.730570834193
FDZ07,OUT035,1006.6623596573465
FDS22,OUT017,802.695772783216
FDV35,OUT027,3762.564136731138
FDI28,OUT010,556.0789300565503
FDW58,OUT027,2570.1412913540516
FDT52,OUT045,3945.6906662415126
FDY34,OUT046,2634.5557394134617
FDR10,OUT046,2563.222065812283
FDK57,OUT017,1999.324289637453
FDR02,OUT027,2630.772318625102
FDX49,OUT046,3677.8403432282694
FDQ20,OUT046,722.501956661086
DRK23,OUT045,4042.462542397299
NCW06,OUT046,3056.8425545751197
FDR31,OUT017,2491.5603747713085
NCE43,OUT013,2733.5658767678037
DRO59,OUT027,2143.559725046452
FDN09,OUT049,4000.7867544896076
FDR11,OUT046,2559.425408150625
FDO57,OUT013,2610.647640665065
NCX18,OUT017,3133.286305994999
FDB05,OUT018,3352.5129908479985
FDQ08,OUT018,813.3954682345244
NCG43,OUT035,1606.1628087767544
FDJ56,OUT013,1651.860795155114
FDA13,OUT010,132.49963173303973
FDO56,OUT017,1979.3823157198258
FDB37,OUT018,3240.1474047137312
FDZ02,OUT018,1306.9083148094733
FDQ24,OUT046,4102.124961050302
FDM16,OUT013,1086.653475233581
FDU35,OUT049,1681.179374739187
FDT35,OUT035,2738.283806310664
NCX30,OUT049,4040.546604224422
FDG04,OUT017,3082.3647693935195
FDI12,OUT035,1405.639086509362
FDE35,OUT035,1022.7098281377013
NCP14,OUT027,2670.0471007463198
NCY53,OUT045,1756.0271024838612
FDP49,OUT017,916.5141505811881
FDQ04,OUT017,748.0182712909572
FDM39,OUT035,2930.4947653707113
FDO58,OUT019,456.9364819250363
FDC56,OUT017,1978.1387480112573
NCQ54,OUT046,2704.8207009873163
FDV10,OUT027,1049.627815074458
NCK17,OUT046,726.0924234920778
NCF55,OUT027,1024.0794536932299
FDV33,OUT013,4116.242059002599
NCH29,OUT019,341.20441909487226
FDA37,OUT027,3262.041077832242
FDH46,OUT018,1362.8927966427157
FDS25,OUT035,1816.4895066892755
FDH04,OUT027,2376.482850123466
FDX52,OUT046,3055.820163442596
NCD42,OUT017,741.2782396910328
FDW47,OUT017,2058.2228997850934
FDL25,OUT027,2557.571315823457
NCJ06,OUT010,540.8294496089117
FDY09,OUT013,2847.2427649222677
FDS40,OUT046,719.059583596614
FDH41,OUT017,3555.719720495758
FDG38,OUT035,1424.4920173435712
FDU03,OUT027,4786.984768827437
FDV20,OUT046,2101.1443024141495
DRB13,OUT045,2840.379281386545
NCQ30,OUT013,2000.4126247282168
NCH06,OUT013,3820.028077716544
FDU50,OUT018,1432.6061477225373
NCO42,OUT019,449.3695747589688
FDW09,OUT018,1036.7164284497687
FDH04,OUT013,1418.137207652514
FDC21,OUT045,1653.7620812379043
FDL21,OUT049,746.881763751777
FDM46,OUT010,497.83624808119777
FDT22,OUT019,376.85782891264085
FDB28,OUT035,3080.196330590275
FDI12,OUT018,1185.4166711724547
FDA28,OUT045,2084.8397095332775
FDF59,OUT013,2091.5575742329297
FDM45,OUT027,3181.004935549624
FDQ56,OUT017,1370.0862220188808
FDR46,OUT049,2523.8676151365994
FDT01,OUT013,3448.7608778660942
FDD16,OUT027,2002.4919231778304
NCU30,OUT010,483.75622549973167
FDM40,OUT010,427.98897898277403
FDI56,OUT035,1522.4506870181337
NCS30,OUT013,2093.511865339139
FDU08,OUT017,1694.8673676514827
FDX51,OUT027,5465.468481497759
FDA43,OUT045,3049.6553794530864
FDX59,OUT010,131.7142350045712
FDC37,OUT018,1341.2626803717844
FDP58,OUT013,3532.542819348903
NCY42,OUT035,2196.3208694293285
FDF21,OUT018,2930.577360419178
FDU10,OUT027,1028.1574082527065
DRL47,OUT018,1560.332759709929
FDA58,OUT018,3217.209338285108
FDJ22,OUT049,3111.496228667875
FDK50,OUT046,2554.435485697301
FDO38,OUT035,1330.3098265896022
DRF60,OUT035,4023.624094846413
NCZ42,OUT019,842.8414039220004
FDD35,OUT049,2007.1554889358626
FDL25,OUT045,1455.175232771901
FDJ16,OUT013,864.715715545213
DRK59,OUT049,4016.407058249644
FDI50,OUT046,3794.386914295152
NCB19,OUT045,1349.9470108224748
DRI37,OUT035,998.425625569795
FDA14,OUT027,3673.4669724795963
FDC08,OUT018,3104.4888514263216
FDS45,OUT046,1724.358017947902
FDI21,OUT049,1102.087052391739
DRJ47,OUT035,2895.68319642088
DRE37,OUT027,4869.322551310991
FDT55,OUT018,2360.6634244853412
NCG42,OUT027,3320.200971208492
FDA31,OUT049,2892.669358374074
NCW42,OUT046,3595.56031882909
FDF50,OUT017,3117.077604187134
FDK56,OUT049,3172.684576839014
FDX10,OUT035,723.616952743562
NCK07,OUT027,4105.030304999969
FDZ49,OUT017,3670.644219344375
FDR33,OUT013,1692.97227944864
FDO44,OUT018,1462.9374113068307
FDA20,OUT046,3048.055974460138
NCL30,OUT045,2070.195337151848
FDI05,OUT019,390.5976676008708
FDQ12,OUT018,3175.1274885559274
FDH47,OUT017,1621.198214497822
FDH34,OUT018,2941.2003126753616
FDF29,OUT046,2089.8541623657966
FDG40,OUT018,517.9158874049883
NCE18,OUT017,4117.732905526074
FDP21,OUT010,636.0573455993134
FDY50,OUT013,1376.4728120995478
FDB36,OUT049,2188.8942874233326
NCZ29,OUT049,2175.6653835962593
FDU20,OUT018,1531.9270035949035
FDO56,OUT013,1937.1393086857051
FDW31,OUT049,3144.109818294582
DRH59,OUT013,1111.1110801340706
NCB30,OUT017,3212.4156091483374
FDK43,OUT027,3364.260596194484
FDW43,OUT045,3773.0305495883663
NCL19,OUT017,2205.1074495443104
FDJ27,OUT046,1653.7620812379043
FDC45,OUT046,2645.5555250030825
FDY40,OUT035,814.2530556953423
NCM41,OUT035,1515.8455658805829
NCK18,OUT019,462.5320227613776
FDP37,OUT049,2153.1987984495136
FDA27,OUT027,6121.697051992956
NCX30,OUT035,3819.745324794616
FDR09,OUT017,4039.6610912218985
FDG08,OUT027,4534.247251260627
NCU30,OUT013,2650.1418506162354
FDB16,OUT017,1425.9641366306819
FDM16,OUT017,1171.3100941912546
FDC48,OUT013,1267.2942966555197
NCF18,OUT046,2983.7029748012314
FDU46,OUT018,1192.8172914938484
FDH41,OUT018,3055.0478038121432
NCN42,OUT010,490.57612050093553
FDU49,OUT046,1329.8479278464688
FDB20,OUT027,2146.8302739330675
FDG50,OUT019,392.30264269540754
FDW20,OUT045,1973.4460567296485
NCO55,OUT049,1743.1913954626377
FDX48,OUT046,2435.561273562857
FDU48,OUT046,2078.5223608491337
FDR48,OUT019,430.7819682255915
FDK27,OUT013,2039.8466030349216
FDT35,OUT013,2656.764025642303
FDN12,OUT049,1735.4292050593922
NCE31,OUT019,146.85603643178024
FDL21,OUT017,744.4916534151392
FDV56,OUT017,1721.606011179539
FDR16,OUT017,3563.363827608344
NCP41,OUT049,1730.5955121731322
FDJ27,OUT013,1675.4029652556171
FDA07,OUT017,2067.8234609087517
FDK55,OUT049,1462.5923294517754
FDM33,OUT049,3741.9796947435157
FDY46,OUT046,3030.2204592599237
FDD36,OUT046,1909.5734058711405
FDB12,OUT027,2693.18182359279
FDF28,OUT019,429.2032178103056
NCE07,OUT019,492.0159938402083
FDW50,OUT027,4014.006059799827
NCW18,OUT017,3975.247572900949
NCJ17,OUT019,391.16177245833154
DRZ24,OUT010,532.0428694939292
FDS07,OUT035,1975.5129188985425
NCW05,OUT010,520.5966849813345
FDZ22,OUT018,1153.61415547172
FDK02,OUT046,1906.0057933369362
FDZ45,OUT027,5450.929214709352
FDL25,OUT046,1401.5060467719084
FDS08,OUT045,2800.6346040297203
NCZ42,OUT027,6395.616568803566
FDX57,OUT035,1618.5458680064098
FDF21,OUT046,3055.820163442596
FDJ56,OUT018,1308.896676945246
FDX10,OUT013,725.9942945733217
DRG48,OUT035,2509.496256497804
DRN37,OUT046,2681.593196248247
NCY41,OUT018,524.278117144856
FDN28,OUT045,1644.975501122922
FDE34,OUT045,2878.4526646919585
FDR10,OUT045,2609.1001970172388
FDC32,OUT017,1503.4625066509275
DRG13,OUT046,2632.0105180117807
FDP59,OUT049,1682.2498067877088
NCT53,OUT010,475.9634717701749
FDL57,OUT027,5804.628238576123
FDN32,OUT010,686.6991196679951
FDK09,OUT018,3117.0890649969556
FDA52,OUT010,376.73159907782366
FDC57,OUT049,3082.99512400413
FDI09,OUT035,4080.526804619187
NCB07,OUT046,2928.016779038573
FDP26,OUT035,1699.7581887757417
FDP40,OUT027,3005.3700894822605
FDL15,OUT013,2454.2914205721677
FDV07,OUT046,1753.351785844962
FDS03,OUT017,1122.8359319601236
FDE50,OUT049,3063.77866786513
FDQ15,OUT017,1305.847922250716
FDQ33,OUT010,476.13519587684897
FDT22,OUT013,864.715715545213
DRO35,OUT035,1993.222908183681
FDJ41,OUT049,4155.739319685178
FDQ27,OUT035,1781.9308609455302
FDC26,OUT017,1867.5476136371103
NCF43,OUT027,3443.47362505772
NCR50,OUT035,2508.6372999769037
FDE39,OUT018,1518.688556002229
FDN49,OUT027,1062.3090104407213
DRG11,OUT035,1708.0137593647994
NCA18,OUT049,1992.329289617258
FDM36,OUT018,2771.0254954705088
FDW32,OUT017,1393.997088697146
NCQ18,OUT010,510.92339264814245
FDX14,OUT027,2087.8416475672407
FDD46,OUT017,2450.8942778334294
FDI34,OUT019,659.4578372761493
NCJ17,OUT035,1408.7480730599968
FDB52,OUT035,4147.610565468145
FDV55,OUT018,2111.9240185299477
FDC57,OUT046,3037.984648242382
FDB29,OUT046,1906.0057933369362
NCO43,OUT035,1781.9308609455302
FDG44,OUT045,853.7483407542206
FDJ34,OUT045,2065.179817328413
FDH40,OUT049,1343.3887167589419
NCD07,OUT027,2992.4543583860104
FDB41,OUT017,808.0918770410028
FDH47,OUT018,1309.3543906787133
DRK37,OUT035,3145.141395667205
FDM25,OUT019,493.158570978407
NCX06,OUT045,3059.968169719612
NCS05,OUT017,2129.3192238648985
FDS39,OUT045,2119.0482665670283
FDC47,OUT027,5621.182839289498
FDG20,OUT013,2833.6561977602673
DRL23,OUT017,1721.606011179539
FDY33,OUT013,2590.107626290154
NCH18,OUT045,3768.1935699824394
FDX47,OUT035,2492.5377903916096
NCB06,OUT045,2548.7811411881953
FDP36,OUT049,886.2769514805923
FDW44,OUT018,2781.648447726692
NCU41,OUT018,2935.79176513785
NCS17,OUT046,1543.31873612136
FDD46,OUT035,2450.8942778334294
FDE45,OUT017,2906.8799236167247
FDI09,OUT017,4080.526804619187
NCJ54,OUT010,690.4762456709816
NCA29,OUT018,2785.216060260897
NCN41,OUT027,3178.9405368912844
FDY34,OUT035,2711.8283422757618
NCG55,OUT035,1972.8605724071303
DRM49,OUT046,722.107710192556
NCB42,OUT049,1998.3689088208803
FDE58,OUT045,1906.0057933369362
DRJ25,OUT013,796.4253842180005
FDS47,OUT010,533.0721415087905
FDY21,OUT049,3132.962617054375
NCI54,OUT013,1781.8563444600954
FDO24,OUT017,2576.5622887371287
FDY43,OUT035,2730.519617328206
FDF35,OUT018,1356.7013689064063
NCP29,OUT019,439.2663389761853
FDN28,OUT027,2604.1101762775456
FDJ50,OUT018,729.8227485327063
FDQ14,OUT027,3723.1168546811336
FDC37,OUT035,1706.528892726769
FDN08,OUT046,1886.3459011320715
FDD04,OUT035,2144.730164315999
FDW34,OUT018,3254.7357881389366
FDP04,OUT017,1112.7113863278214
NCG07,OUT017,3153.927975782187
NCN14,OUT018,2952.98936428628
FDJ16,OUT045,881.2156977844945
NCM42,OUT045,1668.3028092868153
NCF19,OUT046,776.7486205344997
FDY21,OUT018,2977.872557755384
FDY19,OUT035,1972.8605724071303
FDV09,OUT045,2441.010233750486
FDA28,OUT013,2082.665069671782
FDC38,OUT018,1584.3474662625881
FDL28,OUT045,3795.9863192881007
NCH43,OUT049,3562.8607303297636
NCN53,OUT045,758.1823417208848
NCW05,OUT017,1694.1458334971137
NCO30,OUT018,2936.165064477063
FDT04,OUT019,140.7373355791882
FDB27,OUT018,3002.8530023144745
NCK07,OUT013,2695.727693468945
NCA53,OUT013,796.9962546068944
FDB33,OUT018,2370.590807234176
FDU37,OUT017,1341.9518244018182
FDR13,OUT035,2010.398044689977
FDE45,OUT049,2910.281802383653
FDV37,OUT017,3142.541019021671
FDX44,OUT019,382.5243040826837
NCL06,OUT017,3938.662736280293
FDJ28,OUT045,3058.4419595680683
FDX55,OUT049,3603.132072157456
NCK17,OUT018,539.321028119419
FDH52,OUT035,1038.6689158947372
FDN13,OUT027,2655.894464687847
FDK44,OUT018,2784.951710140904
FDU16,OUT046,1273.081303733881
FDZ07,OUT017,998.425625569795
NCN06,OUT027,3865.7841106863602
FDH02,OUT010,568.7313846836728
NCW18,OUT045,3812.0218572896856
FDH57,OUT013,2101.9713299051164
FDV35,OUT045,2416.923772490516
NCU29,OUT013,2464.8451409515096
NCP02,OUT046,851.9109039369946
FDN44,OUT013,2593.80767969305
FDX03,OUT018,557.0664784416572
FDR11,OUT010,440.09962647321373
FDA36,OUT046,2848.8766720490516
FDP58,OUT027,5347.925098236503
FDH31,OUT045,1569.3466690517494
FDH34,OUT035,3155.7643479233884
FDS13,OUT035,3948.8375306319176
FDT01,OUT018,3034.615563288247
FDY09,OUT049,2849.4470802548763
FDV33,OUT027,5821.428299754209
NCW29,OUT010,409.4362276286034
NCN17,OUT045,1644.975501122922
FDX01,OUT046,1900.7868257561581
FDL03,OUT049,3111.496228667875
DRL59,OUT049,940.5105457457342
DRM11,OUT027,5054.719442891527
FDA43,OUT049,3161.8492074304513
FDZ56,OUT010,540.4887006467939
FDI44,OUT018,1061.23959232533
FDB50,OUT013,1277.7678452314053
FDU15,OUT019,184.66404989584873
NCJ19,OUT019,327.029467750166
FDD48,OUT013,1928.7380032652409
NCW42,OUT035,3813.1851497175767
FDL24,OUT017,2894.1688364343877
NCB30,OUT013,3117.482427809812
FDK25,OUT013,2724.779296652822
FDW28,OUT049,3096.0019706480794
FDD47,OUT017,2856.481904601592
FDK16,OUT019,317.83989355872797
FDW37,OUT046,1446.8291600740522
FDA48,OUT035,3691.538059495816
FDA14,OUT017,2457.9055513844746
FDV15,OUT013,1661.5673057354197
FDN22,OUT049,3974.918857361513
NCD55,OUT045,730.9959899010969
FDY43,OUT013,2733.5658767678037
NCU05,OUT017,1335.4681806166886
FDF10,OUT035,2477.090583566752
FDR39,OUT018,2952.98936428628
FDG40,OUT013,728.6878299346522
FDZ28,OUT019,429.2032178103056
FDE02,OUT045,1568.3234569806025
FDU60,OUT049,2753.9397623948985
FDM21,OUT013,4058.55341349629
FDV52,OUT019,276.1844932152389
NCW06,OUT013,3119.4491289855623
FDX36,OUT035,3749.5217656720743
FDT35,OUT027,4102.662396238891
NCL19,OUT010,547.6236643759494
NCD31,OUT046,2635.5781305459855
FDE53,OUT019,320.5359254700185
FDW58,OUT019,324.10353800422297
DRF48,OUT046,3048.055974460138
FDW57,OUT035,2835.4602474359704
DRH13,OUT017,1723.964431128659
FDT33,OUT013,2724.9117375215133
DRK47,OUT027,4917.410287111628
FDY22,OUT010,517.239392971576
FDC35,OUT019,586.114005898725
FDO03,OUT013,3892.7918348500207
FDF24,OUT045,1293.0483070277212
FDF56,OUT018,2855.960095200648
FDD28,OUT013,864.715715545213
FDG53,OUT027,3472.2825962422853
FDO27,OUT019,327.2607125102109
NCF54,OUT018,2778.721921269728
FDC20,OUT027,1674.8750809753901
FDU10,OUT046,718.3512880285299
DRA24,OUT018,2399.660754157387
FDA02,OUT010,455.3717035416225
FDG10,OUT017,925.3777853160922
FDW39,OUT010,452.5981400192683
FDP04,OUT019,456.77765809505115
NCM55,OUT013,3076.6864966613425
FDG47,OUT045,4206.982522942994
NCU41,OUT017,3190.8154863214754
NCK31,OUT017,850.5653525730133
FDZ46,OUT045,1664.735196752611
FDU13,OUT027,3581.4623856258672
NCF19,OUT045,799.8922357276601
NCJ43,OUT013,2854.228872767405
NCJ05,OUT045,2427.797084580399
FDS04,OUT027,3332.9602223363086
FDX28,OUT010,521.516615446658
FDB41,OUT027,1205.3270593689867
FDG53,OUT046,2115.4806540328236
FDL15,OUT010,484.29518307192717
FDQ08,OUT049,1005.2346067361684
DRN36,OUT013,1574.1106130144933
FDI46,OUT013,4029.4381130863426
FDG16,OUT027,5387.662363092885
FDV32,OUT013,1011.4539907140055
FDF44,OUT010,523.3352933806547
FDK04,OUT018,759.512782304099
NCA41,OUT013,3161.304322939261
FDD51,OUT017,736.4004509372734
NCZ53,OUT045,3049.6553794530864
FDP01,OUT027,3783.785913744759
FDY25,OUT049,3002.2886649495877
FDB17,OUT018,2849.2735383234217
NCV54,OUT018,1493.1374114286748
FDJ32,OUT017,1084.7449389000592
FDA37,OUT049,2128.9776232329787
FDG35,OUT035,2802.1323035798
NCM05,OUT018,3382.54270149771
FDG45,OUT046,3450.4244993523494
FDH28,OUT013,733.6262929718945
NCE18,OUT049,4151.606811618151
FDH38,OUT045,1900.7868257561581
FDR56,OUT013,3121.2506195866185
FDH17,OUT027,2488.44629676185
FDD39,OUT049,3643.6391940531557
FDB41,OUT049,883.3628827729544
NCR53,OUT046,3560.1813080540264
FDX46,OUT017,912.5613759350497
FDV28,OUT049,740.3561211701949
FDA08,OUT018,2490.472750347841
FDH45,OUT017,740.1877457188729
NCS38,OUT010,496.3088587456803
FDD40,OUT010,618.2218303990995
DRM59,OUT035,2499.850719861922
NCJ43,OUT018,2771.0254954705088
NCN29,OUT013,800.6625802223562
NCC19,OUT045,3029.4675224227526
FDR56,OUT035,3178.759688062701
FDZ43,OUT049,4017.247617888951
FDJ32,OUT010,373.9206215790656
DRH03,OUT017,1507.5899952915252
NCZ54,OUT035,2637.4163578510465
FDE26,OUT017,2460.5398144693118
FDS03,OUT045,1058.421117454629
DRZ24,OUT019,352.6585656206329
FDO48,OUT027,5332.353070109449
FDW39,OUT049,2892.8017992427654
NCK05,OUT049,1051.1840900815416
NCK30,OUT017,4050.851183703898
FDT27,OUT018,3257.3137990056102
FDS08,OUT019,525.0128010491771
NCJ19,OUT049,936.9429332115299
FDC58,OUT045,728.3217787900684
DRE37,OUT013,3125.774831136539
FDW02,OUT035,2153.21818576592
FDJ02,OUT010,487.00850796673114
FDX09,OUT045,2789.7612919398375
FDT31,OUT010,618.2218303990995
FDI24,OUT049,2974.846955994935
FDY09,OUT045,2832.6059604245456
FDV28,OUT045,709.8741410557332
DRM47,OUT049,3161.8492074304513
FDT52,OUT019,698.8294027874565
FDI48,OUT018,728.8019139428892
FDY55,OUT017,4168.247095982319
FDU48,OUT013,2088.3919370963995
FDN25,OUT045,881.2156977844945
FDP20,OUT049,2179.0500928371753
FDJ15,OUT013,3126.4352368306995
FDD04,OUT018,1579.656977409754
FDY58,OUT045,3788.2221303056426
FDR37,OUT018,3042.835372598672
FDF44,OUT013,2125.1561061849598
FDD32,OUT045,1310.7142893924652
FDR57,OUT017,2496.1054029258144
DRG39,OUT027,1672.299053506706
FDX15,OUT017,2585.3488688521106
DRN37,OUT045,2625.0714135949297
FDW40,OUT027,3476.8215725388104
FDB32,OUT049,1585.3494868286896
FDM40,OUT018,1610.5802989655126
FDE39,OUT027,3100.915215316162
DRH49,OUT017,1367.0487134155342
FDT46,OUT049,886.2769514805923
NCF06,OUT035,3924.642021620968
FDP07,OUT017,3149.039584560908
FDC04,OUT013,3946.4586570708407
FDZ32,OUT017,1720.3968185944548
FDD50,OUT045,2684.190418569249
FDU56,OUT017,3220.5838958703284
FDV34,OUT017,1154.3954584541502
NCY41,OUT013,742.1381293408784
NCK18,OUT046,2639.5123382190172
DRH25,OUT049,924.6196131104422
FDT57,OUT046,3886.3981927353166
FDV56,OUT018,1356.3397988245545
FDV12,OUT045,1565.779056517545
FDN52,OUT017,1401.4018905050066
FDX38,OUT035,810.317381962915
FDE47,OUT018,1558.8345866466736
NCO07,OUT013,3478.7923324524213
FDV09,OUT027,3738.1053104151574
FDZ23,OUT019,586.4828110277813
DRH51,OUT018,1174.370481696913
NCY54,OUT045,2782.6602927480144
DRG49,OUT013,4045.6920831383663
NCC19,OUT049,3172.684576839014
NCV53,OUT045,3918.4190032611136
FDZ47,OUT019,311.7493453550361
NCO26,OUT018,1500.8463527434246
NCP02,OUT045,990.9657179050121
NCW30,OUT018,3438.3969185407427
NCN55,OUT046,3856.062235493633
FDB20,OUT010,507.75418541366724
DRL11,OUT013,2544.3576603829574
DRD60,OUT045,3126.921422246899
FDW14,OUT010,543.9453308146645
FDL27,OUT010,400.06138584795605
FDU09,OUT018,754.2167601033993
DRH36,OUT027,1998.8255975623686
FDP34,OUT027,3771.7781007511917
FDE04,OUT017,2935.3950691756836
FDZ57,OUT027,3396.8254598758404
FDF02,OUT010,526.8074110598538
FDG28,OUT045,3945.6906662415126
NCI31,OUT046,713.3504196539357
FDT43,OUT013,819.9113871248047
FDU20,OUT046,2024.1618229613975
FDD53,OUT013,741.9147509633459
FDW15,OUT045,2434.3334981088565
NCT53,OUT045,2482.9213324543966
NCG55,OUT027,2959.947110832653
FDD48,OUT035,2001.2614922484627
FDG47,OUT049,4226.679393571955
FDI21,OUT017,1137.8339677040142
FDT27,OUT017,3853.8097258684707
DRO35,OUT013,1937.5245833802232
FDD33,OUT017,3940.6994045513925
FDC04,OUT035,4037.4086129519605
FDY34,OUT013,2653.70946315044
DRJ49,OUT049,2174.4395447063935
FDE05,OUT049,2530.986163850428
FDU31,OUT017,3688.6040930761515
NCN19,OUT027,4887.096789932608
FDK56,OUT027,5078.758799273298
FDK58,OUT017,1707.4816961321544
NCJ42,OUT035,1721.606011179539
FDZ34,OUT027,5439.839141715744
FDA52,OUT018,2762.5525869791454
NCR29,OUT013,864.715715545213
FDT48,OUT035,3324.061871857251
DRJ51,OUT019,659.4578372761493
NCS54,OUT046,2833.701039991955
FDV01,OUT035,2467.4450469308695
DRG51,OUT027,3991.6439154043746
NCG42,OUT013,2088.3919370963995
FDA51,OUT049,1971.2624492197397
FDV19,OUT010,485.09255202586087
NCT18,OUT045,3126.921422246899
NCS41,OUT045,3076.302944205982
FDO03,OUT046,3794.386914295152
FDL12,OUT010,322.52745015075277
FDY37,OUT010,477.749072248505
FDI58,OUT049,1497.8305342296724
FDT28,OUT018,2084.1704331053447
NCC42,OUT010,536.9987667914812
FDO01,OUT017,2088.6201127803015
FDJ02,OUT013,2457.8590331063724
FDQ04,OUT018,553.9987006219226
DRL47,OUT013,2049.334937402827
FDZ32,OUT035,1720.3968185944548
FDC35,OUT035,3524.490146663345
FDX14,OUT045,1113.0032939424568
FDZ35,OUT013,1669.5448826576203
FDL14,OUT013,2451.6319917814226
FDO04,OUT049,940.5105457457342
DRK11,OUT017,2509.496256497804
FDB44,OUT018,3111.290213795753
FDZ50,OUT049,3199.3321415919095
FDI12,OUT027,2480.0508102166627
FDU43,OUT017,4048.6267216358283
FDD58,OUT010,521.2007736173422
FDB27,OUT017,3137.5487389923246
FDB04,OUT018,1168.7852876612515
NCO17,OUT013,1937.1393086857051
FDL12,OUT017,907.26535373435
DRJ13,OUT049,2640.772741793351
FDD57,OUT045,1569.3466690517494
FDW19,OUT035,1824.6445609691768
DRD27,OUT018,1336.574722316931
FDH27,OUT027,3735.596423700541
NCW30,OUT027,6114.761305014198
FDR40,OUT018,1050.1285486601828
FDG05,OUT013,2513.374530007825
NCY41,OUT019,175.77700757474554
FDI38,OUT018,3175.4879631637878
FDR20,OUT046,730.1449532168338
FDE09,OUT017,1743.7241267583481
FDN50,OUT019,347.41514517339164
DRF27,OUT045,2411.1572737998026
DRF51,OUT013,719.9870590403098
NCO02,OUT019,400.256606028387
FDB51,OUT027,1718.9136950506274
FDJ50,OUT013,859.7436501404038
FDN52,OUT013,1344.6748106531868
FDX14,OUT013,1276.3901234939158
FDT27,OUT019,693.5502019507987
FDV10,OUT013,737.8393669418025
FDU33,OUT046,722.107710192556
FDU58,OUT046,3055.820163442596
NCP42,OUT027,5577.41969862981
FDL51,OUT027,5403.636306328467
DRH15,OUT027,1195.2997715863285
FDU16,OUT017,1399.2931108978457
FDW15,OUT017,2482.386605767452
FDQ44,OUT045,1994.5578987257013
NCI06,OUT027,4838.804193816825
DRK23,OUT019,737.6415228067308
FDC28,OUT035,1733.0694771951883
NCY17,OUT019,191.9771943374547
NCV05,OUT018,2098.6402243099014
FDM34,OUT019,434.8161323953792
DRD60,OUT027,5234.216669076224
FDT38,OUT046,1324.2330101046239
FDQ57,OUT018,2125.310358119697
FDE59,OUT027,1037.4225209421395
NCM43,OUT046,2609.1001970172388
DRI51,OUT049,2874.394848197809
NCG30,OUT017,2061.6018681763817
NCK54,OUT035,1993.222908183681
FDQ16,OUT019,290.2924146110087
FDI36,OUT013,3117.482427809812
FDX16,OUT027,3681.867185840675
FDA34,OUT046,2831.4132315235265
FDJ48,OUT018,3326.28161694083
FDU47,OUT035,2123.047216495448
FDS39,OUT046,2159.8967687527825
FDD11,OUT046,3940.449245772371
FDM16,OUT027,1965.2690590068692
FDU56,OUT018,3049.511805502348
FDQ32,OUT017,2065.987088767551
DRK35,OUT013,737.8393669418025
FDA58,OUT049,3846.487232934158
DRG48,OUT019,444.15060717819085
FDT59,OUT010,814.5214257750697
FDQ31,OUT019,382.5243040826837
FDS51,OUT018,905.9892212372907
FDW32,OUT027,2422.131673994545
FDI15,OUT027,6105.220701760074
NCV30,OUT017,1039.464134036676
DRG25,OUT049,3161.8492074304513
FDT02,OUT013,732.8512508055309
FDO33,OUT027,3092.7104666118357
FDP38,OUT035,822.0934783590994
FDZ45,OUT035,3201.792656892154
NCA54,OUT027,4906.4428172446505
FDU33,OUT017,793.2747989834845
FDN58,OUT017,3948.4635935338506
FDI05,OUT045,1120.5602634659906
FDM57,OUT019,399.64459812120873
NCS42,OUT027,2413.51367643357
FDB57,OUT045,3602.7176687078727
FDC03,OUT045,3088.9143792806276
FDZ58,OUT013,2029.2928826555801
NCK29,OUT045,2052.3755379015984
NCR53,OUT045,3581.969613986535
FDE26,OUT027,3679.6947900819723
FDU52,OUT049,2507.633282741138
FDE41,OUT027,2298.9842333033944
FDU38,OUT018,2936.116707627041
FDA52,OUT017,2814.1051098351627
FDW46,OUT046,1039.1159135729858
DRI59,OUT035,3849.1419123896817
FDT38,OUT035,1399.88891923452
FDL33,OUT018,2967.0012481705835
FDQ01,OUT027,6049.106943638066
FDJ08,OUT046,3027.868117429804
FDQ47,OUT049,738.5338161892855
NCZ18,OUT013,3887.908001863728
FDE29,OUT017,1013.1766099326456
FDF10,OUT027,3581.1921401060436
FDC48,OUT049,1338.5550238726819
FDY58,OUT013,3892.7918348500207
NCX30,OUT010,722.254180567678
FDV11,OUT013,2850.5288193645088
FDT46,OUT046,773.0822949190378
DRD01,OUT019,323.3631421347043
FDQ11,OUT013,4087.7047747040992
NCM41,OUT017,1515.8455658805829
NCC55,OUT013,730.7306682618687
FDG45,OUT027,5317.214622402618
NCQ54,OUT049,2765.84937574238
FDM34,OUT045,2067.649048759251
FDD17,OUT019,826.1868695221294
FDN38,OUT027,6076.725499827698
FDB53,OUT018,2084.1704331053447
NCL06,OUT035,3938.662736280293
NCV18,OUT019,389.9380875409028
FDX25,OUT013,3174.4532272750016
FDB39,OUT046,852.5067122736689
FDC33,OUT049,3144.109818294582
NCO14,OUT018,546.9620497436318
FDA58,OUT027,5905.8677959913375
NCQ02,OUT017,3067.682235749163
NCR53,OUT017,3788.1390406630258
FDN52,OUT046,1315.7336801481324
FDG26,OUT046,3886.6161354975734
FDE23,OUT027,1287.638909392184
DRI37,OUT013,941.5042017434262
DRH37,OUT018,2478.2581240793515
FDO01,OUT035,2080.2930890830157
FDK45,OUT049,1994.801296286676
FDP23,OUT049,3583.7360626460504
FDM33,OUT035,3644.2881397518286
FDD36,OUT017,2057.433453106904
FDL56,OUT017,1399.4992762131583
FDT27,OUT010,782.9361419020823
FDG52,OUT017,743.1996991688746
NCL42,OUT035,3999.3358806167744
DRJ24,OUT046,3027.868117429804
FDV38,OUT046,828.705680858857
FDT35,OUT045,2698.143965345687
FDY51,OUT045,3468.309107429062
FDC37,OUT017,1706.528892726769
NCP43,OUT013,2956.0335658645868
FDO33,OUT045,1841.9605847600599
FDW04,OUT018,1574.230473146666
NCC31,OUT046,2422.5781169996217
FDK22,OUT049,3583.7360626460504
FDJ50,OUT017,931.5885113946115
FDV13,OUT017,1488.1815069855181
DRL60,OUT017,2488.3412139433563
FDW03,OUT017,1778.6263783743686
FDY27,OUT035,2897.295452558107
FDB39,OUT027,1672.299053506706
FDU59,OUT045,2585.8726922781693
FDZ57,OUT049,2183.5021234431856
FDO21,OUT049,3541.299046815152
FDS43,OUT018,2930.577360419178
FDU28,OUT010,573.0422698503282
FDC51,OUT010,504.6381034196895
FDW16,OUT010,515.446280281321
FDP32,OUT010,473.6296807135434
FDB60,OUT019,606.6706680581149
NCQ30,OUT046,1966.909904387568
FDD26,OUT049,3193.3440182755344
FDI44,OUT045,1289.480694493517
DRH23,OUT046,841.6335229677948
FDO44,OUT046,1756.0271024838612
FDG04,OUT046,2839.80226752612
FDM32,OUT027,2435.8991747934338
FDM09,OUT013,2724.779296652822
FDZ47,OUT013,1625.430849502179
FDM40,OUT027,3402.9032988238027
FDY48,OUT017,1719.835888781341
NCM30,OUT045,731.9881044055302
FDX36,OUT010,680.8250764434023
DRF03,OUT017,741.5198492176091
FDN51,OUT049,4212.111988516291
FDM57,OUT049,1343.3887167589419
FDB35,OUT049,1567.991704396053
FDY13,OUT027,2178.436468786344
FDA37,OUT017,2076.7488113344402
NCX53,OUT017,2205.1074495443104
FDD59,OUT018,1032.5877735198671
FDX10,OUT019,146.85603643178024
FDC03,OUT018,2954.479514589381
FDW43,OUT035,3954.1456254352206
FDW10,OUT046,2720.8716834515053
FDY14,OUT027,5964.804664513525
FDV43,OUT045,776.046348724276
FDO40,OUT013,2454.2914205721677
FDP46,OUT027,2425.471807191871
NCE43,OUT019,464.8792526257877
FDD05,OUT035,2059.203575505102
FDJ60,OUT010,484.75005188515735
DRE27,OUT018,1297.4324944741938
FDO11,OUT035,4135.120845453958
DRG11,OUT027,2678.854969895527
FDK33,OUT010,597.9218636368986
DRM23,OUT045,2696.478574463289
FDJ02,OUT027,3808.619675413353
NCZ05,OUT045,1644.975501122922
NCL30,OUT013,2093.538381761665
FDZ19,OUT018,2777.2552843416847
FDM45,OUT049,2102.209842653461
FDO36,OUT046,2828.692169916048
NCK31,OUT045,799.7935226464027
DRJ37,OUT045,2408.137192375534
FDP24,OUT018,1485.2605397630991
FDF46,OUT013,1926.2659965958228
FDX46,OUT019,327.029467750166
NCL18,OUT045,2944.961072599012
FDJ26,OUT013,3483.795532353498
FDJ07,OUT045,1900.7868257561581
FDY15,OUT013,2395.4610568427765
DRG01,OUT045,1128.4637850858078
FDF58,OUT045,1080.3165117657743
FDZ14,OUT019,365.07936755554715
FDP31,OUT049,1043.4612800838784
FDH45,OUT013,741.9147509633459
FDA09,OUT010,376.73159907782366
FDW31,OUT035,3190.652073269544
FDA57,OUT046,722.0176136439917
NCE55,OUT035,2821.5067006595323
FDC17,OUT019,644.5839005700027
FDC59,OUT013,1056.1213815814504
FDA22,OUT013,2724.779296652822
FDK52,OUT035,3764.0857881869742
NCM26,OUT046,2433.499970661494
NCT53,OUT035,2691.583285440031
FDW45,OUT018,2091.6541164647642
NCI18,OUT035,3595.944707143711
FDE38,OUT018,2475.595380273109
FDF08,OUT019,382.5243040826837
FDY58,OUT010,810.8551001596079
FDF58,OUT019,456.77765809505115
FDX39,OUT017,3759.5654590142562
FDB44,OUT049,3607.755769210279
FDF28,OUT013,2093.538381761665
FDE39,OUT013,1920.4824326761832
FDT37,OUT018,3333.423228250645
FDZ45,OUT017,3326.2631840535205
FDO40,OUT035,2503.2057181600157
FDM57,OUT027,2359.652467641226
DRG36,OUT017,2851.165172212851
FDY36,OUT010,433.0007298234526
DRL60,OUT027,3742.6503405730678
FDS25,OUT019,286.4973036207903
DRF49,OUT027,3002.180071155977
FDP16,OUT045,3790.487393695149
FDS60,OUT049,2616.577262585824
FDU15,OUT027,1051.3239125156736
FDK43,OUT046,2071.8565529700422
FDN25,OUT046,851.9109039369946
FDE53,OUT049,1706.1437256703757
FDB22,OUT013,2451.499550912731
FDE39,OUT017,2003.7625009979204
FDX35,OUT035,3822.229494413326
NCG54,OUT049,2781.4896228338075
FDH27,OUT035,2465.2883055600755
NCK42,OUT013,3427.538268084664
FDS25,OUT049,1740.6155414261746
FDI10,OUT018,2765.5970324011173
FDU35,OUT035,1708.0137593647994
FDI04,OUT017,3252.7978583042263
DRK23,OUT035,4273.353146018542
FDB53,OUT019,439.56854834057395
FDY02,OUT049,4178.347100586962
FDM60,OUT035,737.257715265473
NCJ31,OUT010,715.69505987956
DRP35,OUT017,2099.2120275716393
NCQ30,OUT018,1550.0480065316913
DRL11,OUT010,465.4326598209962
FDU01,OUT013,2949.9406984928587
FDR39,OUT035,2985.586217990883
FDO08,OUT046,2630.988126879257
FDC02,OUT045,3999.916908268099
NCZ29,OUT035,2092.331844172668
FDF29,OUT010,542.9951855855194
FDZ23,OUT017,3185.341430729997
NCU53,OUT018,2475.595380273109
NCW30,OUT013,4221.581793831215
NCM26,OUT027,3939.1358834708963
FDV50,OUT027,3148.607978000492
FDW15,OUT049,2513.126743915408
FDI35,OUT027,5150.686823111548
FDO11,OUT017,4135.120845453958
FDN48,OUT046,1440.618433995533
NCA17,OUT049,2433.474520109268
NCN54,OUT013,1277.3540362808942
FDP22,OUT013,800.6625802223562
NCB54,OUT035,2102.808506686313
FDD08,OUT045,718.8359894840171
DRM48,OUT010,97.57254715596427
FDG41,OUT027,2958.4339825077977
FDE44,OUT027,1335.3714697788055
FDE26,OUT035,2460.5398144693118
NCS38,OUT013,1937.1393086857051
NCJ54,OUT018,3064.8415867067806
FDI40,OUT019,323.58830687843795
FDN45,OUT018,3145.4565965365555
FDU43,OUT046,3857.3315181757002
FDI04,OUT010,640.3850254463072
NCC07,OUT018,1344.8302929059887
NCC07,OUT019,320.5359254700185
NCD18,OUT045,3687.906395082625
FDU55,OUT035,4371.704192302821
FDX59,OUT035,720.5940021351404
FDR52,OUT049,3148.1555104389186
NCP17,OUT013,1036.6262325337111
FDQ32,OUT045,2020.5942104271933
NCT17,OUT049,3161.8492074304513
FDO10,OUT049,936.9429332115299
FDE32,OUT049,726.3421389141834
FDN44,OUT045,2563.222065812283
FDH02,OUT035,1507.1696873527244
FDK60,OUT013,1648.2468573418935
FDS24,OUT019,401.4391534275312
FDL03,OUT010,573.5600603398422
FDB46,OUT027,5375.382157043359
FDO48,OUT049,3778.3785911758746
FDZ39,OUT049,1720.1866127877759
FDT02,OUT027,1038.222941923223
FDC50,OUT013,1576.0841430886571
FDP39,OUT035,845.3680434535711
DRG15,OUT018,824.1158222035008
FDP10,OUT018,1348.9391785031607
FDF53,OUT027,5112.108437751302
FDN34,OUT045,2721.30543332961
FDK02,OUT045,2001.9567093548526
FDC23,OUT045,2840.1998116385084
FDJ10,OUT019,433.10021363274967
FDE53,OUT035,1711.0493086663587
FDR25,OUT035,3981.008295571158
FDW50,OUT046,2609.716362722079
FDS09,OUT049,894.7058671647744
FDW49,OUT010,472.4534817128477
FDU51,OUT046,2836.456358898506
FDF28,OUT018,1608.4181470765575
NCY30,OUT018,2837.497219507329
FDD44,OUT045,4072.4480525453646
FDX09,OUT017,2856.0447483709586
NCF30,OUT013,2093.4059408929734
FDZ50,OUT019,595.2693911427639
FDW37,OUT013,1432.847952232755
FDD11,OUT049,4114.649261423481
DRH39,OUT018,974.4589622610337
FDA36,OUT049,3028.84971932625
NCG43,OUT049,1501.4968598451342
FDF02,OUT035,1700.356559575633
FDP57,OUT027,2612.51148169801
NCE42,OUT017,3635.4253256968377
NCR38,OUT027,6009.5554366995575
FDP03,OUT019,392.35170778748335
FDO51,OUT035,753.3142934916568
NCQ42,OUT046,2072.3306106987384
NCM41,OUT046,1409.4095683917255
FDH48,OUT027,2346.3148828812814
DRF60,OUT046,3852.3959098781716
FDJ27,OUT035,1694.1458334971137
FDQ14,OUT013,2449.856685217486
FDN27,OUT017,1919.8958613459984
NCQ02,OUT046,2839.80226752612
FDJ33,OUT049,2128.845182364287
FDP07,OUT027,5498.245785064126
DRE01,OUT049,3888.462366601507
FDU36,OUT045,1547.1834769726984
FDL28,OUT017,3944.797267918389
NCX53,OUT046,2127.8348466820103
FDZ39,OUT013,1670.5692723693571
NCP42,OUT013,3178.006478717957
FDJ14,OUT035,1347.247846602518
FDK04,OUT049,933.2766075960681
NCC19,OUT017,3117.077604187134
FDS09,OUT018,726.4066396598503
FDZ02,OUT046,1614.9690496116782
FDD35,OUT018,1562.402199180878
NCY42,OUT017,2509.496256497804
FDB05,OUT045,3674.331149098631
FDF20,OUT035,3156.95827136349
NCO41,OUT018,1320.9922070044624
FDC40,OUT027,2164.7325387817023
FDV58,OUT045,2889.6534171475614
FDZ57,OUT045,2077.49996971661
DRM35,OUT046,2868.4940119115904
DRN36,OUT018,1304.577010451789
FDQ13,OUT046,1279.1933167311427
DRO35,OUT010,463.39798199293534
NCD43,OUT035,1720.3968185944548
FDA51,OUT018,1479.7795123459064
NCX17,OUT027,6021.631158439078
NCZ17,OUT049,757.6356810042203
FDR11,OUT027,3814.46301960609
FDW34,OUT049,3997.120428874146
FDN50,OUT017,1525.6239044933063
FDS09,OUT046,773.0822949190378
FDS48,OUT018,2121.6173692152715
FDL44,OUT049,2651.094001212817
DRF48,OUT018,2930.577360419178
FDA14,OUT018,2056.9769019454066
NCD30,OUT049,1599.3634690847011
FDI16,OUT017,841.1308474492155
NCG06,OUT035,4075.0332647203704
DRZ24,OUT035,1999.324289637453
NCS17,OUT045,1565.779056517545
FDB37,OUT045,3918.4933942655143
FDE10,OUT035,2099.63647673743
FDC57,OUT045,3039.5840532353304
FDM12,OUT018,2974.590767352867
FDE24,OUT049,2198.213400420063
FDW22,OUT045,3523.6748958092194
DRD01,OUT027,1571.0424283984646
NCZ18,OUT027,6072.485384533542
FDN49,OUT045,727.4283773668925
FDR22,OUT035,2015.3858072958474
FDV08,OUT019,191.9771943374547
FDY39,OUT046,3055.820163442596
FDV36,OUT049,2143.7985486973807
FDO60,OUT045,776.046348724276
FDU04,OUT027,3203.2559853249854
FDR20,OUT027,1297.3911395206417
FDW19,OUT019,289.9930881225768
FDU40,OUT049,2728.3252241939117
FDK15,OUT045,1562.1127309020833
DRF15,OUT035,2482.1393383243144
FDQ25,OUT017,2894.1688364343877
FDI48,OUT019,311.4085020018008
FDS49,OUT046,1254.3921092979901
FDV22,OUT046,2570.986254794741
NCV42,OUT046,1664.735196752611
FDX26,OUT046,3038.406786731349
FDI33,OUT018,1215.5822953871238
FDZ14,OUT049,2090.921440322333
FDG10,OUT013,868.2833280794174
FDM38,OUT018,696.4921860193168
FDG26,OUT027,5842.009738779628
FDH46,OUT035,1720.3968185944548
FDN13,OUT018,1232.1881923127225
FDU57,OUT035,2468.30400345177
NCI06,OUT046,2885.549480259798
FDM38,OUT045,859.95906683274
NCG42,OUT010,512.3875874523762
FDL39,OUT045,2839.708042192758
FDT31,OUT019,615.4572481730975
FDV59,OUT013,3528.891425931012
FDB49,OUT035,1720.3968185944548
FDD58,OUT049,1710.9774185566357
DRN59,OUT046,772.7059187382665
FDX48,OUT049,2511.5204869858835
FDQ11,OUT049,4145.074652403579
FDY12,OUT049,919.72887327952
FDQ11,OUT045,3973.8450471132787
DRI11,OUT017,1990.0052679760088
FDY32,OUT027,4042.9648449357046
FDS51,OUT045,979.5635072959994
FDR19,OUT010,436.77555909775646
DRB13,OUT018,2856.582060339286
FDS21,OUT035,1071.7103210758387
FDQ40,OUT045,2808.3987930121784
NCE55,OUT013,2844.339461570529
FDX43,OUT027,4181.346391236186
FDS12,OUT049,2122.6396300417828
DRK01,OUT027,2544.0608412734614
FDN25,OUT017,921.8101727818878
FDB60,OUT046,3048.055974460138
FDQ13,OUT017,1390.842003317525
DRK13,OUT045,3029.4675224227526
DRF25,OUT018,532.3268073001724
NCD42,OUT019,198.72621529656942
FDW25,OUT045,1387.646422470095
NCV29,OUT027,4820.391291167025
NCK42,OUT035,3426.46037978031
DRJ13,OUT027,3928.147364604125
DRD15,OUT017,3937.033078935931
FDM27,OUT045,2424.687961472974
FDZ50,OUT018,2977.446806024293
FDC04,OUT046,3856.062235493633
FDF50,OUT049,3161.8492074304513
FDP15,OUT045,3923.17783070978
FDK46,OUT035,4202.9900461722145
FDZ56,OUT018,2576.6063497627247
FDY60,OUT049,2307.2141585498293
FDB10,OUT035,4002.8062635014085
FDR57,OUT045,2430.34230598208
FDU58,OUT049,3161.8492074304513
FDH02,OUT046,1401.7722352112046
FDP48,OUT013,3181.439335120139
FDI46,OUT035,4028.276455225906
FDW56,OUT013,3157.9300476757826
NCM19,OUT010,503.79719180982937
FDS50,OUT027,5559.231870205978
FDK24,OUT013,741.2603787978861
FDO36,OUT017,3003.8583407099172
FDK45,OUT027,2974.680528258659
NCL05,OUT045,735.0000578555322
FDL32,OUT018,1493.4292915453414
FDA28,OUT049,2164.0847134705546
FDY36,OUT018,944.6943185236224
FDP32,OUT018,1636.1056710941157
FDL50,OUT046,2047.2295501380197
DRC24,OUT049,2515.0880995200882
NCS18,OUT017,1716.2682762471368
FDD16,OUT017,1154.364231048062
NCV18,OUT013,1348.9120066575422
FDX07,OUT046,3037.984648242382
NCZ05,OUT027,2629.4221614811245
NCI31,OUT013,734.3969938773305
FDK14,OUT049,1341.1981374169968
NCR06,OUT045,735.5557169397346
NCF54,OUT049,2885.815691397628
DRG23,OUT010,467.34861576186654
FDD53,OUT046,726.5773406826294
NCM31,OUT027,3396.0242566521424
FDT16,OUT017,4145.744537015376
FDR40,OUT035,1356.1142389767688
DRG25,OUT017,3173.625332561302
FDT10,OUT035,1018.6987262714366
FDY32,OUT013,2623.5314762187973
FDN50,OUT035,1525.6239044933063
FDZ35,OUT019,311.7493453550361
NCP54,OUT045,2012.830021444735
NCD07,OUT035,1872.84363583781
FDS02,OUT018,2998.662633570484
DRN59,OUT018,668.3629567376024
DRB24,OUT013,2455.1996043156273
FDP37,OUT027,3242.4601307358307
DRB01,OUT018,2947.774959567608
FDR47,OUT046,2983.7029748012314
NCM31,OUT010,565.5678636442215
NCF06,OUT027,5973.467638881782
NCV17,OUT027,3369.0214969770414
FDS10,OUT049,2913.0063823501373
FDN52,OUT035,1401.4018905050066
FDZ48,OUT013,1919.2798887506856
FDJ48,OUT049,4182.742603739978
DRB13,OUT027,4955.113216939143
FDV59,OUT017,3627.798812867252
FDL32,OUT035,1796.4108547430706
FDZ12,OUT035,2147.364427400836
NCR06,OUT027,991.580381993199
FDP51,OUT017,1994.689517108698
FDY22,OUT013,2149.3456494132424
FDZ38,OUT049,2877.962460732014
NCO54,OUT035,916.1289884692541
FDR23,OUT035,2851.165172212851
FDM38,OUT049,939.4873336745874
FDS25,OUT013,1869.0554789689384
FDZ22,OUT013,1299.6191689224077
FDZ20,OUT019,1057.1711919490997
FDD45,OUT010,507.2570670326807
FDN03,OUT049,4172.6128789812265
NCW30,OUT046,3831.2474615530423
FDY24,OUT027,1695.0372570305917
FDJ26,OUT019,600.03903558201
FDM15,OUT049,2518.5065948310207
NCW54,OUT027,1702.940778650409
FDA23,OUT045,1644.975501122922
FDA39,OUT019,187.4174672988171
FDZ12,OUT017,2460.5398144693118
NCB42,OUT046,1900.7868257561581
FDL16,OUT046,762.804913949838
FDO24,OUT019,442.5678817760785
NCP42,OUT046,3099.6272163473955
FDR19,OUT018,2090.408668280417
DRL01,OUT045,3710.3916974558942
FDV37,OUT046,3053.25700329528
FDI41,OUT010,476.13519587684897
FDF58,OUT049,1046.3503971952816
NCF43,OUT018,1599.6116744757746
FDN02,OUT049,3533.9091806589868
NCP41,OUT035,1721.606011179539
NCY17,OUT027,1211.5947668847446
FDL58,OUT027,6072.268208536858
NCA30,OUT027,5170.266176384192
FDE46,OUT018,2110.7609022101383
FDY38,OUT035,3841.079257833785
NCH29,OUT027,2522.415181685344
FDO20,OUT045,3890.673553565809
FDP44,OUT018,1337.2809265625933
FDM02,OUT027,2448.8850816130907
FDJ14,OUT027,2163.7711494370074
FDH04,OUT010,566.0882711393579
DRK23,OUT046,4102.124961050302
NCW05,OUT046,1653.7620812379043
FDF12,OUT049,2518.3741539623293
FDL51,OUT019,604.5198237314173
FDN03,OUT018,3403.3828762474927
DRJ37,OUT049,2507.633282741138
FDM12,OUT019,586.4828110277813
FDA16,OUT045,3646.4451209501317
NCB07,OUT017,3152.565285817966
NCI17,OUT019,327.2607125102109
FDR51,OUT046,2406.403242440072
FDJ55,OUT045,3711.761478357313
NCZ17,OUT013,745.0961593882562
FDU25,OUT013,964.60512958189
NCG18,OUT045,1657.3296937721086
DRM11,OUT017,4114.250732263985
FDH16,OUT035,1514.8315867565332
FDZ04,OUT018,827.4179385738594
NCX53,OUT035,2179.4073788353567
FDX38,OUT027,1305.1453975119723
FDX09,OUT046,2789.7612919398375
NCW05,OUT018,1336.1279086947002
NCS41,OUT017,3186.471494064457
FDI26,OUT046,2824.914459876973
NCZ41,OUT027,3295.427100446979
NCK06,OUT046,2021.7742400926227
FDX23,OUT027,2518.7488560698825
NCA42,OUT046,2554.435485697301
FDC20,OUT049,936.8442201302724
DRC49,OUT018,2087.86342200977
FDX01,OUT013,1932.3056157994451
FDC08,OUT045,3647.9032559011584
FDC02,OUT017,4275.063184337265
FDK10,OUT045,2866.3951893088965
DRC24,OUT013,2448.21349647049
FDW16,OUT019,331.7836001433893
NCU06,OUT018,3134.457175273524
DRA59,OUT045,3030.1009925246867
FDR24,OUT019,378.857978467222
DRL35,OUT018,527.9295287861712
FDA49,OUT013,1358.7890583515232
NCC55,OUT046,715.3932579811521
DRD24,OUT019,479.66180119102154
NCE55,OUT049,2846.5437769031373
FDT33,OUT045,2723.415473600431
NCT53,OUT013,2597.5710816586256
FDS26,OUT046,3940.162442821807
FDL22,OUT018,1246.9854003834305
FDP44,OUT017,1694.1458334971137
FDC52,OUT018,2112.919451819036
FDI53,OUT010,440.09962647321373
FDZ23,OUT046,3011.6550208140234
NCT18,OUT013,3190.2259152351207
FDR13,OUT046,1900.7868257561581
FDB09,OUT010,482.4162608285258
FDZ60,OUT013,1705.2237760565495
FDB11,OUT046,3729.608899341508
FDC10,OUT018,1493.064803015566
FDW56,OUT035,3169.0435498374077
FDK14,OUT027,2321.6852770651753
DRE27,OUT027,2607.780642522157
FDA38,OUT017,3969.469088097382
FDT11,OUT045,3057.4195684355445
FDP15,OUT035,4053.7582819127083
FDV27,OUT035,1425.3683282940076
FDS36,OUT027,2624.8567538996535
FDY40,OUT027,1311.1299834983975
NCF19,OUT049,889.9432770960541
FDF53,OUT045,3099.052094801358
FDS14,OUT027,3927.511199691587
FDE56,OUT046,1020.217261407151
FDZ19,OUT035,2853.5753192937136
FDZ46,OUT013,1869.0554789689384
FDR16,OUT046,3427.074285358518
FDG29,OUT018,533.2255509868709
NCE30,OUT017,3578.453912463602
FDZ40,OUT046,824.4435469067209
FDG58,OUT018,2097.7829761521216
DRH03,OUT013,1557.4537370049713
FDZ47,OUT045,1612.8769635601861
FDV04,OUT018,2248.1706919867556
FDZ10,OUT018,1615.0994413320254
FDG46,OUT017,1990.0052679760088
NCF07,OUT045,1623.224620200736
FDY44,OUT035,3174.840652836034
FDB21,OUT013,3863.756168693773
FDS20,OUT035,3244.8808117580934
FDS49,OUT049,1293.2093694196874
FDX55,OUT027,5442.809732545721
NCQ02,OUT018,2865.3686404542677
FDR25,OUT013,4308.503715516888
DRG39,OUT045,885.4778317366306
FDB46,OUT046,3442.842250212792
NCC30,OUT018,2781.0025125692305
FDE58,OUT035,2016.678340616385
FDC05,OUT019,569.4683198482473
FDY15,OUT046,2538.9351291768544
FDG14,OUT046,2436.4202300837574
FDL08,OUT049,4017.247617888951
FDQ47,OUT013,720.2851306306434
FDN12,OUT035,1796.4108547430706
FDW10,OUT013,2642.1889835923284
FDD02,OUT035,1977.1457415280352
FDX35,OUT010,685.1781892018861
FDT35,OUT046,2698.143965345687
DRN47,OUT019,538.8005173463182
FDB11,OUT010,688.5105048314621
FDN20,OUT045,2704.8207009873163
FDB59,OUT035,3308.666822495153
FDJ58,OUT045,2806.3120610372775
FDU60,OUT046,2709.0172774355697
FDS03,OUT049,1095.0694436474987
FDU40,OUT019,615.4572481730975
DRH15,OUT049,882.8300580210334
FDD04,OUT027,3654.942336609261
FDQ01,OUT046,3753.274590701372
FDF28,OUT035,2092.622428478378
FDD22,OUT010,474.43078902465885
FDY19,OUT046,1906.0057933369362
FDN33,OUT035,1522.4506870181337
FDV36,OUT035,2136.658963681566
FDW01,OUT010,476.13519587684897
FDJ28,OUT049,3170.6357875454332
FDB17,OUT035,2965.384722329869
FDM40,OUT049,2185.1918905057487
FDV46,OUT045,2120.804686694635
FDQ44,OUT049,2018.3421203432993
NCD42,OUT046,730.3683315943663
DRH37,OUT046,2605.532584483034
FDR10,OUT018,2431.9541098299205
NCD06,OUT027,1318.876442872561
FDI53,OUT046,2559.425408150625
FDG16,OUT035,3569.5042386013056
DRB25,OUT046,1653.7620812379043
FDY09,OUT046,2812.988796678907
FDX48,OUT045,2435.561273562857
FDC03,OUT010,615.8694885689798
FDT47,OUT035,1716.6179686023147
FDW44,OUT027,4373.524533414233
FDT24,OUT017,1204.7178743179022
FDT12,OUT019,781.4684226184095
NCS38,OUT035,1956.125944400288
FDO39,OUT035,3150.161701687244
FDA13,OUT046,728.228339722511
FDO48,OUT035,3816.804776668426
DRJ01,OUT017,2582.7516465311087
FDD53,OUT018,528.6658239482332
NCT05,OUT049,4147.8272320504275
FDQ51,OUT045,785.6324967349692
FDU60,OUT013,2711.3323447127964
FDC59,OUT046,998.1148483210029
FDP36,OUT035,841.7017178381093
NCM19,OUT017,1824.6445609691768
FDL16,OUT035,735.2337722117053
FDE50,OUT018,2898.697156591288
NCR18,OUT013,748.4943169475523
NCD30,OUT035,1622.113480540614
FDH31,OUT013,1678.3314627726027
FDD56,OUT019,479.21746876098587
FDC47,OUT049,3887.664483833883
FDZ21,OUT045,1565.779056517545
FDM01,OUT049,1710.9774185566357
FDF24,OUT013,1298.4518016516095
FDW23,OUT017,743.4585442523195
FDY52,OUT018,838.3317336630539
DRH37,OUT027,4099.17452598003
DRO47,OUT027,3098.250740194117
FDR25,OUT049,4110.0698023650775
FDQ24,OUT027,5893.402873427044
DRJ51,OUT018,3183.033524501029
NCU06,OUT035,3834.0313175549095
NCV18,OUT018,1111.3498698439457
NCC06,OUT027,3332.3392932330316
FDZ01,OUT018,1384.180641174005
FDT14,OUT017,1995.6676354200924
FDD11,OUT019,844.2806435412547
FDN09,OUT017,4037.4086129519605
NCO18,OUT010,529.0159782457829
FDZ50,OUT045,3063.879276158106
FDS44,OUT013,3867.4224943092345
FDI36,OUT045,3048.466759414657
FDA26,OUT010,616.0928577887022
NCY53,OUT049,1936.1431617021103
FDF32,OUT049,3183.2195466767375
FDF59,OUT010,519.2677708513478
FDB20,OUT046,1159.5106267896633
DRH11,OUT035,916.5141505811881
FDT03,OUT049,2604.845501699499
NCH06,OUT035,3914.5037239652006
FDR55,OUT049,3181.471156953996
FDI10,OUT035,2835.4602474359704
FDZ12,OUT045,2104.607341942941
FDM12,OUT049,3186.357910430397
DRB25,OUT045,1653.7620812379043
NCS41,OUT013,3190.2259152351207
NCT53,OUT049,2571.245231898222
NCD55,OUT013,740.9226364589126
FDY08,OUT049,2200.0692605804807
NCP55,OUT049,940.5105457457342
FDA33,OUT013,2461.277528417305
FDQ33,OUT013,2469.9316676635954
FDE45,OUT027,4870.449757162359
FDT26,OUT013,2000.4054424022993
NCV53,OUT049,4040.726285919135
FDK60,OUT027,2616.6070835001087
NCJ29,OUT046,1269.4149781184192
FDI15,OUT045,3972.518028737114
FDX21,OUT013,1783.1219966927397
FDV49,OUT019,893.4091025134112
DRO59,OUT046,1248.181383219471
FDZ14,OUT045,2000.386787112392
FDP32,OUT027,3374.6484526346417
FDC33,OUT017,3190.652073269544
FDT14,OUT010,471.0535032418005
NCN54,OUT027,2142.392357775653
FDR57,OUT027,3949.772025505736
DRK12,OUT046,709.6840940384739
FDX52,OUT049,3161.8492074304513
FDX08,OUT010,519.3507385108874
FDP10,OUT010,520.5966849813345
NCP50,OUT045,1293.0483070277212
NCL06,OUT013,4001.847648730072
FDP25,OUT013,3577.005540452356
FDE53,OUT013,1669.5448826576203
FDL27,OUT017,1149.5900001165946
FDC35,OUT049,3602.9150449249446
DRJ47,OUT010,559.5802878326905
FDD16,OUT018,1001.8176381375764
NCN42,OUT049,2441.1522174934835
FDC38,OUT027,3286.414787139341
NCO07,OUT045,3234.9836172962982
FDQ20,OUT049,750.3788885577666
FDI32,OUT046,1895.1324812470539
FDN20,OUT010,555.0828926053983
DRJ51,OUT027,6239.669938356147
FDU08,OUT045,1565.6803434362876
DRN37,OUT019,475.23634806460774
FDD05,OUT010,524.8455267344908
FDW15,OUT046,2434.3334981088565
FDI52,OUT046,2028.5920490656788
DRM11,OUT049,4186.164710665275
NCO06,OUT045,709.8741410557332
FDU38,OUT049,3172.684576839014
FDU59,OUT018,2348.9111283186485
FDJ10,OUT046,2071.503550922571
FDM13,OUT049,2160.317347163342
NCJ30,OUT019,500.5612527180138
FDM45,OUT018,1538.5678061177296
FDP36,OUT045,796.2259101121983
NCD30,OUT010,524.867099232804
FDN48,OUT017,1615.9021922971222
FDY32,OUT049,2671.7927177018955
FDU47,OUT046,2121.158111040381
FDF17,OUT019,559.4357070651554
FDP34,OUT017,2548.2530421912047
FDA47,OUT049,2684.937462943186
DRD27,OUT027,2517.727223630491
FDW38,OUT045,902.6402176545276
FDZ15,OUT019,360.89761462567884
FDZ03,OUT027,5186.084042756722
NCN19,OUT049,3092.55041930445
FDG02,OUT035,3018.972783856362
FDS31,OUT035,3276.11411449989
FDW43,OUT019,785.1347482338713
FDZ47,OUT010,439.48718406292824
FDO57,OUT017,2571.8263876351507
NCL07,OUT013,737.3550239247082
NCV42,OUT013,1780.8319547483586
FDP40,OUT017,1911.1290095799882
FDP48,OUT019,581.769020371809
FDH21,OUT017,2790.7554232784255
NCP02,OUT049,993.6404309228728
FDK24,OUT049,882.2342496843592
FDC41,OUT045,1128.4637850858078
FDF08,OUT017,1393.997088697146
FDO49,OUT017,846.997740038809
FDS56,OUT027,6337.468186338129
FDX46,OUT018,825.5884378913913
FDQ07,OUT013,3635.5892471695383
FDC32,OUT010,501.50257369665957
FDT21,OUT019,782.4627564097204
FDG58,OUT045,2415.9013813579922
FDW14,OUT049,1377.2192064216893
DRA12,OUT027,3445.541340442492
FDV27,OUT013,1348.9120066575422
DRD25,OUT013,1869.0554789689384
DRF48,OUT027,5111.57394735896
FDX24,OUT017,1522.4506870181337
DRJ51,OUT046,3723.9142514052273
FDE45,OUT045,2895.9354653677287
FDE14,OUT046,1659.9728073164235
FDG53,OUT045,2069.735780734152
FDT08,OUT046,2437.442621216281
DRC27,OUT027,6224.815463870247
FDG20,OUT035,2858.929361195309
FDC21,OUT046,1653.7620812379043
FDV31,OUT018,2737.319060664728
FDB58,OUT045,2126.8124555494865
FDV23,OUT046,2019.8054689506964
FDA25,OUT019,326.7466515485379
FDC15,OUT046,2531.1709401943963
FDU47,OUT049,2185.054993351301
FDE23,OUT013,800.6625802223562
FDS08,OUT013,2850.6612602332
FDW03,OUT027,2620.6962862174137
FDJ60,OUT018,2376.4043828378485
FDM34,OUT017,2100.6588678699536
FDW33,OUT013,1674.3785755438803
FDZ40,OUT013,864.715715545213
FDE33,OUT018,1031.810737815661
NCC06,OUT010,523.2608995422585
FDU11,OUT046,1919.6982419460217
FDL44,OUT017,2686.372799879539
NCZ29,OUT017,2099.2120275716393
FDG28,OUT010,868.9315442983102
FDL12,OUT018,816.1900854401877
FDD52,OUT017,1695.9434479574393
FDO15,OUT013,1086.8987029166133
NCN29,OUT027,1279.6667923016637
FDW36,OUT013,1674.3785755438803
FDB21,OUT046,3746.846187935255
FDZ28,OUT013,2080.0649133991137
FDY10,OUT035,1972.8605724071303
DRG39,OUT017,879.8487214754438
FDN28,OUT013,1665.977270123416
FDV15,OUT035,1700.6675768098091
DRI13,OUT035,3648.5399576135214
FDH20,OUT046,1546.8863486555642
FDY51,OUT013,3603.3857823379417
FDE16,OUT013,3593.5320279435578
FDX40,OUT018,530.6538988235463
FDC48,OUT018,1050.1285486601828
FDS14,OUT046,2407.589661265598
FDX56,OUT017,3997.8840923557586
FDI10,OUT046,2832.2958396166787
FDI14,OUT013,2155.308093249026
DRM48,OUT013,730.6682629245167
NCH07,OUT027,3908.9503696681045
FDY26,OUT013,3492.165763365097
FDD02,OUT027,2963.397273591807
FDM12,OUT046,3064.606743557578
DRF01,OUT010,427.98897898277403
FDV36,OUT046,2080.643133085024
DRI59,OUT013,3756.9746874467696
FDV03,OUT018,2144.4357343050774
FDO39,OUT017,3252.6450007405515
NCB07,OUT018,2923.4119119338675
FDH38,OUT027,2949.4982234501467
FDZ13,OUT035,813.7452640546948
NCZ30,OUT046,2007.6110538639568
NCA06,OUT035,696.0632809727879
FDB04,OUT049,1385.6205118421535
FDN50,OUT013,1472.7873440809255
NCG06,OUT049,4035.504801131045
NCY17,OUT018,549.9590961290581
FDC23,OUT046,2866.7764969655323
FDK33,OUT049,3416.8282422160264
FDR03,OUT049,3457.8971599129004
FDZ07,OUT045,1046.2770064331062
FDO38,OUT013,1282.0050412357607
FDS59,OUT046,1653.7620812379043
DRM11,OUT019,737.6415228067308
FDX52,OUT027,5513.764972379249
DRJ35,OUT018,821.469853512536
NCP53,OUT046,3889.2402061205794
FDW15,OUT019,458.71222389437645
DRI47,OUT045,2441.010233750486
DRZ11,OUT035,2033.9441373330314
FDS02,OUT013,3091.9965475031195
DRD49,OUT018,3186.7833177708053
FDW38,OUT049,945.3905891539088
FDR21,OUT019,485.5129744001042
FDE40,OUT013,1042.0557337566454
FDI02,OUT045,1762.2378285623804
FDQ04,OUT045,727.9127203839868
FDY14,OUT017,4171.680188633116
NCT54,OUT046,1539.6524105058982
DRD25,OUT017,1896.212262886955
DRE01,OUT045,3731.877681159067
FDJ12,OUT010,707.4321848493619
NCZ05,OUT049,1710.9774185566357
DRB25,OUT019,281.5058344960263
NCC31,OUT045,2554.435485697301
FDM16,OUT045,1170.6374657491679
DRG11,OUT049,1710.9774185566357
FDV24,OUT027,3658.428640947583
FDV43,OUT046,729.5892941326312
FDG05,OUT018,2097.7829761521216
FDV23,OUT010,473.6296807135434
FDI58,OUT018,1301.761312637857
FDQ11,OUT017,4090.4786891074114
FDC05,OUT027,5407.461684207881
FDF40,OUT013,4038.130646708025
FDU02,OUT018,3122.7435604669886
FDT32,OUT013,3076.0822580681233
NCF06,OUT017,3956.1782537600006
FDT46,OUT013,796.9962546068944
FDR58,OUT010,521.8264033891581
FDY04,OUT046,2613.296773465492
FDT58,OUT045,2681.593196248247
FDE46,OUT049,2508.4948145565086
DRH11,OUT017,916.5141505811881
DRI51,OUT046,2832.7706996392662
FDC35,OUT017,3524.490146663345
FDP45,OUT035,4102.348797253555
FDC45,OUT017,2775.0376415362352
FDU01,OUT045,2924.7633276521256
FDJ53,OUT010,501.6180219954217
FDJ46,OUT017,2872.2140826615414
FDX07,OUT013,3076.0822580681233
NCI30,OUT049,3864.33004545673
FDE47,OUT027,3241.064963482929
FDV48,OUT045,1285.8143688780551
FDN16,OUT019,320.5359254700185
FDM52,OUT013,2473.6317210664915
FDA32,OUT027,5287.960289399831
FDH05,OUT017,3813.6865250396077
FDW25,OUT010,552.5888430206583
FDQ09,OUT046,1783.3945413082986
NCM17,OUT010,194.14308273273383
DRM59,OUT046,2422.5781169996217
FDV47,OUT027,2278.4072279048182
DRE15,OUT035,1177.7342241338604
FDS25,OUT010,487.77732008586116
NCZ05,OUT018,1364.2070650342243
NCV05,OUT019,466.87221108945454
DRM37,OUT046,3036.654697544786
FDV58,OUT027,5381.8505257454635
FDN22,OUT027,6077.1977424502375
NCO06,OUT049,725.7599149064133
FDT56,OUT019,376.85782891264085
FDM02,OUT013,1358.7890583515232
FDA09,OUT046,2917.1917366750317
NCC06,OUT035,2136.658963681566
NCL54,OUT049,2861.519714812099
NCB55,OUT017,971.1593297593935
FDB12,OUT017,1695.098636902499
NCA54,OUT049,2945.852360756258
NCS38,OUT049,1992.329289617258
FDC02,OUT049,4071.368312081961
FDK44,OUT019,460.07379320718337
FDE16,OUT035,3756.7217077260707
NCS05,OUT035,2129.3192238648985
FDZ59,OUT045,2689.357385230705
FDI20,OUT017,3642.061567388947
FDQ14,OUT046,2417.23519790148
FDF53,OUT017,2991.9106906814354
FDW25,OUT017,1459.2015308111422
NCQ43,OUT010,520.5966849813345
FDX52,OUT013,3126.4352368306995
FDE28,OUT045,3670.309408330379
FDN15,OUT017,2164.2394695414823
FDO28,OUT017,1978.1387480112573
FDQ33,OUT045,2426.5693091263984
FDM22,OUT010,277.7459784743503
FDJ03,OUT017,808.6876853776771
FDI16,OUT045,880.6448273956007
FDI09,OUT027,5541.522337921608
FDX55,OUT013,3528.891425931012
FDS23,OUT027,3272.867306241802
DRC12,OUT045,3005.490236824514
FDH41,OUT049,3583.7360626460504
FDN01,OUT013,2873.8460365130436
FDV55,OUT045,2437.442621216281
NCJ19,OUT013,868.3820411606748
NCY29,OUT010,273.5087824699948
FDP03,OUT018,1554.034774107572
FDZ52,OUT045,1756.0271024838612
FDH31,OUT010,530.3031955616405
FDQ19,OUT018,3392.425759146148
FDS15,OUT035,1700.6675768098091
FDN32,OUT017,3212.9920872535463
FDH32,OUT049,1604.1971619709611
FDF33,OUT017,1743.7241267583481
FDJ22,OUT046,3030.2204592599237
FDG56,OUT010,377.58694719452734
FDC05,OUT046,3044.418886527244
FDK09,OUT013,3825.0515442036262
NCV29,OUT045,2804.202216563925
NCC43,OUT019,650.665655871963
NCA42,OUT049,2609.331259641551
FDC10,OUT046,1886.3459011320715
FDC16,OUT013,1344.6741221079565
NCL17,OUT013,2135.780641912853
FDA51,OUT035,1947.8703738112304
FDW01,OUT017,2459.6808579484114
NCF30,OUT045,2059.322025061965
FDN49,OUT013,741.9147509633459
FDY20,OUT045,1425.63635688393
FDC15,OUT045,2442.3938263035157
FDY24,OUT046,817.5714186061391
NCG43,OUT017,1618.5458680064098
FDA48,OUT013,3692.3462385008033
NCF55,OUT017,741.3676297995694
FDL38,OUT049,1455.7845581246313
NCQ29,OUT018,3330.481206923024
FDC34,OUT017,2556.017231173663
FDP36,OUT027,1452.7997394254173
FDN50,OUT010,536.2739297435555
FDO23,OUT049,1599.9599659666058
FDT56,OUT013,868.3820411606748
FDT13,OUT027,4989.167762812968
FDZ03,OUT013,3171.0819443071755
FDQ03,OUT010,818.1995494785663
FDU44,OUT045,2585.27465814947
FDD03,OUT049,3926.636052777916
NCH30,OUT013,1870.0798686806752
FDS60,OUT010,354.7313073640222
FDG08,OUT046,2834.8930619376806
FDX38,OUT017,810.317381962915
FDD22,OUT017,1956.125944400288
FDW51,OUT013,3557.891061507347
FDL09,OUT017,2738.283806310664
FDZ60,OUT045,1639.7480989818928
NCH07,OUT046,2548.7811411881953
NCQ41,OUT049,3170.6357875454332
FDW04,OUT049,2057.0472602585332
FDI08,OUT027,6402.816515715514
FDR19,OUT019,439.56854834057395
FDV13,OUT046,1333.415540380673
FDB52,OUT017,4125.632865355271
FDZ48,OUT027,2958.3174434715042
NCO14,OUT049,882.2342496843592
FDZ50,OUT013,3143.6358157744526
FDN27,OUT019,295.3281687690413
FDQ60,OUT013,2036.1465496320266
FDR49,OUT017,813.7452640546948
DRJ35,OUT027,1799.6247099708016
DRI49,OUT017,1346.893718587381
FDB47,OUT017,3810.0262456780133
FDP37,OUT010,500.1240952975453
FDR26,OUT049,2716.466356324619
FDY31,OUT019,458.71222389437645
FDC11,OUT045,1407.385178623563
DRP47,OUT035,4125.009999251196
NCY54,OUT018,2725.169879869182
FDR27,OUT046,2075.413237741709
FDQ21,OUT019,387.37352284524826
NCQ29,OUT035,4004.4577743677496
FDJ02,OUT046,2445.2068101987393
FDE21,OUT018,1553.153905954486
FDM39,OUT046,2743.1740171877996
FDZ01,OUT017,1741.684663125744
NCB19,OUT018,1192.762853727445
FDU03,OUT046,2997.1720114988707
FDP27,OUT049,3172.684576839014
DRF01,OUT045,2398.639053457614
FDM03,OUT049,1732.7824960772814
FDV01,OUT046,2424.687961472974
FDS16,OUT046,2434.3334981088565
FDO45,OUT035,1488.1425518931624
NCX06,OUT035,3020.5241778518866
FDP13,OUT046,719.825640418502
NCR38,OUT018,3358.5912883504807
FDA01,OUT013,874.5927672391941
FDT26,OUT017,1945.6337996194397
FDD44,OUT027,6278.980665727973
FDB26,OUT013,874.5927672391941
FDP45,OUT019,844.2806435412547
NCP55,OUT046,859.1448420866608
FDT23,OUT017,1343.0872808782892
FDO51,OUT045,727.9127203839868
FDA44,OUT046,855.5772295524564
NCJ31,OUT018,3188.903552854424
FDX37,OUT045,1633.101671894717
NCD18,OUT049,3791.8034743853214
FDN40,OUT027,3834.1787504472477
FDL33,OUT017,3117.077604187134
DRF48,OUT035,3145.141395667205
FDW08,OUT035,1703.8852170174814
FDX39,OUT018,3044.733755778333
FDB38,OUT049,2643.468395687138
FDY46,OUT018,2935.79176513785
NCB06,OUT049,2635.7409250544233
FDA34,OUT035,2925.1251683300966
FDA35,OUT045,1983.4606734850088
FDQ07,OUT035,3612.1490439949084
FDU32,OUT045,2007.6110538639568
FDU26,OUT013,2017.8720394557613
FDU13,OUT010,460.85969054610615
FDO09,OUT035,4070.279664284422
FDW03,OUT019,320.5359254700185
FDB38,OUT013,2571.441706769351
FDL26,OUT010,484.29518307192717
NCN43,OUT045,2043.032973689766
FDH08,OUT045,3759.68625878066
NCC31,OUT019,462.2277739809431
FDH14,OUT035,2160.524244084801
FDL40,OUT017,1606.1628087767544
FDD20,OUT035,2072.4134645754807
NCV53,OUT035,4110.120192581891
FDD16,OUT045,1098.393503349771
FDP24,OUT035,1988.3990307414956
FDQ25,OUT045,2811.966405546383
FDM38,OUT035,889.4164138634275
NCT18,OUT010,528.1248137111664
FDM34,OUT049,2135.8646422647425
DRH37,OUT010,529.6153885569116
NCE07,OUT013,2200.27537812121
FDG12,OUT013,1932.3056157994451
FDB59,OUT010,536.9316354257568
FDS10,OUT018,2786.9710516293108
FDN21,OUT010,526.6008939844398
FDM02,OUT045,1359.8240625164558
FDO44,OUT049,1958.7827221800876
NCN17,OUT017,1700.3946591031988
FDH16,OUT018,1294.1422123762563
FDL44,OUT046,2563.222065812283
FDY47,OUT017,2107.478787330727
DRI39,OUT046,856.1730378891307
NCX54,OUT018,1363.9479195081897
FDE59,OUT046,719.059583596614
FDO46,OUT045,3001.688619099734
DRE13,OUT046,1323.538488686692
FDW14,OUT013,1415.165403454984
FDF35,OUT046,1680.9730961975058
FDO50,OUT019,384.4978341568476
DRF49,OUT017,1956.125944400288
FDT60,OUT049,2154.325104508066
FDP38,OUT045,802.4366361907176
FDA31,OUT027,4602.571523722997
FDY52,OUT010,377.48823411327004
FDD03,OUT027,6250.873786530722
FDN52,OUT018,1181.1794751680993
FDU20,OUT010,546.5252129141858
FDD22,OUT035,1802.932598055766
NCB55,OUT019,313.08576116550466
FDN27,OUT045,1848.7559131548994
FDD16,OUT013,1273.78642374669
FDW48,OUT046,1255.415321369137
DRN35,OUT045,719.2455263939307
FDX25,OUT049,3022.4718652694223
DRD49,OUT049,3867.6445352565024
FDE21,OUT019,306.2014808589236
FDN44,OUT035,2628.9851627560174
DRC01,OUT049,889.8445640147967
NCK30,OUT046,3947.3788062186204
FDU39,OUT013,868.3820411606748
FDB49,OUT013,1562.0429819785672
FDS12,OUT045,2019.8054689506964
FDR57,OUT018,2268.812446048852
FDX22,OUT027,5543.09139552546
FDC60,OUT013,1472.0549398227145
NCE42,OUT049,3622.6354467074157
NCK42,OUT049,3455.317628030548
DRE01,OUT017,3803.5819259860345
FDE57,OUT018,1625.1119968066894
DRK59,OUT019,781.4684226184095
FDB10,OUT027,5980.212214629514
FDQ25,OUT046,2811.966405546383
FDY26,OUT017,3756.0608505830146
FDG28,OUT049,3997.120428874146
FDM14,OUT049,1721.1410318638773
NCH29,OUT049,1701.1233152397413
FDD48,OUT049,1994.801296286676
FDC17,OUT045,3522.5094096916005
DRH49,OUT027,2264.616743013247
FDN44,OUT018,2374.8539892757294
FDC29,OUT045,1900.7868257561581
DRK01,OUT019,328.1172745279276
FDD48,OUT017,2001.2614922484627
FDB59,OUT013,3078.1090777311883
FDY45,OUT010,932.5468378865964
FDX60,OUT035,1324.099100511083
FDT09,OUT010,546.5627981197238
DRB24,OUT018,2112.8307891002896
FDL13,OUT035,3948.4635935338506
FDN16,OUT035,1703.8852170174814
FDK57,OUT013,2036.1465496320266
FDO22,OUT027,2101.205609058028
FDC57,OUT010,598.0339733687659
FDZ13,OUT027,1323.5440058312577
FDW27,OUT013,2369.7173745556192
FDX10,OUT049,747.4208585103888
FDY08,OUT018,1581.903040468023
FDA49,OUT017,1400.2078147756652
FDC32,OUT018,1303.852203162701
FDO04,OUT035,916.1289884692541
NCZ54,OUT013,2590.107626290154
FDY40,OUT045,799.8922357276601
FDW36,OUT045,1644.975501122922
FDE11,OUT017,3298.170850321829
DRE37,OUT045,3038.2541025377345
NCK19,OUT017,3117.077604187134
FDT19,OUT035,2829.2708896419904
FDE56,OUT045,990.3948475161183
FDZ57,OUT010,510.4811907363653
FDB35,OUT035,1513.2018901712952
FDF09,OUT010,139.43251617133166
FDO34,OUT046,2701.2530884531116
FDA55,OUT046,3789.196954135819
NCM18,OUT035,1023.1420875911048
FDJ20,OUT019,376.5002107553659
DRQ35,OUT019,401.8117228176458
FDG02,OUT013,3055.317103873504
NCU29,OUT018,2125.310358119697
FDL27,OUT027,1792.0504608409294
NCA54,OUT035,2975.502914819955
FDJ32,OUT035,1074.2157664465403
FDB21,OUT019,720.6371475792123
FDR46,OUT035,2469.3263945842937
FDZ32,OUT046,1644.975501122922
DRF36,OUT017,3189.351654172813
NCU54,OUT017,3605.407258132516
NCI31,OUT017,718.9643055499025
DRA59,OUT035,3053.3074030544926
NCC55,OUT045,714.685320851461
FDE44,OUT018,666.0775020935082
NCN26,OUT018,1512.6647915850078
FDC11,OUT049,1370.439850860574
FDV24,OUT035,2460.5398144693118
FDR40,OUT019,435.62997951964667
NCQ17,OUT049,2636.5376751055805
FDC46,OUT045,3040.0061917242974
NCM18,OUT046,1008.6440207745219
FDK16,OUT046,1539.6524105058982
FDI28,OUT017,1332.962735245987
FDS11,OUT018,3072.575564085162
DRD13,OUT046,1039.1159135729858
FDL36,OUT035,1466.0201091431393
FDI27,OUT013,797.5920629435686
FDJ53,OUT019,295.3281687690413
FDS44,OUT045,3906.3708498288493
FDE28,OUT046,3668.7100033374304
FDQ33,OUT018,2106.5695562671035
FDB37,OUT017,4108.189192732694
FDQ31,OUT045,1349.9470108224748
NCQ05,OUT046,2432.223653635504
FDE10,OUT013,2101.838889036425
FDF38,OUT017,747.0360538781968
FDE50,OUT019,627.0184896798314
DRG37,OUT010,495.16849516180935
NCH06,OUT049,4043.8196547849575
FDY14,OUT045,4221.84013098256
FDO27,OUT017,1611.2072825592995
FDQ19,OUT049,4166.851183701199
FDZ26,OUT019,683.2514044650716
FDN51,OUT013,4268.955402484107
FDK20,OUT035,2058.9000517385953
FDD40,OUT018,2917.407718288945
DRI25,OUT018,750.2639854572608
FDH56,OUT017,1956.125944400288
FDI36,OUT027,5211.695129268775
DRH11,OUT018,754.2167601033993
NCV18,OUT017,1370.0862220188808
DRI01,OUT049,2892.8017992427654
DRE48,OUT049,3190.2056545218747
FDS51,OUT035,1013.4610312908625
FDM38,OUT017,817.9824600590504
FDB60,OUT027,5298.003426607154
FDY58,OUT035,3937.033078935931
FDY22,OUT045,2171.026795577491
FDF11,OUT027,5919.232421592726
FDZ51,OUT035,1617.5318888823601
FDQ45,OUT017,2990.902332273986
FDF17,OUT035,3189.085742638318
NCF31,OUT027,3734.5376978809527
FDA37,OUT013,2062.914330211544
FDO51,OUT046,727.0616836997236
FDF34,OUT013,3017.3171281037176
FDD57,OUT018,1299.743317565529
FDO37,OUT046,3758.0868537877113
FDR49,OUT049,888.250481554756
FDS39,OUT049,2219.9302019700635
FDI48,OUT027,1485.6279411282828
DRM35,OUT049,2941.9651565115123
FDV57,OUT035,3009.99415393726
FDZ55,OUT013,2599.209414305671
FDI28,OUT035,1332.962735245987
FDS21,OUT045,1065.655055604295
FDT34,OUT013,1674.3785755438803
DRI25,OUT035,912.5613759350497
FDT47,OUT010,574.4571461915715
DRH39,OUT045,1115.0456111664705
NCD54,OUT045,2344.334100434732
FDU16,OUT027,2349.981208496743
NCW29,OUT045,2082.0899733833385
FDV25,OUT027,5532.333340820389
FDM56,OUT035,1713.9055291268028
FDZ04,OUT027,1921.8051310736766
FDG59,OUT019,184.4594372514394
FDI56,OUT045,1421.9700312684681
FDS33,OUT035,1412.9852690643522
FDC23,OUT049,2889.383303931833
FDT11,OUT049,3161.8492074304513
FDG17,OUT045,3882.5773351985827
FDZ44,OUT045,1897.2192132219539
FDJ52,OUT013,2585.021099578068
DRI23,OUT046,2542.5917833942153
DRE15,OUT010,556.6747383932246
NCF07,OUT013,1665.977270123416
NCR29,OUT049,933.2766075960681
FDE44,OUT019,218.1362532916661
FDT23,OUT035,1343.0872808782892
NCG06,OUT017,4010.0235665810746
NCU41,OUT010,598.0339733687659
FDH46,OUT017,1720.3968185944548
FDV31,OUT013,2874.8086752117615
NCT41,OUT027,3914.8328375385277
FDE22,OUT027,3989.6044567593844
FDC26,OUT045,1670.9459228311302
DRF51,OUT017,716.382235508152
NCY53,OUT019,295.3281687690413
FDY21,OUT017,3091.955933547706
FDL27,OUT013,1047.6213630797286
FDZ34,OUT049,3246.008942080468
NCF43,OUT010,447.1326545365765
FDC21,OUT035,1706.528892726769
FDL26,OUT013,2433.7725718464026
FDT25,OUT010,532.0428694939292
NCR30,OUT046,1097.2242134371363
DRL23,OUT019,315.31695788924054
NCR05,OUT049,3144.109818294582
NCE19,OUT018,765.8750120439666
FDY07,OUT035,744.8293957541125
FDB10,OUT017,4063.7860565381975
FDP57,OUT013,1675.4029652556171
FDU48,OUT019,426.0295522803968
FDH48,OUT035,1409.0324944182134
FDO33,OUT035,1949.6042010875926
NCU29,OUT045,2432.223653635504
FDW35,OUT046,726.478627601372
FDH05,OUT010,688.8445148173479
FDP26,OUT049,1702.721847967578
DRG27,OUT035,744.0543525889938
FDQ33,OUT046,2416.923772490516
FDH20,OUT010,524.867099232804
FDV14,OUT046,1387.4046516248852
DRD01,OUT046,855.5772295524564
NCI17,OUT049,1600.5308363554993
FDF39,OUT010,922.3136251060378
FDX37,OUT046,1659.9728073164235
NCX17,OUT035,3814.360683193457
FDN03,OUT013,4145.974603666364
NCS41,OUT010,679.6601669734015
FDH34,OUT045,3067.516364091
NCX53,OUT018,1653.879556123411
FDY31,OUT046,2428.6560411012993
FDD20,OUT017,2136.658963681566
FDE51,OUT045,782.5619794561817
FDV27,OUT046,1319.9708761524878
FDF16,OUT035,2460.5398144693118
FDZ02,OUT049,1583.8739603459774
NCK05,OUT045,1046.2770064331062
FDM12,OUT027,4767.170121568007
NCA05,OUT018,2074.571941761316
FDX33,OUT045,2547.7587500556715
FDM25,OUT049,2852.8655755658087
FDE41,OUT018,1173.7584192318873
FDW14,OUT045,1350.542819159149
NCD30,OUT046,1546.8863486555642
FDB23,OUT010,474.7270425076825
FDF45,OUT046,945.5895918951522
FDW20,OUT017,2056.0972270370166
FDF47,OUT045,3416.5978237454833
NCR05,OUT019,627.6440339555863
DRB01,OUT046,3027.868117429804
FDE36,OUT013,2650.1418506162354
FDU56,OUT049,3196.718293539013
FDB23,OUT049,3427.518758079711
FDN48,OUT049,1464.3080257272984
FDS43,OUT013,3126.4352368306995
NCN05,OUT013,3115.7790303863
NCL53,OUT049,2852.8655755658087
FDL56,OUT046,1323.6372017679496
FDH17,OUT018,1311.2528234840947
FDP37,OUT046,2066.2022084609366
FDG09,OUT019,595.2693911427639
FDA55,OUT045,3751.141895115143
FDX31,OUT049,3900.7272184777967
FDJ41,OUT045,3993.908354959819
DRC24,OUT045,2431.3646971146036
FDQ21,OUT035,2026.67309031201
NCT54,OUT045,1562.1127309020833
FDH08,OUT049,3881.9935414386814
FDY38,OUT018,3208.4418976834954
DRM11,OUT010,788.7708093189498
FDG32,OUT049,3597.6938565928212
NCH18,OUT046,3808.8896646874164
FDI20,OUT035,3790.5551670767586
FDA33,OUT018,2109.263176566085
FDN45,OUT013,3633.2066796232452
FDT45,OUT010,277.7459784743503
FDR32,OUT035,3795.9187717289838
FDA48,OUT017,3691.538059495816
FDN23,OUT017,2468.30400345177
NCR18,OUT035,749.0513804537769
FDD45,OUT046,1539.6524105058982
FDI22,OUT018,3147.266623649385
FDT09,OUT013,2133.9426862999417
DRC24,OUT027,3909.6138699577505
FDT39,OUT046,2439.987842617962
FDX28,OUT045,1562.1127309020833
FDA50,OUT018,1295.5966325736433
FDT33,OUT027,4155.105218679055
FDQ60,OUT049,2062.775864346757
NCM19,OUT018,1494.056590954871
FDF40,OUT046,4020.497984493609
NCI30,OUT035,3998.0469297928144
FDK34,OUT049,3979.968923144603
FDA38,OUT027,6065.611993286311
FDT02,OUT045,728.6337681903934
FDC11,OUT017,1375.745910436779
FDD08,OUT046,722.501956661086
NCS29,OUT046,3938.223524924276
DRI03,OUT010,515.4758179133883
FDK48,OUT035,1171.3100941912546
FDM52,OUT049,2530.8607874802074
FDP49,OUT035,916.5141505811881
DRA24,OUT046,2639.774706994239
NCJ43,OUT049,2896.36941177697
FDE11,OUT045,3112.1610824841127
FDP01,OUT049,2433.474520109268
FDQ59,OUT018,1179.054441432587
FDA43,OUT019,595.2693911427639
FDL14,OUT017,2492.5377903916096
FDV50,OUT010,470.99541762870706
FDT01,OUT027,5405.16250070828
NCC42,OUT035,2152.760055102343
FDO28,OUT046,1886.3459011320715
FDD32,OUT019,432.0623669854422
FDV45,OUT035,3220.5838958703284
NCW17,OUT019,440.0765299001879
NCJ17,OUT027,2381.002895814093
NCF18,OUT049,3096.0019706480794
FDP01,OUT045,2392.609696313566
FDH24,OUT045,2483.174661902086
FDI38,OUT027,5627.43733333071
FDX03,OUT035,748.4957213695743
FDY28,OUT046,3402.0825818400804
FDN34,OUT018,2778.721921269728
FDJ02,OUT045,2448.774422732944
FDW40,OUT019,442.4381498391114
FDX03,OUT017,745.4837679195725
FDE17,OUT027,3792.572493859741
FDT58,OUT046,2681.593196248247
FDI38,OUT013,3537.028801005217
FDW22,OUT035,3817.2516373585154
FDS15,OUT027,2732.322841434663
NCX06,OUT013,3120.4469881096647
DRK47,OUT035,3979.923319626421
FDC23,OUT027,4737.758906168881
FDM56,OUT010,530.3031955616405
FDP21,OUT046,3055.820163442596
FDP58,OUT046,3447.0013471645107
FDA27,OUT019,871.1843385938189
FDK41,OUT019,391.16177245833154
NCH42,OUT046,3744.405430945899
FDG29,OUT045,731.9881044055302
FDW15,OUT018,2073.6937673459256
FDD28,OUT018,815.9009136052259
FDQ37,OUT049,3118.2375895447803
FDC23,OUT035,2954.841895152827
FDV13,OUT035,1488.1815069855181
FDK33,OUT046,3256.766306519183
FDO33,OUT013,1935.0525767108052
FDN21,OUT017,2637.4163578510465
NCW06,OUT027,5476.767127613151
FDI38,OUT035,3651.529449022441
FDC21,OUT027,2629.662440947347
NCS05,OUT046,2073.3033932683566
NCN53,OUT049,794.0988093008908
FDV40,OUT010,449.1046014562676
FDG60,OUT017,3936.6900363540535
NCY30,OUT027,5066.2090099344405
FDM40,OUT045,2104.607341942941
NCO30,OUT046,3084.852879065776
FDK10,OUT046,2889.3794972952674
FDM36,OUT045,2808.3987930121784
FDN10,OUT013,1937.1393086857051
FDM46,OUT018,1299.4758579937632
FDX50,OUT049,1842.574517879837
FDP33,OUT045,3874.578035281709
FDO12,OUT045,3058.4419595680683
FDC28,OUT013,1789.2332601688229
FDO31,OUT045,1289.3819814122594
FDX45,OUT035,2459.6808579484114
FDV21,OUT049,2122.6396300417828
FDH04,OUT049,1445.9075064306503
NCG54,OUT013,2733.5658767678037
FDO13,OUT046,2596.746004368052
FDA09,OUT027,4797.191776847663
FDC38,OUT017,2100.6588678699536
NCO42,OUT046,2364.7414967006566
FDL45,OUT049,2121.9915153878414
NCK31,OUT013,831.6788548993276
FDM39,OUT017,2930.4947653707113
FDC22,OUT010,574.3394605121184
FDF46,OUT046,1886.3459011320715
FDQ37,OUT045,3096.267759891949
FDH41,OUT010,591.1011542702645
FDQ04,OUT046,722.501956661086
NCQ02,OUT027,4912.67155956447
FDJ57,OUT027,5046.120471621819
NCE07,OUT049,2219.9302019700635
FDE56,OUT013,950.5895949648107
FDI20,OUT049,3600.0000967509277
FDK36,OUT018,678.6232080002302
FDP08,OUT027,5418.848370511561
FDF44,OUT017,2063.235042070403
NCU53,OUT017,2773.338098450209
FDF47,OUT035,3576.3105111324194
FDS55,OUT010,467.34861576186654
FDZ52,OUT010,490.05384763389276
FDL04,OUT018,1348.9391785031607
NCM26,OUT035,2478.855671339304
FDX43,OUT049,2787.712853662249
FDP52,OUT049,3927.0656734533304
DRK49,OUT045,727.4283773668925
FDE38,OUT013,2650.1418506162354
DRF13,OUT035,2503.2057181600157
FDK41,OUT010,533.0721415087905
FDJ04,OUT027,3058.845189558588
FDZ44,OUT018,1523.2057058975672
FDS11,OUT013,3796.629151460394
FDA55,OUT049,3861.82968492677
NCW53,OUT046,3003.8908318315653
FDB49,OUT027,2564.337192044051
FDD23,OUT017,3180.1165996092645
NCV42,OUT045,1753.351785844962
NCZ29,OUT018,1612.3938265142033
FDQ26,OUT013,868.9778494973491
FDV08,OUT017,752.3221789872235
FDC53,OUT049,1600.3045386248896
FDV58,OUT010,535.5207941439204
NCP02,OUT019,327.029467750166
DRI37,OUT045,884.8820233999563
FDQ12,OUT049,3914.1957385791256
FDE33,OUT046,1251.8477088349327
FDX27,OUT045,1543.5095036724758
FDM22,OUT017,850.6640656542708
NCH30,OUT019,295.3281687690413
FDC04,OUT017,4037.4086129519605
FDO38,OUT046,1258.058434913452
FDV52,OUT027,3128.013434658412
FDB32,OUT013,1575.670334138146
FDV43,OUT018,668.3629567376024
FDI24,OUT018,2763.6293462925305
FDR40,OUT017,1370.7224429192904
FDW02,OUT049,2150.1268489840613
FDE44,OUT049,869.419176188293
FDL38,OUT046,1405.4385608266664
NCT54,OUT010,521.2007736173422
DRJ39,OUT010,649.6581992769287
FDW55,OUT049,4319.045201253104
DRF13,OUT019,440.5829946439864
NCW17,OUT049,2156.8988518524097
FDP13,OUT035,740.7822280097357
FDS08,OUT018,2771.0254954705088
NCP17,OUT035,1068.1427085416344
NCO53,OUT035,3128.1865410037294
FDH19,OUT045,2809.4211841447022
FDJ04,OUT017,1993.4219692968472
FDG10,OUT049,936.8442201302724
FDA40,OUT010,533.0721415087905
FDI53,OUT045,2587.4475234666475
FDU09,OUT010,274.07965285888855
FDK60,OUT045,1565.779056517545
FDR43,OUT017,710.0772632287994
FDW22,OUT017,3688.6040930761515
DRP47,OUT010,749.5859101542372
DRG48,OUT010,481.7895403859531
FDA14,OUT035,2457.9055513844746
FDU49,OUT013,1350.387752931059
FDK28,OUT045,3966.0808581308206
FDT19,OUT046,2791.3361231283156
NCQ42,OUT045,2021.1932384365282
FDD03,OUT045,3751.824379082518
NCM53,OUT013,1675.4029652556171
NCX53,OUT045,2127.8348466820103
FDV14,OUT027,2325.265031629838
NCZ54,OUT017,2609.394242535024
FDB39,OUT013,865.3115238818873
DRC24,OUT046,2431.3646971146036
FDY36,OUT013,1093.8874133832471
FDN01,OUT035,2866.9180604608414
DRH25,OUT046,831.6774850563871
FDV08,OUT046,730.0736371497254
NCP53,OUT049,4033.964725116554
FDU52,OUT010,460.454469496071
NCI42,OUT045,3195.1826602704446
FDZ14,OUT035,2018.9240067396302
FDF11,OUT046,3821.545567910546
FDQ13,OUT018,1193.4590776650575
FDO32,OUT010,165.1864384003885
DRJ37,OUT018,2080.679875191063
FDY43,OUT046,2690.3797763632288
NCT41,OUT017,2464.9768801491114
NCV17,OUT045,2078.5223608491337
FDM04,OUT027,1557.7980742308123
DRB48,OUT018,532.2334364824376
FDM24,OUT013,2451.499550912731
FDT37,OUT049,4114.649261423481
NCO05,OUT010,521.2007736173422
FDL13,OUT046,3798.0532399106137
FDL15,OUT017,2482.93722926795
FDB11,OUT018,3124.7424009796214
FDL14,OUT019,477.74552317933683
FDY10,OUT019,295.3281687690413
FDJ40,OUT049,1858.041682399248
NCW18,OUT046,3814.719026787626
NCY06,OUT013,2084.1119099700963
DRE13,OUT018,1188.653968130273
FDA26,OUT045,3584.4625108844525
NCE19,OUT010,257.8878167216295
FDE33,OUT035,1329.3951227117827
DRL59,OUT027,1527.62434600945
FDY07,OUT046,769.0395931228047
FDF57,OUT018,2794.4946092298474
FDM58,OUT035,1796.4108547430706
FDP26,OUT027,2621.166590892067
FDY32,OUT046,2612.350625806916
FDD51,OUT010,194.73889106940817
FDU22,OUT018,1501.0667433858785
FDZ49,OUT018,3174.624036883031
NCI42,OUT017,3562.378764511708
FDT04,OUT027,1065.975336056183
NCU41,OUT045,3031.8198642528723
FDS56,OUT045,4160.268497582798
NCN42,OUT017,2518.282836612786
FDK34,OUT046,3856.062235493633
FDB03,OUT017,3878.0332089915237
DRJ25,OUT035,803.8546810366472
FDT25,OUT027,3241.064963482929
FDN20,OUT013,2714.899957247001
FDP09,OUT013,3469.7518670534537
FDM20,OUT019,846.314058536934
NCG55,OUT046,1906.0057933369362
NCP14,OUT045,1644.975501122922
NCH06,OUT046,3647.1409150502345
FDV52,OUT013,1919.9754460056702
NCL07,OUT035,740.9240408809349
DRJ11,OUT027,4962.374861335061
DRO59,OUT013,1111.1110801340706
FDW15,OUT010,476.13519587684897
NCQ30,OUT035,2063.6268844604983
NCN54,OUT019,375.11776114729963
FDY01,OUT027,3139.4562807466036
FDX39,OUT035,3645.681194339796
FDH53,OUT027,2245.329251794624
FDA57,OUT035,740.9240408809349
NCC07,OUT010,530.3031955616405
FDU28,OUT013,3066.635272258981
FDK36,OUT010,197.71069526693827
FDR36,OUT018,561.092399718232
NCQ17,OUT035,2450.8942778334294
FDS28,OUT019,322.7922717458105
FDE08,OUT045,2437.442621216281
FDU22,OUT046,1946.873872720934
FDG41,OUT045,1664.735196752611
FDO31,OUT010,552.4126044410885
FDM21,OUT019,797.1644607277465
FDU40,OUT017,2890.627400978543
FDV36,OUT018,1616.015426903365
FDT10,OUT027,1737.608673246828
FDX38,OUT045,796.8217184488726
NCU30,OUT027,4070.9632613289136
NCV06,OUT049,3161.8492074304513
FDT16,OUT035,4176.169927995475
NCP41,OUT027,2589.557664863926
FDZ56,OUT017,2796.3152433555792
FDC22,OUT035,3074.0813119827453
FDU10,OUT035,737.257715265473
FDS46,OUT045,1906.0057933369362
FDO08,OUT049,2739.6029530680294
NCV42,OUT018,1386.3201934337353
FDP33,OUT035,4035.9251438314423
FDJ12,OUT046,3441.3435010086882
FDH04,OUT045,1425.5376438026724
NCU54,OUT013,3542.123096653073
FDO36,OUT010,572.2117263887001
FDT37,OUT027,6145.835450106959
FDD14,OUT010,555.0642290199985
FDA16,OUT013,3640.2465105144497
NCS42,OUT019,331.7836001433893
FDP10,OUT019,310.82941488971267
FDQ28,OUT049,2516.41986285612
FDK57,OUT010,542.5880900126807
FDK02,OUT013,1935.0525767108052
FDW47,OUT018,1548.2116343904906
NCC42,OUT018,1603.0021666279672
FDQ37,OUT018,3035.0428765405045
FDL40,OUT046,1546.8863486555642
DRE13,OUT010,543.3495224779903
FDQ34,OUT027,2703.704739215658
NCB54,OUT046,2050.5354449469833
FDS48,OUT049,2516.41986285612
FDO15,OUT045,1115.9275259871972
NCT30,OUT013,792.9535528106612
FDU49,OUT027,2364.280946838059
FDE21,OUT046,1909.5734058711405
FDS49,OUT019,434.0358970596061
FDT38,OUT027,2333.6663370503024
FDZ01,OUT045,1654.7538397356454
FDC41,OUT035,1208.9221973821957
DRG13,OUT010,479.80125996995406
NCZ42,OUT018,3461.3021245702007
NCM07,OUT045,1349.9470108224748
NCV17,OUT018,1604.3115001657402
DRK39,OUT035,1370.682030355555
FDS37,OUT018,1514.6661189581137
FDV12,OUT019,337.5380934794105
NCG19,OUT018,3129.697551541434
FDS51,OUT013,1006.7190109090034
NCO14,OUT046,722.9110150671676
FDC38,OUT046,2067.649048759251
FDN15,OUT046,2097.619910414792
NCH42,OUT013,3915.9702011979216
FDQ22,OUT046,712.940882744022
FDC05,OUT013,3125.774831136539
FDZ31,OUT013,3110.00214317642
DRJ23,OUT049,3085.1666012395167
FDC52,OUT035,2456.883160251951
DRD12,OUT010,558.2834626007979
FDV55,OUT017,2485.4957288748765
FDD32,OUT046,1251.8477088349327
FDR01,OUT049,3261.064121679704
FDY08,OUT019,445.7549639707919
FDQ45,OUT045,3057.4195684355445
DRN11,OUT027,3615.0550283790603
NCS05,OUT018,1606.3813870558913
FDY32,OUT035,2628.6297777360646
NCD31,OUT045,2635.5781305459855
NCE06,OUT049,2656.9153476271636
NCP14,OUT046,1644.975501122922
NCF18,OUT019,570.2776876243261
FDF14,OUT018,2112.8307891002896
FDB22,OUT017,2450.8942778334294
NCH54,OUT049,2640.772741793351
FDU27,OUT035,794.1481704563412
FDS58,OUT027,4037.875254999485
NCU29,OUT035,2497.9867505792386
FDJ57,OUT013,3126.4352368306995
FDL56,OUT049,1384.4538331165857
FDH60,OUT035,3147.891127806269
FDN24,OUT018,756.6262151971284
FDD02,OUT017,2024.2802040430174
FDP15,OUT017,4150.304212191038
FDB28,OUT027,5420.87338844828
DRC49,OUT045,2417.7827290114164
NCG30,OUT018,1559.4755115521502
FDJ14,OUT049,1293.2093694196874
FDL52,OUT045,724.954690336609
NCG19,OUT027,6099.915686758184
NCN41,OUT035,2073.984927406037
FDW22,OUT013,3756.9746874467696
FDI02,OUT013,1870.0798686806752
FDV51,OUT045,2632.0105180117807
FDV48,OUT046,1248.181383219471
NCL17,OUT019,461.58182539291386
FDP46,OUT045,1425.63635688393
FDU10,OUT045,720.804021704053
FDT37,OUT010,994.3598804130135
FDI27,OUT035,817.663564517905
FDN51,OUT046,4058.366481166629
FDW07,OUT035,1389.7598926927906
FDN45,OUT049,3692.707777553074
DRN37,OUT027,4257.044194069489
DRF48,OUT049,3161.8492074304513
FDP38,OUT019,253.30362370253073
NCX18,OUT027,5053.763289438982
FDK45,OUT018,1525.9223432305675
FDZ37,OUT049,1386.4017366977384
FDS50,OUT018,3166.59759493332
NCR54,OUT018,2976.6758218809664
NCS17,OUT035,1606.1628087767544
FDV31,OUT046,2743.721548297736
DRE27,OUT017,1599.7431000882473
FDN60,OUT013,2590.107626290154
FDK26,OUT013,3126.4352368306995
FDX37,OUT018,1343.4916526411125
FDW31,OUT046,3038.0807743067267
FDX26,OUT018,2986.897326606414
DRL49,OUT019,452.79524527793143
FDU49,OUT017,1412.5908740053205
FDY58,OUT046,3786.622725312694
FDN03,OUT045,3933.289931374428
NCV06,OUT010,636.0573455993134
FDH53,OUT045,1300.2679196706579
FDG31,OUT018,914.1827939225428
NCC06,OUT045,2082.0899733833385
FDS13,OUT049,4065.5015346377604
FDP16,OUT035,3921.0382058728787
FDA35,OUT013,2045.0655706156997
DRP47,OUT018,3343.231919405323
FDY28,OUT010,647.2072607649912
FDY20,OUT035,1475.759492663507
NCH30,OUT017,1796.4108547430706
NCR29,OUT019,327.029467750166
NCP05,OUT013,2447.698135608588
NCF30,OUT019,373.20803223368074
FDA08,OUT035,2679.0412345378522
FDN51,OUT027,6109.006668385428
FDH12,OUT046,1644.975501122922
FDY39,OUT017,3221.385047328494
NCO53,OUT045,3014.585059118787
FDB40,OUT046,2437.353579533125
FDH02,OUT049,1452.1182325091695
FDY11,OUT027,1811.9426640793115
FDQ09,OUT019,295.3281687690413
FDP16,OUT013,4036.9581746541576
NCF55,OUT018,535.8944198343768
FDY09,OUT027,4600.342832154862
FDY39,OUT045,3125.8990311143752
NCU53,OUT049,2711.547837340624
NCT41,OUT049,2500.6471748960007
FDJ45,OUT046,719.059583596614
FDR28,OUT013,2636.0181097366753
FDN08,OUT013,1926.2659965958228
FDJ07,OUT049,2003.2026017071403
FDZ09,OUT027,3959.6774014696703
FDQ14,OUT017,2465.2883055600755
FDY12,OUT027,1317.5533155758433
FDK57,OUT046,1993.1701292398702
FDD20,OUT049,2152.6415734226925
FDS36,OUT018,1480.8148506320797
FDI40,OUT049,1710.9774185566357
FDJ40,OUT045,1762.1383659599444
FDE08,OUT013,2454.2914205721677
DRK01,OUT013,1570.4442873990315
FDC58,OUT049,750.7879469638482
FDE50,OUT046,2990.2670874396367
FDX48,OUT035,2501.3243705065915
DRM35,OUT018,2765.0242053772804
FDG41,OUT013,1697.8059723349
FDB52,OUT046,3887.190203121779
FDV19,OUT045,2567.418642260536
DRG48,OUT017,2509.496256497804
FDI26,OUT013,2966.953845656713
FDU11,OUT019,367.7136306403835
FDF59,OUT019,422.3230344113341
FDR07,OUT049,1575.8848767822035
NCE06,OUT017,2628.6297777360646
FDE10,OUT046,2066.626657626727
NCO55,OUT046,1673.5217768675934
FDZ13,OUT013,803.2069806854137
FDT50,OUT017,1616.895418554903
FDH12,OUT010,521.516615446658
FDD21,OUT045,1897.2192132219539
NCM05,OUT013,4371.679255490678
FDK04,OUT013,937.8378761279644
FDN33,OUT017,1625.1509891439607
NCM18,OUT010,383.8789236436907
DRC25,OUT049,1429.5705945382556
FDT47,OUT017,1716.6179686023147
FDD45,OUT027,2619.877632386724
NCD07,OUT018,1494.484123003557
NCY54,OUT010,486.80674147516083
FDL12,OUT049,1010.0682996224282
FDL02,OUT017,1700.356559575633
FDC60,OUT035,1530.2261196638003
FDR37,OUT017,3044.733268223621
FDY16,OUT017,3185.341430729997
FDU26,OUT045,1972.03983028519
FDN24,OUT013,853.6316371431419
FDH44,OUT013,2451.2657481427927
FDE23,OUT010,197.80940834819557
FDW60,OUT017,2905.678342352953
FDQ55,OUT049,2022.0328590105944
FDV32,OUT027,1743.2340951886856
FDV03,OUT010,484.29518307192717
FDY14,OUT010,744.2963751860643
NCL55,OUT027,6127.2671719813
DRF25,OUT017,748.7545664530192
FDX03,OUT046,729.5892941326312
FDF40,OUT045,3743.047400474965
FDX24,OUT010,552.4925825655519
FDA25,OUT049,1718.2125343468917
FDH21,OUT018,2403.3941646528624
FDB47,OUT010,653.3643858813231
FDT34,OUT019,310.82941488971267
FDS39,OUT010,576.4411757341037
NCU05,OUT046,1248.181383219471
FDE02,OUT049,1570.5361048591103
FDL25,OUT035,1500.3500237642081
FDC50,OUT049,1606.170692045125
FDZ32,OUT049,1702.5761131361714
FDV14,OUT045,1354.2091447746109
FDR07,OUT045,1537.4667713287874
FDB26,OUT049,936.3419970930007
NCR50,OUT045,2431.3646971146036
FDP01,OUT018,2047.9983177412719
FDH57,OUT045,2069.735780734152
FDM60,OUT027,1031.0714769603442
FDA45,OUT017,2820.7843878314848
FDU55,OUT017,4302.271516923187
FDH40,OUT035,1357.1710995565804
FDG40,OUT019,184.66404989584873
FDT12,OUT049,3774.712265560413
DRL59,OUT045,860.9822789038868
FDT47,OUT018,1392.147425408022
FDI60,OUT017,1128.1319541608234
DRF51,OUT027,1061.5935556990335
NCK31,OUT049,889.8445640147967
FDB08,OUT045,2550.867873163096
FDM44,OUT035,1716.2682762471368
FDD46,OUT018,2097.7829761521216
FDR27,OUT019,415.67245684157666
FDV56,OUT010,503.62729723683464
FDM02,OUT049,1394.9017551994602
FDU45,OUT018,1480.2775994526842
FDZ10,OUT017,2084.85823949592
NCK31,OUT010,194.14308273273383
FDR27,OUT035,2108.4230568524117
FDF33,OUT013,1669.5448826576203
FDJ36,OUT046,1653.7620812379043
FDP33,OUT049,4081.5692545863553
FDG17,OUT046,3923.2734299035596
FDG47,OUT027,5860.208317267602
NCW29,OUT046,2073.7629496860527
DRH59,OUT017,1150.827845919946
FDR32,OUT017,3795.9187717289838
FDP48,OUT035,3221.385047328494
FDG17,OUT035,4022.3185280967023
DRJ59,OUT017,740.8253277996774
FDY48,OUT027,2598.8912086967684
FDB02,OUT046,2808.3987930121784
FDN10,OUT019,295.3281687690413
NCD55,OUT035,749.0513804537769
FDX34,OUT013,2025.405678410835
FDZ38,OUT045,2836.338312173471
DRF37,OUT049,4207.88137771919
DRL47,OUT019,383.5651276725009
FDL27,OUT035,1113.4704979993442
NCP53,OUT035,4049.7687522339024
FDT03,OUT019,643.6170302967381
FDJ28,OUT035,3164.5509280383703
FDF40,OUT018,3412.0872035103807
FDA32,OUT035,3648.5399576135214
NCP02,OUT017,921.8101727818878
FDZ31,OUT045,3046.0182915201926
NCQ29,OUT013,4053.948190351413
FDP57,OUT010,530.3031955616405
FDL32,OUT027,3220.8091117927665
DRB01,OUT035,3145.141395667205
FDJ40,OUT046,1673.5217768675934
FDO24,OUT018,2298.914610282449
FDO11,OUT018,3369.17185763132
FDA56,OUT035,2065.105895845708
FDF02,OUT045,1659.9728073164235
FDA10,OUT013,2024.7024303702003
NCI55,OUT017,2083.922970494047
FDZ40,OUT010,262.125012725985
FDV08,OUT049,753.946501091971
FDN48,OUT013,1426.6372261542358
FDU57,OUT017,2468.30400345177
DRF49,OUT013,1926.2659965958228
FDS02,OUT035,3099.8500896511546
FDS43,OUT046,3048.055974460138
FDT16,OUT013,4116.242059002599
FDX19,OUT027,6207.22770945426
FDK15,OUT046,1594.0151983511087
DRA12,OUT049,2216.362589435859
FDY35,OUT017,802.695772783216
NCU42,OUT013,2728.479350055718
FDD26,OUT013,3157.9300476757826
FDR11,OUT018,2329.9528683438675
NCP53,OUT045,3911.6574424585324
FDP34,OUT045,2505.4959567333094
NCV41,OUT019,290.2924146110087
FDN20,OUT018,2570.013064799145
FDZ16,OUT018,3005.151669160701
FDZ28,OUT049,2164.1727227624433
NCL55,OUT013,4174.15662020977
NCJ17,OUT046,1315.7336801481324
FDT37,OUT046,3913.2382308127694
FDV51,OUT049,2765.84937574238
FDZ28,OUT035,2123.3524044746646
FDN27,OUT013,1893.3107169244554
FDS14,OUT019,439.93361869124215
FDZ58,OUT045,2012.830021444735
FDD46,OUT046,2408.137192375534
FDJ03,OUT035,808.6876853776771
FDU03,OUT010,534.2288756515948
FDA33,OUT027,3734.5376978809527
NCW53,OUT035,3182.8732639482387
NCC55,OUT017,721.007143877119
FDP52,OUT019,706.0991024512523
FDE39,OUT049,2051.487462015629
FDB44,OUT035,3681.3764716440096
FDG59,OUT013,728.2782930247386
FDI05,OUT013,1090.81758464969
FDF59,OUT045,2086.5330400215666
FDM39,OUT019,535.8675251390325
FDB14,OUT013,1446.5972984105376
NCS05,OUT019,445.68944448526145
DRJ35,OUT045,990.9657179050121
FDO31,OUT019,432.0623669854422
FDA31,OUT046,2789.7612919398375
FDX40,OUT049,749.8945455406723
FDW56,OUT045,3081.1501902981695
FDH09,OUT018,700.9307595904694
FDA52,OUT019,460.07379320718337
FDF20,OUT019,602.1983393893747
FDE40,OUT046,957.594866198564
NCU17,OUT046,1694.0595404068624
NCP14,OUT035,1708.0137593647994
FDN25,OUT027,1681.2720626483667
FDU39,OUT049,1004.8097788332989
NCM05,OUT017,4268.772740497747
FDU07,OUT017,2362.884476846239
FDF28,OUT049,2170.766007726023
FDR57,OUT049,2646.4270863024567
FDJ33,OUT013,2062.7818893428525
DRH23,OUT035,893.3216471496884
FDQ52,OUT046,3907.97724195296
DRK13,OUT035,3163.3392028853737
FDP09,OUT046,3464.5966620062372
FDR08,OUT027,2765.45604829079
FDV50,OUT045,1990.5358661550338
FDT13,OUT049,3170.6357875454332
FDJ27,OUT027,2714.986901113435
FDH21,OUT046,2632.1247615727334
FDW14,OUT027,2342.9208209997446
FDL52,OUT049,750.3788885577666
FDW28,OUT017,3175.140061111852
FDL40,OUT049,1599.3634690847011
FDE24,OUT046,2113.3939220579227
FDX35,OUT049,3922.9697271624545
FDP46,OUT017,1393.997088697146
FDX56,OUT045,3684.927864958601
FDQ45,OUT049,3059.9994720886393
FDK50,OUT027,4006.5036795664814
FDY26,OUT045,3455.68813326261
FDQ09,OUT017,1858.470606777215
FDN39,OUT049,2759.2560907788
FDP13,OUT017,740.7822280097357
FDR51,OUT013,2461.277528417305
FDZ49,OUT010,588.7656897689378
FDL28,OUT018,3171.461162940466
FDZ10,OUT035,2084.85823949592
FDK38,OUT013,2461.277528417305
DRL49,OUT027,3503.124734456926
FDR15,OUT013,2451.6319917814226
FDQ24,OUT035,4283.471338508628
FDD56,OUT013,2843.5427115193716
NCR42,OUT046,709.6840940384739
FDH52,OUT045,1058.421117454629
FDH57,OUT019,434.8161323953792
FDR15,OUT010,481.89900500376865
FDJ34,OUT035,2060.579477043858
FDW37,OUT035,1509.6732327294467
FDQ23,OUT018,1366.46040917692
FDP34,OUT013,2583.918268496174
FDE04,OUT027,4826.503067119093
FDC48,OUT045,1289.3819814122594
FDA47,OUT019,422.8168684622713
FDI35,OUT018,2859.391730813508
NCV05,OUT013,2451.6319917814226
FDR28,OUT045,2616.864385999697
FDH31,OUT017,1628.2852515267775
FDP59,OUT019,311.7493453550361
FDS19,OUT018,1038.7146141792687
FDM60,OUT045,723.7620517514307
FDJ44,OUT018,2786.0418644566666
DRH51,OUT017,1394.5928970338202
DRC25,OUT017,1466.0480101962983
DRE25,OUT013,1471.4103108886663
NCX05,OUT049,1985.3431817721207
FDR11,OUT017,2584.326477719587
DRP47,OUT045,3794.5497333720627
DRC49,OUT019,398.91389697369505
FDQ47,OUT027,1070.030516922589
FDL20,OUT013,1784.1463864044765
FDM34,OUT035,2140.01297844038
NCN55,OUT013,3962.23134503096
FDD41,OUT035,1708.0137593647994
FDE52,OUT049,1434.0843233073883
NCT18,OUT019,483.4391102339431
FDJ32,OUT018,815.9009136052259
FDE16,OUT046,3549.60755492935
FDZ09,OUT045,2594.6592723931512
DRZ11,OUT046,2027.5696579331548
FDK41,OUT049,1384.4538331165857
FDE56,OUT049,1005.8311036180728
FDH34,OUT013,3126.4352368306995
DRI49,OUT013,1261.8506085725803
DRI59,OUT046,3679.2659956923803
DRC36,OUT049,2901.5883793577473
FDS15,OUT019,320.5359254700185
FDI07,OUT018,2968.7493417389665
FDZ15,OUT018,1534.3061344116013
NCX41,OUT027,5486.058354567318
NCO29,OUT019,458.31792611914767
FDF57,OUT013,2733.698317636495
FDI33,OUT035,1481.970780906999
DRJ47,OUT049,2879.2224064340485
FDB34,OUT046,1327.2048143021539
FDY22,OUT027,3434.2748742568065
DRL11,OUT017,2606.0080178506473
FDY46,OUT035,3182.8732639482387
FDG17,OUT013,3958.565019415498
FDE52,OUT018,1168.7852876612515
DRP47,OUT027,5369.462475141843
FDO01,OUT010,484.28314207925536
FDL09,OUT046,2698.143965345687
FDR57,OUT013,2585.021099578068
DRD37,OUT035,809.7215736262407
FDQ36,OUT027,1077.6760840162701
FDL33,OUT049,3172.684576839014
FDL48,OUT045,799.8922357276601
FDL28,OUT049,3910.529412963664
NCN29,OUT046,776.7486205344997
FDO13,OUT035,2683.997833343408
FDB38,OUT045,2588.8422706836745
FDI36,OUT035,3191.0775659694514
FDI58,OUT035,1504.5872197685635
FDH22,OUT018,1614.3481176204125
FDQ27,OUT013,1739.7788270254414
FDT33,OUT046,2645.7948191187857
FDC56,OUT045,1892.9298007131292
FDF14,OUT046,2422.5781169996217
FDQ39,OUT017,3135.982376792202
NCM43,OUT017,2712.8507334082856
FDS46,OUT035,2039.1314300544313
FDI22,OUT049,3584.7617578590043
NCE43,OUT045,2702.667932257269
FDZ36,OUT010,615.8694885689798
FDR13,OUT019,306.2014808589236
FDP46,OUT018,1208.0329290437285
FDW56,OUT019,595.2693911427639
FDB40,OUT017,2514.626182395425
FDM28,OUT018,2770.379560313047
FDV49,OUT013,4348.629849128327
NCS53,OUT018,2262.551213215666
FDO03,OUT049,3910.529412963664
FDT15,OUT035,3261.4315808555334
FDD33,OUT049,3887.664483833883
FDX13,OUT017,4103.727954973025
FDH60,OUT013,3007.19422436185
DRH51,OUT046,1324.2330101046239
NCL07,OUT049,747.8738782562103
FDW51,OUT045,3391.162765067203
FDF21,OUT019,595.2693911427639
FDH26,OUT019,452.24388918655217
FDJ03,OUT049,890.5390854327284
FDU35,OUT017,1625.1509891439607
DRL01,OUT018,3135.9974471989735
FDE59,OUT045,724.4703473195148
FDI60,OUT035,1113.4704979993442
DRH39,OUT035,1310.6809265917457
FDK36,OUT049,889.8445640147967
FDN52,OUT045,1345.7098148181194
FDU12,OUT017,4110.762904768469
NCT05,OUT027,6026.376890391891
FDS37,OUT027,2954.995968171342
FDK24,OUT017,804.425551425541
DRF36,OUT013,3119.4491289855623
FDN46,OUT010,511.81010486635205
NCN06,OUT045,2579.6833344841893
FDD59,OUT035,1330.1721584159889
FDM14,OUT045,1683.300115480317
FDO10,OUT018,750.2639854572608
FDU35,OUT013,1570.4442873990315
NCA30,OUT018,2974.324221194238
NCO41,OUT049,1599.3634690847011
FDI24,OUT046,2789.7612919398375
FDZ16,OUT046,3098.462063780261
FDV47,OUT046,1273.081303733881
FDV16,OUT045,719.2455263939307
FDZ22,OUT035,1375.123098693546
FDO20,OUT010,837.9455413655251
FDW38,OUT013,914.395563165828
FDW52,OUT045,2639.774706994239
FDT43,OUT019,247.09289762401136
NCS29,OUT045,4037.5888743302744
NCC31,OUT017,2488.3412139433563
FDA21,OUT017,3168.6105094265436
FDQ55,OUT046,1909.5734058711405
NCE54,OUT049,1183.1465373845508
FDD45,OUT017,1630.4470113446605
NCP17,OUT017,1098.0499301663422
FDR47,OUT035,3140.126938823811
DRM35,OUT013,2839.7879481433174
FDR47,OUT019,561.4911075093437
FDX19,OUT010,662.2224195021515
FDV22,OUT027,3878.3059102468114
FDQ46,OUT027,3027.9708255389373
DRO47,OUT045,1833.1740046450775
FDB44,OUT010,742.0415198627135
FDN02,OUT010,657.0307114967849
FDW10,OUT045,2700.464287185581
FDJ41,OUT019,881.8478610066772
FDM50,OUT046,861.7879556309757
FDW10,OUT035,2781.4302772610586
FDY48,OUT049,1714.930305785358
NCE30,OUT027,5280.2167776365195
FDO04,OUT045,888.4496359341607
FDQ26,OUT010,278.34178681102463
NCX29,OUT018,2110.262545171529
FDE39,OUT046,1888.9636426328962
NCR54,OUT027,5381.8505257454635
NCP55,OUT027,1635.1262189105246
FDX22,OUT017,3702.2488864158613
FDI05,OUT035,1161.7768759861995
FDC51,OUT027,3210.456025223052
FDC10,OUT013,1932.8498961768805
FDJ46,OUT045,2823.8193803095637
FDV10,OUT010,142.4612705759214
FDX12,OUT027,5770.640091640599
FDL43,OUT019,432.0623669854422
DRB13,OUT046,2838.779876393596
FDF59,OUT027,3320.5287742509086
FDT35,OUT049,2730.6225452463636
NCJ19,OUT035,907.26535373435
FDT35,OUT018,2522.9847808151862
FDI48,OUT046,773.0822949190378
DRC24,OUT019,460.7989558692762
NCZ05,OUT017,1713.3097815654992
FDJ57,OUT049,3161.8492074304513
FDX11,OUT017,3232.399737841496
FDE09,OUT035,1832.340715850699
NCK06,OUT049,2080.6391039783184
DRE37,OUT017,3114.7779402780634
FDV56,OUT046,1657.3296937721086
FDY43,OUT017,2730.519617328206
FDV35,OUT013,2437.9201581040143
FDF05,OUT019,881.8478610066772
FDA36,OUT035,2992.283873774396
FDS13,OUT027,5735.9668874909175
FDU47,OUT013,2155.308093249026
FDI36,OUT010,624.6560686839623
FDH48,OUT046,1323.6372017679496
FDZ14,OUT013,2024.8581473008985
FDS46,OUT013,2029.2928826555801
FDE21,OUT017,2017.9008540185541
FDA26,OUT049,3856.00196568328
FDV12,OUT046,1550.8498025881602
FDL46,OUT019,295.3281687690413
FDN57,OUT013,2173.923063379773
NCJ18,OUT017,1961.0241205292798
FDO36,OUT045,2891.1734167539294
FDX55,OUT018,3044.733755778333
FDT25,OUT019,392.35170778748335
FDD16,OUT049,1107.232771872445
NCX18,OUT013,3028.564124998182
NCG55,OUT018,1490.15004084958
NCV18,OUT049,1343.3887167589419
NCS18,OUT035,1716.2682762471368
FDC37,OUT045,1653.7620812379043
FDE47,OUT046,2066.676376115163
DRG49,OUT019,664.8563612034716
FDC39,OUT049,3566.890875319931
FDH24,OUT019,453.4411938659607
FDV39,OUT027,5050.3865823553315
NCL17,OUT045,2145.455844128695
NCY53,OUT035,1954.9002232882924
FDH52,OUT013,1037.7935998045093
NCD19,OUT018,763.0803948383034
FDI44,OUT046,1163.1769524051251
DRD49,OUT027,5920.446664396993
FDN08,OUT035,1960.4111135211929
FDO20,OUT027,6416.266792884077
FDY02,OUT046,3945.029659526902
FDX23,OUT045,1459.4124287762563
FDX01,OUT017,2010.398044689977
FDH20,OUT027,2525.5870174907027
NCX41,OUT017,3766.5687843195906
FDD21,OUT027,3097.2388998573083
DRH11,OUT019,319.1259461303488
DRE60,OUT018,3114.3948347308865
FDB10,OUT013,3958.565019415498
FDH38,OUT013,1932.3056157994451
NCL07,OUT018,528.6658239482332
FDD48,OUT046,1897.2192132219539
NCT54,OUT027,2533.553534481822
FDF32,OUT027,5380.744700670995
DRH51,OUT045,1354.2091447746109
DRG03,OUT035,2464.429349039175
NCY42,OUT019,492.0159938402083
FDH32,OUT017,1615.9021922971222
NCJ06,OUT027,3080.4147555545287
FDH47,OUT027,2616.0362131112147
FDZ08,OUT018,1150.9867338907839
FDK16,OUT017,1617.8048065889705
DRG01,OUT018,1010.2189435580405
NCM53,OUT027,2616.1870183873275
NCB07,OUT035,3152.565285817966
NCZ06,OUT035,3911.594556740191
FDU48,OUT049,2146.7379543546253
NCB55,OUT027,1771.9524468363877
FDP15,OUT013,4173.489566738649
FDF17,OUT046,3048.055974460138
NCN06,OUT049,2705.2260386779526
DRM48,OUT018,531.2993227352871
FDH10,OUT046,2775.201680856206
FDC60,OUT018,1225.836804973568
FDE35,OUT018,759.512782304099
DRI23,OUT013,2603.7627256161004
NCR38,OUT013,3980.8382601348408
FDP04,OUT035,1071.7103210758387
NCW17,OUT045,2082.0899733833385
FDX34,OUT017,2026.179948350573
NCK53,OUT045,1562.1127309020833
NCO54,OUT010,281.31359100855474
NCH55,OUT046,2077.0755205508194
FDT44,OUT027,3199.8329974434537
DRG49,OUT046,3852.3959098781716
FDX46,OUT010,277.7459784743503
DRG36,OUT049,2878.0704873335485
FDU37,OUT049,1270.142744649886
FDK10,OUT049,2993.5020848346057
DRF37,OUT027,5827.748162699551
FDC44,OUT035,1851.319359744109
FDP15,OUT046,3900.760594371827
FDZ27,OUT027,1273.6822063152385
FDY22,OUT019,476.29664762710934
DRG51,OUT035,2714.15067799648
FDN58,OUT045,3799.6526449035623
FDW01,OUT049,2516.41986285612
FDX24,OUT018,1320.820184899818
FDO51,OUT017,753.3142934916568
FDJ52,OUT027,4075.535994023042
NCY06,OUT010,532.1218734956371
FDE20,OUT018,2595.1019635264274
FDT23,OUT010,507.75418541366724
FDQ51,OUT046,780.316233068704
FDE35,OUT046,938.355653745486
FDB46,OUT013,3520.6195334147264
NCG19,OUT035,3781.242911148577
NCL06,OUT018,3260.792337794305
FDT36,OUT019,180.997724280387
FDC56,OUT049,2117.0872127281928
FDJ26,OUT049,3584.0700145001833
FDZ59,OUT017,2729.4972261956823
FDV11,OUT027,4530.29981870617
FDR13,OUT010,507.18217083556254
FDI15,OUT018,3387.9722497482226
FDF47,OUT018,2963.8459628771725
NCB54,OUT019,434.8161323953792
NCK19,OUT027,5381.8505257454635
FDX16,OUT017,2469.3263945842937
FDL50,OUT045,2084.8397095332775
NCE31,OUT035,689.1914303023277
DRJ01,OUT049,2656.9153476271636
FDE22,OUT013,2581.4534870438633
FDY20,OUT019,378.28710807832823
NCO14,OUT045,731.3337322400704
NCR50,OUT017,2518.282836612786
DRM47,OUT017,3145.141395667205
FDO27,OUT010,507.2570670326807
FDJ20,OUT027,3275.7976576631013
NCX17,OUT013,3695.514473834511
FDG59,OUT049,740.3561211701949
FDD52,OUT045,1655.55969569823
FDO48,OUT017,3816.804776668426
FDC59,OUT019,453.2100455608467
FDS15,OUT018,1376.241609624765
FDB47,OUT035,3810.0262456780133
FDV14,OUT019,405.7012873796673
FDB27,OUT013,3126.4352368306995
FDA35,OUT035,2085.535391449422
FDN51,OUT018,3476.022621962259
FDO39,OUT019,595.3832324746794
FDB28,OUT049,3154.9451877031447
DRJ25,OUT046,772.511424530144
FDH46,OUT027,2604.1101762775456
FDI10,OUT045,2832.2958396166787
FDU21,OUT018,515.5339339119265
FDD09,OUT049,3006.2228368965766
FDD10,OUT046,2851.0381834475634
FDN31,OUT010,615.8694885689798
FDA46,OUT018,2991.2429630880965
FDM56,OUT046,1653.7620812379043
FDF11,OUT010,868.9315442983102
FDS32,OUT018,1617.4353910982663
NCM06,OUT013,2440.75867969154
FDZ26,OUT045,3739.641870141525
FDO01,OUT013,2055.1170657144917
FDJ46,OUT049,2892.8017992427654
FDG26,OUT019,810.7420603109947
FDZ38,OUT035,2909.9624239300147
NCO55,OUT013,1683.1651556588627
FDT60,OUT035,2061.6018681763817
FDW37,OUT049,1507.7075859236534
NCK42,OUT018,2881.112971493625
FDA45,OUT046,2720.8716834515053
FDW55,OUT018,3534.8562511052673
FDY44,OUT017,3211.818710715721
FDQ31,OUT017,1418.281291265052
FDM09,OUT049,2892.669358374074
FDH12,OUT018,1363.2231122191017
NCQ43,OUT035,1768.2890090846365
FDT33,OUT035,2791.7252396888507
NCT41,OUT018,2073.6937673459256
DRJ25,OUT010,168.85276401585025
NCQ41,OUT046,3056.8425545751197
NCN17,OUT049,1710.9774185566357
DRO35,OUT027,2946.2093880563602
FDU27,OUT018,686.6774763439653
FDY43,OUT027,4300.654456692742
FDG46,OUT035,1990.0052679760088
DRL49,OUT018,1998.9946645016798
NCB55,OUT049,922.9992266268684
FDK28,OUT049,4204.037327682175
FDO49,OUT045,796.2259101121983
FDT03,OUT013,2646.010663729895
FDW33,OUT027,2701.968403707772
FDR02,OUT035,1810.2172193939557
FDF50,OUT013,3128.2367274317558
FDA40,OUT018,1196.6344684001247
NCT53,OUT018,2475.595380273109
FDY60,OUT035,2192.575552493221
FDP44,OUT027,2713.1938146803104
NCQ50,OUT045,3429.0681346455635
NCC30,OUT017,2932.185409517265
FDQ60,OUT018,1538.5678061177296
FDG41,OUT046,1664.735196752611
FDQ03,OUT046,3863.8264244760912
FDM03,OUT045,1653.7620812379043
FDZ51,OUT018,1307.1607097819196
DRF51,OUT035,727.3367846958062
FDF39,OUT017,4253.4445179940585
FDW52,OUT035,2668.4369181530433
FDY22,OUT049,2547.1848322851342
FDG14,OUT013,2461.277528417305
FDA57,OUT017,740.9240408809349
FDL45,OUT019,429.2032178103056
FDX28,OUT046,1539.6524105058982
NCQ54,OUT013,2721.493242210581
FDH40,OUT045,1285.8143688780551
FDU52,OUT035,2582.7516465311087
FDT60,OUT010,482.4162608285258
FDK08,OUT045,1547.1834769726984
FDN04,OUT049,2959.7200995148705
FDE50,OUT013,3028.3646972653783
FDI16,OUT049,887.5546024527812
FDM50,OUT049,1009.5386812875572
NCV30,OUT049,1027.8015377772829
FDT44,OUT013,1919.2798887506856
FDY60,OUT013,2464.8451409515096
FDT56,OUT017,985.1030363440549
FDV58,OUT018,2773.8789573792033
FDU04,OUT013,2066.4819427457487
NCN05,OUT027,4977.963244173304
FDI53,OUT018,2342.7217705246685
FDD34,OUT046,2626.7915504310035
FDW47,OUT027,3232.2783833679473
FDT51,OUT027,2884.452934815997
FDO27,OUT013,1556.5005808143703
NCQ18,OUT018,1348.9391785031607
NCW05,OUT013,1686.0190922381762
FDI15,OUT010,957.3853119171571
NCH43,OUT010,616.0928577887022
FDT40,OUT049,2156.2793956142755
NCG19,OUT017,3781.242911148577
NCM30,OUT035,735.6280186802352
FDB38,OUT017,2636.7493517384755
FDB22,OUT046,2408.137192375534
FDC58,OUT046,722.9110150671676
NCI29,OUT013,2146.6539540027356
FDA23,OUT010,521.516615446658
DRG48,OUT013,2464.8451409515096
FDV21,OUT013,2031.7436312814339
NCG18,OUT019,320.5359254700185
FDG40,OUT045,718.7611833768365
FDU24,OUT018,1318.603187525552
FDA22,OUT049,2749.8449762738396
FDY35,OUT046,780.316233068704
FDJ15,OUT045,3157.158984526433
NCW18,OUT018,3124.3742801569706
FDK56,OUT018,2947.774959567608
FDF44,OUT046,2100.6847459964533
FDP51,OUT049,2053.613144770004
FDU22,OUT027,3107.037320309099
FDM28,OUT017,2905.4984220184765
NCL42,OUT046,3787.222845811642
FDJ15,OUT019,615.4572481730975
FDI32,OUT018,1497.940373895356
DRL11,OUT046,2550.867873163096
DRO59,OUT018,973.5739820893976
FDA07,OUT019,403.22501987736564
NCO53,OUT013,3050.3302453575925
FDO21,OUT045,3349.3820926020167
FDW39,OUT045,2823.998336905823
NCV17,OUT013,2091.959549630604
FDE22,OUT046,2550.867873163096
NCB06,OUT018,2329.1561182927103
DRF48,OUT017,3145.141395667205
FDB05,OUT013,3960.2637288939104
FDP28,OUT027,6005.472522567644
FDP23,OUT046,3514.3113018338126
NCS41,OUT018,3053.785890269405
FDS40,OUT018,532.2334364824376
FDA16,OUT017,3671.7701483615247
FDN20,OUT035,2775.0376415362352
FDF04,OUT027,6244.386148356404
DRG36,OUT018,2562.453854699944
FDW16,OUT018,1295.156191500306
FDU09,OUT017,916.5141505811881
FDW01,OUT046,2416.923772490516
FDB15,OUT045,4077.087378697805
NCJ17,OUT049,1380.7875075011239
NCT18,OUT018,3063.9040827594913
FDG16,OUT018,3053.059633957572
FDP27,OUT017,3027.682229434121
FDQ44,OUT027,3205.131735650336
FDL50,OUT027,3262.041077832242
FDW57,OUT027,4662.655072005835
FDS34,OUT013,1919.2798887506856
NCV30,OUT035,1021.7308958818213
FDD26,OUT018,2956.776149063561
FDA03,OUT045,2433.7859669989202
FDS27,OUT018,2858.858583272588
FDM12,OUT013,3119.4491289855623
NCV42,OUT027,2879.838656829063
NCS41,OUT046,3074.7035392130333
FDN56,OUT018,1655.779000140128
DRK59,OUT046,3723.983873180222
NCG18,OUT046,1657.3296937721086
NCN26,OUT017,1988.003940602903
FDI60,OUT027,1791.2234045503374
NCI43,OUT049,886.9304953071588
NCL17,OUT049,2246.33777953173
FDQ19,OUT019,846.314058536934
FDY43,OUT049,2796.3669929085395
FDR36,OUT049,751.2098846435905
FDJ58,OUT049,2885.6832505289367
DRY23,OUT045,724.5930478372546
FDK26,OUT027,5114.155995312342
DRH03,OUT045,1557.5234859284874
FDC10,OUT010,508.530001642955
FDD23,OUT013,3126.4352368306995
FDP32,OUT045,2057.4156283459547
FDO31,OUT035,1351.9509156131933
FDQ57,OUT013,2484.4623046971483
FDX32,OUT027,3746.6084945982057
FDC39,OUT027,5510.547386360458
FDU55,OUT046,4162.936003607232
FDL45,OUT013,2055.9282223664068
DRK37,OUT049,3161.8492074304513
FDK22,OUT013,3525.22510031555
DRG37,OUT027,3906.0462574235457
FDK22,OUT017,3634.7554395079737
DRH36,OUT018,912.3106907414763
DRC36,OUT018,2794.4946092298474
DRE03,OUT027,1171.6725524363887
FDF34,OUT046,2933.7098414668667
FDZ22,OUT046,1269.4149781184192
FDC44,OUT010,485.9517633068603
FDN31,OUT027,5095.752583690799
FDO03,OUT017,3944.797267918389
FDA01,OUT049,1003.5174826168541
NCH42,OUT049,3868.312118596869
FDF46,OUT018,1500.8463527434246
DRL35,OUT046,726.5773406826294
FDW46,OUT049,1077.523699172045
FDB58,OUT046,2126.8124555494865
FDD47,OUT018,2547.477916790982
NCO17,OUT045,1886.3459011320715
FDJ26,OUT017,3645.681194339796
FDU37,OUT045,1292.0250949565743
