Item_Identifier,Outlet_Identifier,Item_Outlet_Sales
FDW58,OUT049,1412.348309841212
FDW14,OUT017,1242.2748756001315
NCN55,OUT010,497.37571080796585
FDQ58,OUT017,2316.249712504513
FDY38,OUT027,5322.228110695237
FDH56,OUT046,1648.324758093035
FDL48,OUT018,565.6385578025818
FDC48,OUT027,1896.0747205774958
FDN33,OUT045,1317.180190519142
FDA36,OUT017,2975.456716343111
FDT44,OUT017,1725.2966962124012
FDQ56,OUT045,1197.248195942213
NCC54,OUT019,525.4796185904178
FDU11,OUT049,1800.1006125860658
DRL59,OUT013,701.8613109479506
FDM24,OUT049,2153.4462890283557
FDI57,OUT045,2862.4388341816352
DRC12,OUT018,2486.424161160684
NCM42,OUT027,2494.3805763022156
FDA46,OUT010,398.0237840418092
FDA31,OUT013,2491.771199102062
NCJ31,OUT035,3495.3262366577064
FDG52,OUT046,684.7677226639468
NCL19,OUT019,244.89506187958963
FDS10,OUT035,2828.7711060488173
FDX22,OUT010,469.77124318102193
NCF19,OUT035,711.2955864228763
NCE06,OUT046,2311.735280334862
DRC27,OUT046,3230.8504456936557
FDE21,OUT035,1778.1654796477706
NCR42,OUT019,67.10218908801218
FDX51,OUT018,2627.10828198848
NCR06,OUT018,371.4163966077969
FDU31,OUT027,5249.359791836802
FDU59,OUT017,2402.2876644987414
FDR03,OUT027,4733.518024252319
FDS49,OUT027,1994.1110135230563
FDD48,OUT010,235.1867875399793
NCF18,OUT017,2842.703393287111
NCD43,OUT027,2418.9913214619037
NCD54,OUT018,1789.8683006965332
FDY19,OUT010,221.57897785732604
NCY54,OUT017,2523.2573629149206
NCL19,OUT018,1991.6195907465435
FDP23,OUT010,479.6604250378973
FDC26,OUT013,1556.6324984802918
FDR14,OUT010,133.4050296702754
NCS41,OUT035,2886.9487367628526
FDF41,OUT035,3351.6177389727436
FDU34,OUT046,1749.1753424463577
DRH11,OUT046,790.997851320169
FDM03,OUT013,1449.163196119703
FDS31,OUT017,2827.875611608785
FDJ20,OUT017,1668.8011251913765
FDV44,OUT027,4759.555534996759
FDG02,OUT049,2714.8093875213067
FDA09,OUT013,2644.594380906753
FDT04,OUT013,567.9963159543572
FDL58,OUT019,502.0646038093717
FDE52,OUT045,1202.0357634396394
FDW12,OUT035,2385.104392409103
FDL51,OUT017,3171.5928244797105
NCY42,OUT027,3213.7723751568774
FDR07,OUT017,1241.9180240302126
FDN40,OUT045,2157.438063785205
FDB35,OUT027,2250.6023814613723
FDA22,OUT017,2440.2441338322838
NCL06,OUT046,3298.3769122162407
FDI35,OUT013,2768.627387469104
NCW42,OUT045,3237.5491513686857
NCX06,OUT049,2932.258904358327
FDC37,OUT027,2436.1184593335447
FDZ14,OUT018,1669.727240823396
DRG49,OUT049,3734.467703600789
NCG06,OUT045,3281.5864485155653
DRC36,OUT045,2509.678828964795
FDV21,OUT019,295.6468376852071
FDB53,OUT046,2178.188033508724
DRP47,OUT019,450.73675707443203
FDA14,OUT013,2164.316991163938
DRC24,OUT035,2323.8141167012027
FDW21,OUT018,1319.9689813242326
NCH29,OUT046,1433.5507106119844
FDU58,OUT013,2720.9781743198896
FDY27,OUT017,2560.8733943045345
FDV56,OUT035,1575.621272024485
FDT59,OUT046,3424.599434540997
FDB23,OUT046,3104.81951635529
FDR49,OUT045,692.2115014395742
FDB03,OUT010,557.6597185713373
FDN39,OUT045,2345.507831264784
FDX02,OUT027,5224.833525751242
FDQ16,OUT027,2457.31550339662
FDU35,OUT018,1277.4208419131426
NCT29,OUT013,1750.7044907540583
FDZ27,OUT046,669.2815672922815
FDN57,OUT017,1855.9926339218614
FDA03,OUT018,1960.70072946666
FDZ36,OUT045,2788.325795561191
NCU05,OUT013,1100.7143386721852
FDT39,OUT018,1921.048469700478
FDK60,OUT017,1357.641030504244
FDZ25,OUT017,2677.4563910028105
FDG12,OUT046,1826.7032978066402
DRB01,OUT019,434.0016298917999
NCC43,OUT027,5508.733324019985
FDX13,OUT019,564.0653031781942
FDM22,OUT049,803.1379289383492
FDJ03,OUT027,1166.5335962586094
FDU14,OUT018,3253.0102177932954
FDB33,OUT010,330.3683432353977
FDP27,OUT046,2712.575510018727
FDO38,OUT010,192.33230574292423
FDE28,OUT027,5340.518675500659
FDO27,OUT035,1409.572602206534
DRL23,OUT027,2410.360416064164
FDS28,OUT046,774.8474895347101
FDX24,OUT013,1285.9398853779826
FDZ02,OUT035,1397.5269917260405
FDL46,OUT045,1556.7807284956823
FDS60,OUT027,4279.557133293364
NCO06,OUT017,396.1801358867689
FDO16,OUT035,1317.9421942184163
FDC60,OUT049,1297.3279072076805
FDA48,OUT018,2644.006826831604
FDZ36,OUT027,4484.561009501352
FDK27,OUT045,1739.7485865103831
FDW23,OUT018,386.4737050820013
FDM14,OUT018,1315.7756858259338
FDM14,OUT013,1475.5287467808273
FDW60,OUT018,2217.7917955419452
FDE21,OUT013,1693.2082048163795
NCM42,OUT035,1597.1583721441766
FDY59,OUT010,215.8279648779703
DRI49,OUT049,1241.280687298033
FDT28,OUT019,261.28471040521407
FDQ22,OUT018,412.0434877800935
FDR60,OUT049,1201.6604635983622
FDC50,OUT019,218.55988163995877
FDV24,OUT013,2212.144322764733
DRF48,OUT010,425.41903045939904
FDQ47,OUT046,605.6735570421799
DRN36,OUT049,1424.6297559804589
NCY06,OUT035,1864.2389046873227
FDE52,OUT035,1265.7588580317674
NCB54,OUT045,1700.5797279983708
NCF31,OUT035,2274.20552407676
FDJ08,OUT027,4696.926977433776
NCC07,OUT017,1550.826094388367
NCD19,OUT027,1410.9928382926614
FDL46,OUT049,1681.6337297146438
FDM20,OUT045,3362.2880596302357
NCI06,OUT010,388.43374447201415
DRM11,OUT035,3780.942690379169
NCH07,OUT018,2055.335651311674
FDS23,OUT013,1821.6029983119508
FDO49,OUT018,550.8222021081053
FDS35,OUT049,1051.5494733600224
DRK39,OUT045,1195.1872390589238
DRI39,OUT049,831.8861217571434
FDV04,OUT017,2387.264663694309
NCN14,OUT035,2899.6339670134175
FDH08,OUT013,3473.7332217290714
FDS20,OUT046,2685.689672474591
FDV40,OUT049,1101.7469159585019
FDZ48,OUT010,236.25719708914994
FDS24,OUT027,2111.064980882343
FDK44,OUT049,2564.80694196898
FDS48,OUT045,2199.4023284598397
FDK26,OUT010,422.495242945429
FDD23,OUT045,2685.424352356537
NCH54,OUT017,2454.7889273339574
NCP14,OUT010,230.69453493549366
FDM60,OUT010,88.15706767557333
FDV24,OUT017,2296.3864971920984
FDH08,OUT018,2784.228893286646
FDS12,OUT027,3243.0006640153397
FDR39,OUT027,4532.134395143565
FDP12,OUT027,915.2682018471548
DRF60,OUT027,5440.776575420453
FDC09,OUT035,1565.7356379322157
FDF50,OUT018,2554.4052199693615
FDG28,OUT035,3667.182398685856
NCE19,OUT017,812.1432913113707
NCM53,OUT010,239.78291340046573
NCN18,OUT049,1547.737072190009
FDF32,OUT035,2951.5060029844317
FDF11,OUT013,3480.5698655819306
DRI59,OUT049,3579.7318827817353
NCG54,OUT035,2574.1297149108273
FDM44,OUT046,1456.6879720778502
FDT57,OUT018,2773.7272870988763
FDV24,OUT046,2209.6735219799793
FDI50,OUT019,531.735362301562
FDS09,OUT035,745.6147855520105
NCC31,OUT027,3656.2472033933004
FDQ07,OUT019,447.96984423220306
FDC22,OUT017,2903.2232312205474
FDZ56,OUT046,2458.3291599723975
FDZ40,OUT019,142.0551600611035
FDS46,OUT027,2844.475824819902
DRD24,OUT045,1948.6280827667263
FDV45,OUT017,2937.121487282513
FDL26,OUT045,2229.6188856931453
FDA56,OUT018,1664.7426062825386
FDN27,OUT046,1502.4675365527464
FDM20,OUT049,3814.5131464303795
FDO16,OUT017,1315.9777746870836
FDL03,OUT035,3018.043974657302
FDE58,OUT046,1643.8499455962942
FDI02,OUT027,2887.4306931163837
NCC55,OUT019,80.31001387526508
FDR03,OUT018,2501.3840173628105
FDB14,OUT017,1394.5227374329218
FDR45,OUT013,3554.6481419197908
NCN07,OUT017,1874.6574995850292
FDM51,OUT019,231.40583247014482
FDT52,OUT027,5603.564241770398
FDL26,OUT046,2222.361943630807
NCZ42,OUT046,3214.8179619888942
DRI47,OUT019,283.615744585342
FDW40,OUT013,1959.3077869646124
FDN34,OUT046,2420.38534020849
FDS01,OUT035,2679.9646000639095
NCG55,OUT045,1677.7206756335504
FDC11,OUT035,1201.3839286443415
FDX35,OUT018,2808.0499523819954
NCB06,OUT046,2280.787108318716
FDR09,OUT019,520.3702592872738
FDC53,OUT017,1419.0083086817242
FDY45,OUT013,3785.619203137139
FDA22,OUT010,328.18839432627703
FDE02,OUT035,1409.3444960975505
FDW21,OUT045,1552.8233899499276
FDV34,OUT046,1034.319786943161
FDS59,OUT049,1586.962256075947
NCW17,OUT017,1939.0791153506316
NCK54,OUT046,1694.5822741508962
FDG17,OUT019,511.9261523869572
FDG35,OUT017,2425.8001568653253
FDD08,OUT010,83.76290167140401
NCO07,OUT017,3360.751672486035
FDJ10,OUT010,250.08698801683732
FDW36,OUT017,1421.6774859232405
FDW21,OUT010,210.9694599765826
FDY19,OUT017,1739.5755094835229
DRE03,OUT013,638.2162469430739
NCC55,OUT049,573.1207820179419
FDH52,OUT010,149.69396251037244
FDO09,OUT017,4016.429144541983
FDU43,OUT045,3369.9546826361357
FDX09,OUT010,381.2505089169788
FDH40,OUT019,196.78488490665177
FDW58,OUT017,1535.7311259022017
FDC47,OUT017,3534.924428039526
NCR41,OUT035,1435.749931971926
DRG49,OUT035,3600.116726458681
FDC52,OUT027,3478.994746356822
FDY13,OUT046,1069.5287440363163
FDY35,OUT013,579.8842234646329
FDI35,OUT017,2925.495206796525
NCU18,OUT049,2015.3622298045932
FDY33,OUT018,2080.7609785975337
FDC15,OUT027,3760.226230076405
FDU01,OUT049,2930.3612094613527
NCU42,OUT046,2472.445133806617
NCV29,OUT018,2300.432670255816
NCY30,OUT017,2925.714503373079
FDQ46,OUT049,1611.1035148488527
FDG58,OUT027,3626.861469742687
FDK33,OUT017,3264.632100900959
NCD07,OUT045,1608.6481484918472
NCX29,OUT027,3612.4948085230717
NCT42,OUT013,2195.808700129885
DRN59,OUT035,711.3681410543788
FDI44,OUT035,1185.8684405758434
FDA45,OUT049,1796.4169810439575
FDP31,OUT045,873.65686526483
FDY01,OUT046,1694.9326751091457
FDT09,OUT018,1766.1686295904426
DRH03,OUT027,2289.4392454084896
FDA36,OUT018,2353.339434457467
NCF31,OUT017,2287.0569448917518
FDG14,OUT049,2201.157601250126
FDG28,OUT027,5389.670763723314
FDU14,OUT049,3928.8228235710535
FDY47,OUT019,259.8304887779491
FDI56,OUT049,1301.4277128036874
DRD01,OUT013,761.348072188243
FDM22,OUT046,777.848580199767
FDH33,OUT013,540.6468225785351
DRZ24,OUT013,1640.3486108713828
NCQ38,OUT046,1486.330695859474
FDO16,OUT027,2068.6988426238213
FDU07,OUT027,3751.0323975927413
NCB07,OUT013,2722.012353812494
FDU48,OUT045,1815.1588603894684
NCM43,OUT045,2376.9135667114033
FDR31,OUT010,279.24475253863613
DRK49,OUT018,394.43595587872176
NCI30,OUT010,503.0898142316448
DRD60,OUT017,2840.812529714077
NCG19,OUT046,3178.105513653728
FDH12,OUT035,1574.415577392531
FDM32,OUT035,1296.953015188929
FDM27,OUT035,2279.1875421545583
NCU53,OUT027,4005.2842320337218
NCQ18,OUT046,1417.572975041625
FDS10,OUT013,2650.904364529241
FDB33,OUT027,3868.456679397874
FDI12,OUT013,1184.5942247685748
NCW42,OUT013,3316.983642385994
NCC06,OUT018,1770.0680357322626
FDW02,OUT017,1917.713212343556
NCD43,OUT017,1562.4886069140227
FDM57,OUT018,919.0152461240679
FDA58,OUT017,3530.3111850313053
FDK56,OUT046,2681.633255406302
FDP52,OUT045,3488.535602011743
FDW20,OUT018,1673.8423448687204
FDS52,OUT049,1570.4840428509456
NCT29,OUT018,1630.3116324967134
NCL54,OUT013,2506.6229879237485
FDC05,OUT045,2739.926855896527
FDF34,OUT035,2911.681790271936
FDP03,OUT027,3097.590040488434
FDD32,OUT010,164.0981176146812
FDZ10,OUT045,1791.595052621185
FDZ40,OUT035,814.7920961713085
FDD51,OUT018,423.7426830502221
NCY30,OUT019,372.3827312142764
FDP58,OUT017,3174.3947813976715
FDV49,OUT017,4275.226914225972
FDY24,OUT019,125.16893334453809
NCO55,OUT017,1536.118732138568
FDR13,OUT017,1766.4615372691806
FDS51,OUT017,928.533824427961
FDP26,OUT045,1443.477317310423
NCB54,OUT027,3006.924915913914
FDF32,OUT017,2936.703767447736
FDN31,OUT018,2474.0482780088214
DRM48,OUT017,562.008053003162
FDN20,OUT049,2548.878835453738
DRL01,OUT046,3295.9072529081495
FDV56,OUT049,1548.033446934996
DRH13,OUT027,2449.6537376438546
FDA03,OUT017,2265.785521463172
FDF47,OUT027,5320.923266646832
FDX32,OUT046,2175.263396293802
FDX57,OUT049,1427.514506607229
NCA30,OUT045,2658.0061394354925
FDO49,OUT013,594.3917705839222
FDL04,OUT019,215.32588887753224
DRM48,OUT035,572.7249857475113
FDR16,OUT013,3027.9046538775283
NCC19,OUT018,2429.6738528709293
NCE42,OUT045,2830.8512608062456
FDY24,OUT017,832.0463613334836
FDH19,OUT049,2606.8316122045153
FDJ46,OUT013,2485.514510696347
FDN45,OUT010,464.01582785604774
FDY08,OUT035,1868.7133679975102
FDZ37,OUT035,1263.8536671902307
NCT30,OUT045,690.1863591455132
DRY23,OUT018,402.87896103732623
NCZ30,OUT018,1703.2471379843423
FDC44,OUT018,1599.5826327835543
FDB45,OUT035,1397.9032349157196
FDY04,OUT013,2354.2865590763495
FDM27,OUT046,2335.8678781336016
FDZ43,OUT017,3638.0636444896463
FDT39,OUT019,311.9880080202315
NCC06,OUT019,244.8733998175078
FDL15,OUT027,3763.817745611639
FDL57,OUT017,3956.8652784625165
FDU08,OUT046,1359.6224694038926
FDK40,OUT017,4112.8503575086115
FDQ12,OUT010,536.2534747026242
FDS48,OUT017,2248.590171740997
FDP09,OUT045,3091.7088703462755
FDW21,OUT049,1515.371864954722
FDY25,OUT035,2916.273493418095
DRE13,OUT017,1260.8213916239524
FDV43,OUT019,85.0515721501569
FDD22,OUT045,1513.327312556691
FDM46,OUT019,195.28598171967866
NCO30,OUT010,440.786888646782
FDM25,OUT046,2323.3639090079937
NCN41,OUT049,1778.4434992331323
FDU24,OUT045,1339.0615866050387
FDZ50,OUT046,2698.6723864667947
FDP45,OUT013,3757.247582699187
NCM54,OUT045,1800.4707506487555
FDW10,OUT019,370.1738757024869
FDP20,OUT017,1877.4770819546286
FDK32,OUT046,2192.4172337465066
FDN52,OUT049,1249.558191185844
FDM58,OUT045,1508.3956530333444
FDZ46,OUT027,2478.1983524822463
NCA18,OUT018,1554.663839961586
FDD35,OUT046,1800.175975369085
NCK31,OUT035,710.4061723530087
FDI40,OUT027,2550.8418609695636
FDT50,OUT019,200.7335609215084
NCT06,OUT046,2346.290011253091
FDT31,OUT035,2877.2582585675
FDT45,OUT049,804.979130314829
FDT13,OUT045,2799.483402039135
FDO50,OUT045,1264.6006376735688
NCU18,OUT010,262.9330665741614
NCR54,OUT049,3075.4061375793945
NCO18,OUT018,2322.3080595560173
FDU09,OUT045,786.6579970832535
FDT13,OUT018,2514.578231855924
FDE09,OUT046,1585.3023143870587
NCK53,OUT019,230.73591588779263
FDG45,OUT049,3229.127561695373
DRH15,OUT035,645.2050017218332
FDO21,OUT019,493.8858074568775
FDD14,OUT027,4761.452231593008
FDC09,OUT046,1486.922497906548
FDH45,OUT027,911.9039193824082
FDV32,OUT046,978.1820682606137
FDG12,OUT035,1845.6218528734234
FDS32,OUT013,1815.992107246791
NCL55,OUT018,3152.9972114367156
DRE01,OUT035,3557.8628663735635
DRE15,OUT049,1184.3213128925374
NCL42,OUT045,3349.3406343158235
FDP31,OUT013,777.746077931756
FDN33,OUT018,1040.1244753453311
FDZ59,OUT046,2399.3827402370575
FDE45,OUT010,376.40713107254453
FDJ07,OUT013,1626.9584948171719
FDQ45,OUT018,2373.822174024761
FDM33,OUT027,5023.2981411399915
FDO15,OUT010,180.3691341666801
FDM46,OUT013,1274.2785853230903
FDR03,OUT045,2940.615021260569
FDY49,OUT018,2107.953709217688
FDQ60,OUT045,1728.2603038086074
FDW10,OUT049,2117.584292568915
FDO51,OUT049,621.839598890956
FDJ40,OUT018,1246.3976703386907
FDS20,OUT018,2484.6132006342636
FDU45,OUT013,1564.853020170502
FDV02,OUT035,2507.796852414242
FDN09,OUT046,3354.1228302618642
NCM55,OUT027,4574.855874538848
FDN23,OUT018,1981.0968902281231
FDY31,OUT010,287.67668068085436
FDW03,OUT010,230.13226773894698
FDD14,OUT046,2723.45675947008
FDV23,OUT017,1845.207483748468
DRI03,OUT045,2557.5045946408272
FDN13,OUT035,1305.3018345770429
FDF45,OUT027,1639.3032896953428
FDU46,OUT035,1272.48655994436
FDB57,OUT049,3465.9400255260316
FDV12,OUT049,1480.953904218315
FDQ58,OUT013,2166.8089764546103
NCA18,OUT017,1667.7852774654607
FDH52,OUT049,922.2628966881749
FDM24,OUT018,1919.8632516903833
NCP43,OUT027,4412.87274038506
NCO18,OUT019,372.141531130169
FDM32,OUT017,1251.416018065998
NCL07,OUT017,583.490352282481
FDK03,OUT013,3802.2756529760545
FDP59,OUT017,1365.9956630170998
FDQ24,OUT049,4062.054082709481
FDQ16,OUT018,1272.1991169503683
FDU44,OUT013,2318.9495276174202
FDH28,OUT010,68.01514084678126
FDV28,OUT019,64.41373472754753
FDM22,OUT045,794.1567379718342
FDR56,OUT046,2721.6312142833494
FDV39,OUT049,2792.215260807622
FDU37,OUT019,209.6374317881398
FDQ11,OUT010,537.751747094105
FDX02,OUT045,3221.5581824826695
NCS42,OUT018,1066.6779147185769
FDY57,OUT027,2422.5924415934887
FDB21,OUT049,3713.541975333125
FDE28,OUT017,3542.4502715201957
FDQ55,OUT017,1786.8469562310952
FDA48,OUT049,3550.355746007374
FDZ19,OUT045,2446.4958500319876
NCC43,OUT045,3278.310086235779
NCV18,OUT046,1195.1876778344324
NCA42,OUT018,2092.358417966516
FDY45,OUT046,3468.4954186704454
NCC30,OUT045,2551.928031069446
FDM57,OUT013,1144.8082503200262
FDL09,OUT010,300.86952865697816
FDB09,OUT027,3211.473635223442
FDT44,OUT035,1740.7532514612958
NCT06,OUT027,3913.3571904607134
FDX26,OUT049,2958.4478088922715
FDK32,OUT013,2199.6154511515524
DRA12,OUT046,1951.6897040560539
FDO46,OUT010,434.9493425601264
FDE52,OUT013,1118.038049795291
NCH42,OUT045,3328.8328786925736
FDV08,OUT035,638.3362319628393
FDB47,OUT018,2597.6100295877204
FDC28,OUT010,211.18281386860787
FDD22,OUT046,1645.195316190591
FDS07,OUT027,3008.499898369484
DRI13,OUT045,3029.4952302937522
FDG32,OUT018,2605.7583200487747
FDU14,OUT017,3838.507006840893
FDD28,OUT019,137.39408560616837
NCP41,OUT017,1612.678585492903
FDS08,OUT049,2427.9012594134956
FDX47,OUT045,2320.8998639205847
FDC53,OUT019,212.85005752949166
FDQ19,OUT035,3580.8110415643205
FDL14,OUT045,2206.318145236801
FDM33,OUT019,489.5567123953441
FDA51,OUT045,1656.706283151549
FDZ27,OUT018,575.6937068991372
FDT04,OUT046,591.2062502055926
DRC13,OUT049,1850.1959708432978
FDR16,OUT027,4988.949492702035
FDQ03,OUT027,5498.136555044617
FDE38,OUT035,2556.11925026083
DRH23,OUT027,1687.5152160428963
FDT11,OUT019,435.7459539241118
FDD09,OUT035,2795.504873265182
FDR40,OUT045,1191.788721047922
FDX07,OUT017,2989.0185008938115
FDR07,OUT035,1272.2581801043043
FDA51,OUT017,1716.1902722526931
FDT59,OUT019,536.8277380828688
FDF20,OUT017,2959.8490949400875
FDR13,OUT045,1671.886406740574
FDY26,OUT049,3164.5363454858702
FDW04,OUT017,1837.2310383084032
FDK52,OUT017,3500.2093209048708
FDN60,OUT049,2382.062716393888
FDM09,OUT019,373.1097782937419
FDP46,OUT049,1271.5438781227629
FDB50,OUT019,228.35685838778008
NCQ29,OUT049,3752.3504929139904
FDP16,OUT027,5588.868886240721
FDX33,OUT018,2109.07839351854
FDP07,OUT010,430.44743717658923
FDN22,OUT046,3330.987102257979
FDF39,OUT049,4066.82662005992
FDS21,OUT017,910.8855761312268
NCM42,OUT013,1482.9265705339863
FDK50,OUT019,352.9080304773378
DRF13,OUT027,3572.4122558044173
FDH35,OUT018,2058.5003614594298
FDP60,OUT018,1257.3458152167918
DRJ49,OUT027,3059.2876133404325
NCT42,OUT019,309.7298256293318
FDE38,OUT049,2475.430985633405
FDI04,OUT049,2916.293170354739
NCH54,OUT045,2276.8337038422496
FDT56,OUT049,906.8407061601542
DRD15,OUT018,2791.2524980660205
FDV58,OUT013,2317.159877112181
FDP21,OUT049,2961.8538952817485
FDH05,OUT013,3440.2232135508184
FDR10,OUT027,3792.1435757322242
NCP06,OUT045,2026.1154989579181
FDF33,OUT049,1546.0415884386996
DRK37,OUT013,2784.2116308356644
DRH49,OUT045,1180.7293936025544
FDT58,OUT013,2399.6778233001087
FDD41,OUT018,1243.3204437638312
FDP40,OUT018,1325.4405081875755
FDM51,OUT027,2495.7604197133182
FDO45,OUT010,180.51610683600893
FDW33,OUT010,224.13468962410812
FDY24,OUT045,879.6254833530795
FDB10,OUT010,518.5223075126625
FDM40,OUT035,1988.2277336169448
NCI06,OUT017,2799.1395734046264
FDW12,OUT019,280.3956924109084
FDX48,OUT027,3653.3805687372674
NCW05,OUT027,2372.6113744842078
FDX27,OUT017,1286.2728881748044
DRM37,OUT045,2725.0124873504783
FDA38,OUT045,3471.153800386057
FDR36,OUT046,634.1569106736105
FDZ45,OUT046,2701.250403700684
FDG05,OUT017,2398.010910465044
FDK28,OUT013,3980.8061026517967
FDV47,OUT045,1209.5596433372566
FDN21,OUT045,2228.6621031924333
FDP20,OUT027,3335.326625824971
FDI35,OUT045,2694.978903988992
DRY23,OUT013,588.1422332763208
FDA56,OUT017,1842.7377923529993
FDB09,OUT013,1703.407382503244
NCO26,OUT027,2803.1402396245467
FDQ49,OUT018,1993.058012822679
FDI52,OUT027,2923.79740498692
FDZ44,OUT027,3079.44116242492
FDZ09,OUT018,2120.2383886615517
FDY03,OUT049,1740.5751071551954
NCG42,OUT017,1897.7395726307525
DRI13,OUT027,4881.559531939161
FDQ32,OUT013,1805.3565335530895
FDW16,OUT035,1305.5976603939253
FDU27,OUT046,697.4489011800666
FDR28,OUT010,334.88514941657456
FDQ49,OUT010,330.3157471219755
FDS37,OUT046,1667.2125476917504
FDW26,OUT018,2549.872295819974
FDX12,OUT018,2935.2116614286397
NCP06,OUT013,2087.7389785138143
FDW45,OUT010,298.0035740481594
NCN30,OUT049,1498.4896510733763
FDN24,OUT049,814.4397018861074
NCL41,OUT027,799.366222103912
FDR02,OUT019,226.1583988800527
FDD09,OUT010,415.98582213037764
FDS33,OUT010,175.4496608725673
FDU22,OUT045,1754.8024546999227
FDI53,OUT013,2335.5061923548255
DRH01,OUT049,2619.216779674303
FDX32,OUT013,1959.3077869646124
NCP30,OUT018,374.6740175849606
FDB60,OUT045,2820.7355110020117
FDB14,OUT049,1367.2420673622428
NCP02,OUT035,825.3259791916389
FDJ10,OUT017,1855.7396657749669
FDG34,OUT046,1492.7083457795588
NCB18,OUT017,1265.6492327498636
FDM16,OUT049,1091.2246769754208
FDW25,OUT018,984.8514881977453
FDB35,OUT010,219.97142763769395
DRN11,OUT013,2015.4212961156122
FDF41,OUT019,491.77653888333947
FDH16,OUT045,1194.0891002572134
NCQ50,OUT018,2543.805619999866
DRH23,OUT018,613.6824443570027
DRJ37,OUT013,2143.3204688297333
DRJ24,OUT027,4361.688255863498
FDY16,OUT035,2925.4405320278984
FDQ27,OUT045,1559.2427863391365
FDZ33,OUT045,2147.2426698387785
FDF29,OUT045,1850.3938043327453
FDA08,OUT049,2410.0677722619102
FDG31,OUT046,992.7992750576575
FDE34,OUT019,433.09411087225214
NCR30,OUT027,1827.0264130029568
FDV33,OUT035,3860.6823904044436
DRZ24,OUT018,1616.5421304069268
NCL54,OUT035,2591.3609294154767
FDR12,OUT049,2678.908715755242
NCC54,OUT046,3291.6468725254817
DRN59,OUT013,657.8908976572468
FDX50,OUT019,220.4682402443678
FDV31,OUT027,4478.923378986254
NCA29,OUT027,4387.269639966626
FDW60,OUT049,2580.322383673476
FDX08,OUT017,2944.9270244183126
DRD49,OUT013,3456.4768814941335
FDD33,OUT046,3329.090435746386
FDW35,OUT013,546.4400827099199
FDJ36,OUT017,1413.8027915867656
FDV51,OUT035,2598.6798904483085
FDW36,OUT046,1474.9335208022062
FDH35,OUT046,2286.331109135008
NCS30,OUT027,3076.667043861944
FDN49,OUT017,536.543959957643
FDL08,OUT018,2852.986035176328
FDI09,OUT013,3579.3930224973974
FDP19,OUT018,1717.0612820614735
FDU21,OUT010,60.37970660927746
NCP41,OUT045,1503.6867604731128
FDY10,OUT013,1574.7841707931166
FDP12,OUT018,377.99869651585186
NCN26,OUT049,1816.8648975649917
FDK44,OUT013,2476.797102114468
FDC28,OUT049,1532.4482998529786
FDJ41,OUT027,5412.796183835225
NCT29,OUT035,1771.333605288508
NCH42,OUT019,489.9004590261628
FDU60,OUT018,2080.505450838399
FDS02,OUT045,2711.8939508802578
FDC51,OUT046,1785.6561357220794
FDU03,OUT013,2785.1511525271117
FDX39,OUT045,3137.0545312150743
NCY05,OUT010,89.47611941206387
NCL06,OUT027,5326.356408465154
FDD32,OUT035,1147.5225660067154
NCN41,OUT045,1720.2419697961568
NCX53,OUT049,2075.666003394765
FDU57,OUT019,307.576397186402
FDQ23,OUT046,1517.2956004036023
FDQ52,OUT045,3521.943432305413
FDC14,OUT045,573.358592690369
FDY09,OUT035,2725.8385008534174
FDQ28,OUT045,2196.0024256392526
FDV25,OUT046,3292.0273020993486
FDJ07,OUT035,1762.8199916952738
DRB25,OUT049,1554.772800524981
FDK52,OUT019,498.9114135957683
FDY52,OUT027,1513.599597594216
FDB28,OUT046,2633.076090623032
FDT36,OUT035,541.6703470583948
FDV25,OUT017,3577.9623469122917
NCN07,OUT027,3109.556300001462
FDC57,OUT017,2909.672995044486
FDQ03,OUT018,2880.5613393780286
FDU23,OUT017,2680.1953289735425
NCX41,OUT035,3280.9167027143003
NCD06,OUT035,715.0455965634964
FDW08,OUT045,1484.826872756486
NCU29,OUT017,2292.9060676742893
NCE06,OUT013,2276.756796918378
FDV52,OUT010,219.8704136380314
FDB02,OUT017,2707.900450090412
NCR18,OUT045,583.2084282240381
FDK16,OUT049,1409.5796811407045
NCQ29,OUT010,543.3243630481286
FDZ01,OUT019,229.444571976799
FDW27,OUT035,2374.0887790366687
FDD17,OUT018,2886.5215025325574
FDW39,OUT013,2478.7735607115533
DRH59,OUT045,1007.3701660848299
FDS52,OUT013,1444.3336430728098
FDU40,OUT027,5087.0282128244635
NCF54,OUT013,2492.8608105101807
FDH46,OUT045,1472.9453812527945
NCP14,OUT049,1547.712327615695
FDH50,OUT049,2932.7374073763417
DRF15,OUT010,297.8460265928367
FDV27,OUT027,2218.815549696285
NCJ06,OUT049,1897.5821652260272
FDN02,OUT018,2629.720703111493
FDQ51,OUT049,725.5250426713267
FDQ07,OUT017,3482.1582676164053
FDS45,OUT049,1643.1972289428788
NCJ06,OUT045,1740.3596381640436
FDD36,OUT035,1665.802500255982
FDY25,OUT045,2818.2607017418804
FDU52,OUT046,2155.0728699588312
DRK47,OUT017,3577.842423500374
NCL30,OUT017,1875.8318179134378
FDN22,OUT035,3688.578210941353
NCF30,OUT027,3142.677062587951
FDK03,OUT035,3913.4335623254706
FDT45,OUT017,799.1745779317088
NCC54,OUT027,5314.335736475223
FDP08,OUT018,2429.62504970323
FDU44,OUT046,2363.291630118847
DRG39,OUT035,777.2715901590167
FDU32,OUT049,1835.2534955991475
FDY27,OUT049,2542.0261313134756
NCP54,OUT013,1766.3728183745752
NCZ41,OUT049,1840.9778250362806
DRL49,OUT013,1992.8023780118212
FDI05,OUT018,833.5971654480167
FDY56,OUT045,3341.179839506141
DRC13,OUT013,1771.6571986864192
NCV29,OUT017,2793.8778048502872
FDR24,OUT049,1300.2133464963028
FDZ34,OUT018,2477.373902692879
FDP37,OUT035,1820.7476627168614
FDX08,OUT027,4738.217195381484
FDS57,OUT045,1950.64453684438
NCG18,OUT049,1629.0045966326143
FDK25,OUT018,2056.443081846432
FDH53,OUT049,1135.3765538464716
DRI59,OUT018,2716.145440992491
FDA52,OUT046,2413.4479360629557
FDT20,OUT010,86.60154244208843
FDE36,OUT019,343.30603616510916
FDI24,OUT017,2679.4541835671753
FDB28,OUT018,2530.8685793977884
FDV11,OUT017,2670.884752998699
FDP01,OUT046,2064.9296342619746
FDD34,OUT027,3856.7133301322956
FDJ50,OUT027,1325.2010674082887
FDZ44,OUT013,1650.2246586204228
DRO59,OUT035,1081.6633412211552
DRB48,OUT045,610.4256939694883
FDR21,OUT018,2249.6308726321495
NCE42,OUT010,480.647499120886
FDO23,OUT046,1338.3991531519061
NCE30,OUT018,2492.211910119245
FDQ22,OUT035,537.5972128546113
FDY01,OUT045,1688.537527627561
FDS08,OUT017,2558.460500077971
FDG28,OUT018,2809.9379529720172
FDQ51,OUT018,578.2921943324302
FDB05,OUT017,3960.66358285903
FDO56,OUT049,1725.8494392354507
FDE02,OUT018,1023.1450767473024
FDN45,OUT017,3371.533073563767
FDS09,OUT013,652.6240958537355
NCA54,OUT018,2423.420162130496
FDP09,OUT010,481.65719962400294
FDC53,OUT045,1365.5652244635467
NCM55,OUT017,2922.224752978377
FDL09,OUT018,2057.8180526074816
FDA11,OUT019,224.19935181681643
FDA50,OUT045,1344.6522053409562
FDC23,OUT017,2763.217894531468
FDE22,OUT049,2327.6213680311234
FDD23,OUT046,2705.3570486005024
NCA29,OUT049,2813.9654487418006
FDK38,OUT046,2160.724837266272
DRC13,OUT046,1757.356313673179
NCP43,OUT049,2718.3988760564976
FDX28,OUT049,1387.0844041023745
FDF08,OUT049,1302.5894772968818
FDZ33,OUT046,2142.968816804992
FDD10,OUT049,2548.0553300236975
FDO58,OUT017,2469.418735777893
FDI50,OUT017,3788.5162594147373
FDO58,OUT045,2341.0033280719026
FDX08,OUT013,2764.2827135015405
NCK17,OUT010,87.11187620779936
FDF39,OUT035,4126.42562233156
FDU45,OUT010,252.27700388584648
NCJ18,OUT018,1571.8117037770928
DRC27,OUT019,505.68499519221746
DRC25,OUT035,1296.9432630549436
FDU59,OUT035,2358.8685835102324
FDU28,OUT035,2884.3033530305447
NCP30,OUT046,555.5423281573263
FDB39,OUT018,596.3730888320484
FDE41,OUT013,1140.585668209712
DRH11,OUT010,130.7571024617593
FDA58,OUT045,3241.750300555421
FDU50,OUT046,1648.0425967617257
FDM34,OUT013,1792.8776337756449
FDM44,OUT027,2667.3074458137826
FDR39,OUT045,2573.941620940788
FDM25,OUT045,2379.070768534776
FDQ49,OUT049,2201.0553261451632
DRH25,OUT018,542.6255454663146
FDM09,OUT027,4199.182501327585
FDL44,OUT019,339.358133996845
NCR42,OUT018,308.64224298736735
DRL59,OUT046,758.4424889221873
FDX43,OUT013,2406.4038378789487
DRK47,OUT010,455.44188242033306
FDU48,OUT018,1689.1675945884424
FDY12,OUT045,717.1188571740543
NCN43,OUT018,1740.9895877202287
NCM55,OUT018,2511.571676431105
FDQ21,OUT027,2895.500225829869
FDX13,OUT035,3856.491666103502
NCK30,OUT027,5555.392822254128
FDG20,OUT049,2584.531163965955
DRG27,OUT017,625.5456257959241
FDY14,OUT018,3350.7930558058506
FDP59,OUT035,1365.9956630170998
FDU60,OUT017,2465.7655055287914
NCC18,OUT019,477.8882501011388
DRJ39,OUT017,3307.6735056469174
FDS07,OUT049,1763.392957206367
FDM08,OUT027,5444.418945869802
FDP51,OUT045,1753.513486366978
FDU16,OUT035,1231.6039442250117
FDH12,OUT013,1501.0546381234929
DRE48,OUT010,442.5091170202156
NCL42,OUT027,5528.416028126357
FDR21,OUT045,2449.01575017839
NCW29,OUT035,1902.497385024145
FDO11,OUT013,3832.9074076486927
NCM31,OUT049,1900.4434282070033
FDV35,OUT019,307.41589263332355
FDF58,OUT017,934.9912480330042
NCE43,OUT049,2592.7486275093247
FDA02,OUT035,2186.441770298032
DRL37,OUT010,85.84667665963835
FDR24,OUT018,1024.9667939996912
FDW59,OUT049,1291.487329223949
FDS22,OUT049,669.1997332938514
FDW24,OUT017,708.8585817406367
FDU24,OUT035,1432.01150041178
FDA21,OUT027,4683.03546653031
FDH58,OUT027,2831.908148695109
FDW36,OUT018,1269.3921307586315
FDI45,OUT027,4632.033669209364
FDU01,OUT018,2487.980641513199
FDF35,OUT027,2547.1403057799025
FDU43,OUT019,466.0481123190889
FDE24,OUT019,284.77858960941717
FDK50,OUT049,2451.415632593808
FDG31,OUT045,919.5643224254486
FDC60,OUT045,1335.281672655738
FDL36,OUT013,1241.62522945322
FDP21,OUT013,2751.867864823746
FDW16,OUT045,1244.9366735454926
FDX02,OUT017,3535.843999778692
FDQ58,OUT027,3651.309749713913
FDT51,OUT046,1482.182343086074
FDD59,OUT049,1189.8315353913526
NCM42,OUT018,1320.1107130035539
FDA57,OUT018,419.173181035108
FDZ48,OUT035,1497.2783851123863
FDE46,OUT045,2185.453700035279
NCZ30,OUT019,245.67825636595074
FDB56,OUT017,2865.245989794416
FDA25,OUT027,2524.845966346259
FDD20,OUT013,1789.5970975747866
FDL25,OUT013,1075.5478410192193
NCO18,OUT049,2878.6595699787217
FDJ45,OUT017,522.9084177527117
FDR12,OUT035,2458.189810575989
NCF19,OUT010,106.4556235891082
FDK25,OUT046,2355.7295490938022
NCR17,OUT046,1678.8719393207864
FDC52,OUT046,2229.4539757178372
NCA54,OUT017,2821.6758198320363
FDR45,OUT010,498.55300670624473
NCM19,OUT049,1738.0673771346862
FDF39,OUT027,5253.734711337308
FDX23,OUT049,1426.1905733997928
FDD58,OUT027,2409.0100640280803
FDX28,OUT013,1458.9984933192868
NCD31,OUT013,2385.7223803499355
FDU57,OUT018,1952.855747390557
FDI27,OUT046,669.2284544275678
NCM42,OUT046,1504.4102553052035
FDD32,OUT027,2083.5733365978044
FDI34,OUT013,3448.499205716931
NCM29,OUT049,1868.1089018495259
FDG46,OUT018,1475.1925305328746
DRC01,OUT010,101.71852869567839
FDB15,OUT027,5291.532799242626
NCA17,OUT027,3600.9803678891135
FDF10,OUT046,2203.2964942045774
FDR26,OUT027,4273.399164054868
FDI02,OUT049,1591.126036526761
NCM54,OUT010,243.05443208215436
FDF14,OUT013,2186.6330272606406
FDJ33,OUT010,240.36365406639555
FDM20,OUT035,3717.497124063755
FDC03,OUT027,4987.253789722588
NCX05,OUT046,1660.8994707751774
NCM41,OUT027,2308.526676063542
NCU29,OUT010,332.21155151695996
FDQ59,OUT017,1242.6645695979946
FDH46,OUT010,219.38771081707145
FDH09,OUT013,701.3860115551396
NCD06,OUT045,693.6187028659419
FDC15,OUT035,2245.9159533190164
DRD37,OUT027,1028.8065636699528
FDT28,OUT027,3527.955690122614
FDR28,OUT027,3889.6502535087297
FDT38,OUT017,1230.8451136604806
FDV34,OUT027,1671.8814799358756
FDY52,OUT035,905.3018897979987
FDB34,OUT013,1164.3788658112833
DRL23,OUT018,1279.3850482251662
DRB24,OUT046,2182.968254783328
FDJ50,OUT046,814.3764850918151
FDQ49,OUT035,2240.1843961502855
FDP20,OUT035,1872.1248980415294
FDV19,OUT027,3994.3855912064
NCR54,OUT045,2709.57413473379
FDO09,OUT010,475.1930759533894
FDS57,OUT018,1906.0697182320337
FDN10,OUT049,1730.351960370384
FDV23,OUT049,1865.2449964007994
FDY28,OUT049,3263.31007846132
DRG51,OUT013,2410.9187535884134
FDD45,OUT019,184.1453727054403
NCL18,OUT027,5025.590534594193
NCM29,OUT013,1810.6058973998036
FDF17,OUT027,5087.0282128244635
FDE22,OUT017,2467.1444108571045
FDQ22,OUT017,547.5729739011502
FDS01,OUT013,2596.4588003131666
FDW35,OUT027,838.5830470871854
FDJ33,OUT046,1785.7838284851687
NCF54,OUT035,2674.9064574478944
FDE09,OUT013,1511.7259579389188
NCE06,OUT045,2316.3455576004308
DRH49,OUT049,1169.834886280706
FDY43,OUT045,2380.448734275426
NCT05,OUT017,4004.5546688129275
FDZ34,OUT045,2686.5680861780556
FDL38,OUT017,1288.1496560531082
FDZ31,OUT017,2881.0248579093977
FDR14,OUT035,756.2838454724642
NCN54,OUT049,1167.2375263385088
NCC42,OUT027,3223.948963505969
FDK08,OUT017,1338.1510802183352
FDP59,OUT013,1340.8683983696608
FDV22,OUT035,2478.319227602854
FDD33,OUT035,3511.471795600747
DRE60,OUT027,5407.473884344724
FDK52,OUT046,3200.569878076604
FDA02,OUT017,2224.6798981978723
FDM56,OUT049,1544.6086257056836
FDE57,OUT035,2032.8024374200106
FDM32,OUT045,1152.9543918228144
NCQ30,OUT027,3009.35957482543
FDQ27,OUT027,2505.157248792755
FDT60,OUT027,2993.4969742467274
FDU43,OUT049,3762.7698103748507
NCO55,OUT035,1536.118732138568
FDG02,OUT045,2619.8855187253307
FDJ28,OUT013,2803.6499618639946
FDP40,OUT045,1574.3473012406241
FDJ38,OUT045,2743.726174438757
NCC54,OUT017,3652.109861811479
NCZ41,OUT046,1775.6544073258121
FDK38,OUT019,315.2721665025776
FDU52,OUT013,2157.957434129635
FDC40,OUT046,1088.9583723305054
NCR30,OUT017,983.1166801880787
NCN18,OUT017,1564.0998279099936
FDB50,OUT035,1198.6076730621448
FDG04,OUT013,2748.2455226923457
FDR26,OUT035,2409.542083508807
NCT17,OUT018,2519.915025200142
FDX35,OUT027,5136.509325478401
FDS12,OUT046,1841.46539978152
NCZ29,OUT027,3060.2354770389984
FDB38,OUT010,333.96061692831404
FDP12,OUT013,534.7114668671696
FDP22,OUT046,739.9508412338996
FDS26,OUT018,2993.766365766216
FDR52,OUT046,2721.6312142833494
DRJ13,OUT046,2322.7695729131037
FDU48,OUT027,3042.0159818040056
FDE29,OUT035,902.5299848828058
NCT29,OUT049,1811.9267989701318
DRK37,OUT018,2583.156074693153
FDK55,OUT046,1196.3145386124133
FDR07,OUT046,1217.9682817175944
FDO21,OUT027,4740.613707104414
FDK46,OUT049,4077.540825017728
FDB12,OUT045,1500.877579546407
FDT31,OUT027,4554.024773287981
FDJ33,OUT045,1785.7838284851687
FDC26,OUT027,2599.1736512330745
NCQ02,OUT045,2719.2832155686956
FDP08,OUT010,404.3155315690134
FDB11,OUT027,5375.009945041214
FDV55,OUT013,2240.735682306681
FDW20,OUT049,1648.0669607598888
NCJ18,OUT019,261.4782594275299
FDC41,OUT018,807.5100626053312
FDE14,OUT027,2528.107973130326
FDG35,OUT013,2404.9019432284426
FDF45,OUT035,849.611116399053
FDS19,OUT027,2087.705641673461
FDS58,OUT019,314.0795808327805
FDA26,OUT017,3544.4607284008066
FDM32,OUT049,1186.484798015158
FDL45,OUT046,1809.569869992782
FDZ55,OUT049,2283.341445221745
FDY37,OUT049,1988.8286138445885
FDO46,OUT046,2629.389186626324
FDQ60,OUT046,1771.0428858408031
FDA19,OUT018,1704.2308076024951
FDL15,OUT046,2198.85169665552
FDM10,OUT018,2441.163110897669
NCL05,OUT017,598.7610649271596
DRK49,OUT010,82.94205027840316
NCE18,OUT027,5511.591605479811
FDG40,OUT049,490.83419610097405
DRI59,OUT045,3230.059930413928
FDK28,OUT035,3978.0336601141107
NCD06,OUT019,105.76293267497599
FDO11,OUT019,540.2349719940789
FDK27,OUT046,1683.587488747689
FDT43,OUT027,1247.1607873258379
FDD38,OUT018,1304.5581152219315
FDA16,OUT049,3449.2160631098527
FDL14,OUT027,3775.1042097394375
NCM17,OUT049,638.1300193325591
FDD20,OUT045,1790.9759569880766
FDA40,OUT045,1186.355254077916
FDL43,OUT045,1135.249694614691
FDV15,OUT045,1479.6334011572778
FDE52,OUT046,1202.0357634396394
NCL17,OUT010,284.54718866906813
NCJ31,OUT045,3176.9448510019565
FDR60,OUT045,1149.611971848406
NCA18,OUT035,1667.7852774654607
FDS21,OUT027,1630.7454200090147
FDW09,OUT035,1194.0153015731848
FDL26,OUT035,2343.7075826302394
FDS47,OUT018,1025.7501560172416
FDC39,OUT046,2969.0250993510435
FDT51,OUT035,1584.784437341179
FDK40,OUT035,3975.582823508363
NCG19,OUT045,3222.9183003416156
FDZ07,OUT046,890.9208900945357
FDF08,OUT027,2355.6042209697825
FDO04,OUT013,748.5059303336195
FDK41,OUT018,894.9718146610805
FDP15,OUT049,3942.3645445545862
NCD43,OUT018,1300.1028939740154
NCP18,OUT013,2245.500657815983
FDZ51,OUT046,1304.9021655124016
DRH13,OUT035,1569.1418683396794
FDF38,OUT045,566.0595901003869
NCI43,OUT045,676.6824717733426
FDM38,OUT027,1645.5805239487458
FDS03,OUT013,920.2717147913852
DRJ47,OUT017,2662.916686475811
FDT50,OUT010,200.0117994596505
FDV02,OUT046,2458.979600726244
NCG18,OUT017,1561.6162618499945
FDW52,OUT046,2352.4779478351315
FDS40,OUT035,533.4762390528326
FDN31,OUT017,2885.3506466623503
FDA37,OUT045,1700.2253655492414
FDA15,OUT046,3545.2757797414197
FDL39,OUT046,2523.202457104882
FDJ53,OUT045,1734.4044457936045
FDX22,OUT013,3223.18463212037
NCZ42,OUT045,3260.1482486807818
FDD56,OUT027,4394.984385446629
FDD40,OUT017,2967.008580043277
FDS50,OUT013,3251.84585514816
NCN14,OUT013,2779.810117239532
FDT15,OUT013,2821.743309591328
NCS18,OUT027,2463.7782346451922
NCO26,OUT010,229.53337223680774
FDF58,OUT018,669.752668922762
NCB19,OUT013,1139.2054895457509
FDH26,OUT017,2119.961659344951
DRB24,OUT027,3629.127374192908
FDA49,OUT018,907.3420340203576
FDB32,OUT045,1273.7709133200296
FDI36,OUT017,2833.076855687008
NCA17,OUT010,317.76121457137737
FDH22,OUT013,1773.2538446405777
NCM26,OUT018,1994.6832320658864
FDT15,OUT027,4829.996983569367
FDB16,OUT018,953.362629926492
NCP54,OUT027,3011.272020694439
FDJ36,OUT013,1476.151906928654
FDO28,OUT045,1710.2361323187697
FDU09,OUT013,759.1828328161722
FDF29,OUT017,1926.4306112085305
FDY08,OUT013,1928.1775372127959
DRJ59,OUT018,361.92165337439127
FDT23,OUT027,1962.7701978389405
FDU15,OUT018,375.1905793984469
FDT47,OUT013,1448.1869859365022
FDI53,OUT019,315.6008849753643
FDR59,OUT018,3239.2363923378034
FDD53,OUT035,606.2763946544715
FDY51,OUT017,3352.434187712569
FDT04,OUT049,596.2269679832714
FDU51,OUT049,2610.3210893850382
FDG14,OUT035,2323.162611924983
NCU06,OUT045,3279.6479458058475
DRG25,OUT046,2674.4114760016746
DRH49,OUT035,1263.9576326662236
FDN15,OUT035,1978.9201974071173
FDL43,OUT018,890.1659773274293
NCT18,OUT049,3034.3767646953984
NCB31,OUT013,3399.7964604891895
FDK57,OUT035,1731.7578742496885
FDY04,OUT019,313.22153268051085
NCP54,OUT046,1767.192347153607
FDF41,OUT013,3412.0419753580345
FDM01,OUT045,1383.2216131720675
FDW03,OUT045,1575.4971652094712
FDF28,OUT045,1772.9799368305225
FDY37,OUT017,2146.336492756056
FDQ03,OUT017,3627.1324531592923
FDP51,OUT027,2955.355864848326
FDJ40,OUT017,1579.936691776384
FDC32,OUT049,1330.0296313850372
DRI49,OUT027,2107.4105631056827
NCW54,OUT017,813.4594418456852
FDF09,OUT017,506.5613844583207
FDP45,OUT018,2991.0927140748167
DRJ23,OUT018,2521.338992951899
FDS59,OUT017,1597.0789830367416
FDY08,OUT046,1821.1311857565802
FDX16,OUT049,2227.191974941194
FDY16,OUT018,2432.746313787162
FDK32,OUT035,2274.576243458876
FDQ22,OUT013,565.0559867446927
NCC31,OUT018,2030.5615642315004
FDG58,OUT049,2212.1545185306322
DRF48,OUT013,2752.6847441349073
DRH36,OUT049,1086.0461910889865
NCR30,OUT035,996.6121638948094
FDB03,OUT019,580.7526373644893
FDZ28,OUT027,3124.331853848391
FDR35,OUT017,2964.0707856077215
DRD15,OUT027,5323.731788689749
FDJ33,OUT019,239.39191300509026
FDA56,OUT010,229.28649554796488
FDP56,OUT046,686.430857026579
NCT30,OUT046,684.9017578669506
FDK15,OUT017,1542.235343171631
FDH44,OUT018,1919.0079290965552
FDV01,OUT013,2218.6798584425987
DRG03,OUT017,2262.9905190000677
FDG50,OUT027,2273.9913918380416
FDR16,OUT010,488.7820684522862
FDZ60,OUT046,1418.822489740048
DRG03,OUT045,2162.618620885425
FDS56,OUT018,2977.9141802927124
FDU33,OUT045,701.9482540040499
DRD27,OUT035,1453.3776884508934
FDW22,OUT046,3171.931423477822
DRA24,OUT045,2347.1773278757446
FDF38,OUT049,560.7528894380317
FDX48,OUT013,2201.404564271501
FDS58,OUT018,2152.6989062621974
FDC32,OUT046,1266.4409466973723
NCQ29,OUT045,3360.6982785278465
DRK39,OUT018,944.0844426940575
NCS38,OUT017,1712.299294889268
DRO47,OUT013,1515.5031715128691
DRG27,OUT027,890.196474255368
FDC57,OUT027,5195.6733280355975
FDS55,OUT046,2168.394659939773
NCJ06,OUT018,1638.2991592798248
FDO01,OUT019,250.87432117312244
NCM55,OUT045,2705.723592993941
FDC52,OUT049,2293.1298354441333
FDQ15,OUT045,1053.3653891759307
NCT30,OUT027,1182.1914537031366
NCR42,OUT027,672.9543158378634
FDD28,OUT035,804.6435961565794
FDQ34,OUT049,1535.6211871037203
FDZ12,OUT027,3204.386672950159
DRE13,OUT019,203.42230152059776
NCN07,OUT019,247.51259893172156
FDM28,OUT035,2848.283446532114
FDI10,OUT017,2674.0840284327423
FDQ25,OUT013,2429.7488198936753
FDA38,OUT010,515.7996638990082
DRI13,OUT049,3227.7223443663847
FDY20,OUT027,2358.043128413315
NCZ53,OUT035,2945.4993880555553
NCM31,OUT013,2114.7834876615034
DRB01,OUT017,2864.4380437323666
DRF37,OUT046,3484.5240512878363
NCF42,OUT049,2690.8676810470097
FDF16,OUT018,1877.2583152443606
FDB41,OUT013,649.4948856271019
FDR34,OUT013,3486.8616507660367
FDR15,OUT018,2059.0044068720963
NCV42,OUT019,243.72598011021296
FDW51,OUT035,3260.1213742598784
FDU36,OUT017,1464.2028221388214
FDX60,OUT049,1231.8706825614292
FDY03,OUT035,1739.5202917251136
FDW55,OUT045,3407.908099144763
FDT01,OUT010,569.6231766189153
FDG58,OUT013,2167.4123160955673
FDK21,OUT017,3977.5021722148585
NCS41,OUT019,426.6782211614897
FDS10,OUT045,2683.5554114693077
NCT53,OUT046,2307.621135942888
FDJ28,OUT018,2464.4509091846885
FDX44,OUT045,1190.8938423837494
FDT20,OUT018,403.33054106087604
FDO44,OUT017,1548.0563973935964
NCX17,OUT049,2993.936250034284
FDY01,OUT017,1753.377446632728
FDJ12,OUT027,5152.365106758545
DRK35,OUT018,399.2892970834313
FDD47,OUT019,315.740127800466
NCM53,OUT035,1518.7485227838263
FDO45,OUT013,1155.858144912512
NCM42,OUT010,226.17741040519297
FDE04,OUT046,2494.2838167106484
NCI30,OUT027,5395.306017227796
FDZ19,OUT013,2481.2776032277698
FDW57,OUT013,2519.0310152504067
FDA25,OUT013,1474.2254442478038
FDT22,OUT046,845.3832765404809
FDP51,OUT013,1685.783037680552
FDD48,OUT027,2768.983090354876
FDY39,OUT035,3050.3758209444936
FDO48,OUT010,515.4229637785115
FDD23,OUT027,4669.684261823181
DRN35,OUT027,910.5938963174227
FDT01,OUT035,3287.155626948315
FDC20,OUT010,147.3740459637615
DRJ35,OUT035,925.7400747850884
FDB32,OUT046,1281.874995092977
FDL24,OUT046,2547.490612793135
NCV42,OUT035,1629.4731126661213
FDZ46,OUT046,1480.026454531798
FDC15,OUT013,2176.7976240514326
FDD08,OUT019,84.98616508358293
FDY50,OUT049,1229.4544338389696
FDD36,OUT013,1724.311073066794
FDG57,OUT027,1238.0550410673668
FDL21,OUT018,365.518656427802
FDN16,OUT027,2432.2841783483327
FDJ09,OUT027,1007.4752721965015
FDS01,OUT010,375.7158294443698
FDV33,OUT017,3994.778882694881
DRE12,OUT017,1710.5788368597805
FDR07,OUT013,1229.8890638414355
FDP48,OUT010,426.31854061835185
NCB55,OUT035,820.4256468241086
FDQ08,OUT013,826.5465150336831
FDR34,OUT035,3801.3855986398594
FDO33,OUT046,1555.8155095778866
FDP13,OUT045,575.3493376753524
FDX12,OUT049,3851.583375618938
NCT06,OUT049,2694.259586509442
FDR16,OUT019,469.6227212037132
FDE36,OUT046,2561.938039257047
FDZ36,OUT049,2832.1459155880616
FDV13,OUT045,1238.026592613941
NCZ17,OUT035,576.6756192217174
FDU56,OUT045,2722.646377781274
FDM09,OUT035,2646.3826779274773
FDV02,OUT017,2644.9273914820565
FDS34,OUT018,1400.178147607057
FDA11,OUT049,1424.2428864650428
FDP09,OUT017,3567.2660185526156
FDB29,OUT027,2817.413990413098
FDT19,OUT017,2633.329509313336
DRH15,OUT017,627.3939735640621
FDY38,OUT046,3208.1549630414547
FDF14,OUT027,3652.845245243613
FDN48,OUT010,226.05749141364313
FDQ12,OUT013,3640.862033975039
NCJ43,OUT045,2503.6250316052715
FDE17,OUT019,273.27839184016614
FDB05,OUT035,3918.827922008819
FDH10,OUT045,1893.1511752662907
NCR06,OUT017,560.106195029008
FDU32,OUT018,1666.0542667936024
FDD56,OUT049,2567.8446142180546
FDO36,OUT018,2391.0908094954075
FDH16,OUT010,202.54397312047476
FDX10,OUT018,325.3706215178556
FDZ37,OUT017,1256.1591862931534
FDU31,OUT010,456.21009725535004
DRC49,OUT049,1992.4924031547853
FDL15,OUT045,2190.856322638732
FDN32,OUT019,428.29894145190787
DRH59,OUT027,1779.7263783438536
NCU29,OUT049,2233.6313436541996
FDR37,OUT019,434.05089746452524
FDS14,OUT018,2070.596341737274
FDU02,OUT027,5380.039298552158
FDJ08,OUT035,2860.231716848032
NCZ06,OUT045,3262.4557243116005
FDO31,OUT049,1223.637973432778
FDH31,OUT018,1320.5313148212108
FDS58,OUT017,2531.019036047285
NCA53,OUT027,1117.1245060461035
FDF50,OUT046,2740.3563882362687
NCW42,OUT049,3434.452882662646
NCQ17,OUT045,2181.8611825336966
FDK51,OUT018,3070.0375041761135
NCW41,OUT010,354.13386038692215
NCR29,OUT017,797.8723300292701
FDB08,OUT019,322.64235604655676
FDA40,OUT027,2264.937372917126
FDL14,OUT018,2097.30521072133
FDB47,OUT046,3052.598360742561
FDO03,OUT035,3683.5062562913668
DRK13,OUT019,407.1889255394795
FDX13,OUT010,519.0000134843832
FDF52,OUT046,2683.188380495304
FDT11,OUT013,2776.1901580860367
FDB08,OUT013,2271.233598873587
FDQ28,OUT018,1945.7407191651805
FDD29,OUT045,3652.45490960162
NCQ29,OUT027,5400.613430746373
NCO02,OUT013,913.7651542439298
FDR56,OUT010,437.8809469422761
NCM54,OUT049,1895.7238566036042
FDP51,OUT035,1739.5202917251136
FDT38,OUT013,1133.471660572189
FDZ20,OUT018,3161.432226542334
FDJ53,OUT013,1719.1987282907503
FDX13,OUT049,4020.3994412692405
FDP58,OUT035,3341.9273388142174
NCK31,OUT019,123.87101312312323
FDA35,OUT018,1609.9079002736753
FDV37,OUT018,2473.0308279851906
NCO07,OUT027,4475.717597105854
FDA20,OUT045,2680.138787886179
FDZ59,OUT035,2612.3034154920724
NCY17,OUT017,691.0798903614059
FDQ28,OUT035,2299.3078946001233
FDV35,OUT017,2246.354739377593
FDQ36,OUT013,515.9851180823733
FDD34,OUT018,2116.1540566585904
FDK51,OUT045,3703.9409578009845
FDV31,OUT035,2537.9377928510767
FDR04,OUT035,1466.5227222952235
FDR14,OUT049,777.6310162873772
DRC36,OUT010,383.9501052516322
FDE39,OUT019,226.75890548377518
FDP57,OUT049,1541.5065237452623
FDE57,OUT046,1943.107030850119
NCN18,OUT046,1511.8358823711924
NCQ05,OUT018,2020.693078177221
FDW47,OUT035,1831.3745885180763
FDV46,OUT035,1936.9100908845282
NCP29,OUT045,900.6627778456946
FDE09,OUT018,1363.2973937953616
NCU06,OUT027,5447.845323846228
FDT19,OUT010,345.90276507098804
DRF15,OUT017,2205.650755000647
DRI51,OUT013,2405.2796667294347
NCX54,OUT013,1457.144266667742
DRE01,OUT013,3516.5644393933435
NCB07,OUT045,2670.713447680259
FDU50,OUT035,1695.8819236290033
FDG40,OUT035,485.66793564440854
FDW10,OUT018,2216.4403354114347
FDX51,OUT013,2756.6384935468395
NCP17,OUT045,900.6857334317357
FDP21,OUT035,2920.869886713558
FDL04,OUT045,1457.4676344444804
FDV23,OUT013,1713.1060378098236
FDF24,OUT046,1165.2859073769228
FDH56,OUT027,2925.567058687395
FDB51,OUT049,918.5584871220616
FDI58,OUT027,2302.8691855000807
FDR20,OUT013,662.6030234010314
FDC51,OUT018,1693.5500441963782
FDB16,OUT027,2137.6436990351986
FDE40,OUT049,924.2400478646465
NCM17,OUT035,640.9504911833689
FDU56,OUT035,2907.130050994358
FDS32,OUT019,264.2041178727082
FDX02,OUT049,3570.3100582001866
FDT39,OUT027,3543.4030892048686
FDE35,OUT017,817.0670838523242
NCI42,OUT019,471.94839917433694
DRL23,OUT046,1485.8945173178572
FDA10,OUT046,1713.022476548541
FDA11,OUT013,1351.593613624526
NCM06,OUT046,2155.0728699588312
NCT05,OUT035,3682.6771266964947
NCQ02,OUT010,429.43064616969997
NCY06,OUT049,1889.4592865818518
FDY56,OUT035,3586.6040620229146
FDL02,OUT035,1615.9309459476576
NCI06,OUT035,2653.6772505340696
FDQ14,OUT045,2122.5688126183627
FDQ12,OUT017,3538.5102578985093
FDP36,OUT046,705.0697626949467
FDK21,OUT027,5230.584806513251
FDO40,OUT045,2185.7454921322633
NCK54,OUT019,231.90365390856905
FDY09,OUT018,2310.7989991677364
NCW30,OUT049,3778.8196420901604
NCC55,OUT027,803.9663529673828
FDE58,OUT018,1583.0570232868868
FDR39,OUT013,2733.4952909305975
FDU28,OUT049,2929.6412141043884
FDH08,OUT017,3477.103928560573
FDG35,OUT045,2222.626299644433
FDG22,OUT049,513.9880547816958
FDC34,OUT035,2383.2627487974287
FDP15,OUT018,3102.5849030311692
FDK34,OUT010,529.1643190311605
FDU45,OUT035,1753.1364138492602
FDQ04,OUT027,849.8861246193842
FDX22,OUT018,2635.723668936072
FDB45,OUT017,1418.7818658512779
NCH43,OUT027,4839.884335244351
DRE60,OUT046,3178.5446932943687
FDD17,OUT027,5494.295216314397
NCM54,OUT017,1879.8360207839364
NCH55,OUT013,1807.5817293085895
NCT06,OUT017,2492.3184762415235
FDA48,OUT027,4947.283745362375
FDY58,OUT027,5520.035686662681
FDO25,OUT045,3134.065095796968
FDN50,OUT045,1389.4940839023582
FDH35,OUT035,2389.149953994725
FDK09,OUT045,3271.2046325832757
FDO16,OUT013,1186.3434453817697
FDW11,OUT045,954.5567584662253
FDU47,OUT027,3212.1274575979223
NCQ42,OUT010,237.20597243126485
FDK55,OUT027,2306.2994352380165
FDN08,OUT049,1720.2971841332042
FDT57,OUT045,3426.5861270032565
FDJ12,OUT018,2677.4560195539784
DRL59,OUT017,768.3484076797986
NCN53,OUT046,532.138264865986
FDO51,OUT010,88.74177517873301
FDK56,OUT017,2817.5454013803583
FDY12,OUT035,737.2819156151929
FDU15,OUT035,552.892203356054
FDQ19,OUT046,3223.2303539985937
DRF15,OUT045,2114.2728401179397
DRE25,OUT019,215.78051373125288
FDK57,OUT018,1606.1916061709721
FDD33,OUT010,471.74129617811093
FDR34,OUT027,5502.8817941914
FDU04,OUT045,1778.5412378236429
FDE35,OUT019,163.71903753663267
NCD31,OUT035,2541.2881187834396
FDJ56,OUT035,1556.7027116268619
NCU53,OUT046,2360.230934674283
FDD39,OUT035,3330.046453577657
NCU17,OUT019,228.58994848391842
FDJ20,OUT046,1615.9879565887961
NCW41,OUT018,2106.8296162177953
FDL52,OUT035,621.8123332201362
FDS39,OUT035,2122.5936278018103
DRJ47,OUT045,2463.7222160963947
FDP13,OUT010,69.9080281695143
DRK39,OUT010,185.36885725158606
FDF28,OUT010,221.47170427666816
FDB09,OUT045,1789.6074421571877
FDM51,OUT046,1296.4798471155696
DRM49,OUT018,513.6948312823637
DRF23,OUT013,2386.9495966626837
DRH01,OUT035,2657.7254191527363
FDH12,OUT027,2430.981420395196
FDA28,OUT019,210.17425873180903
FDW37,OUT018,972.6153257614811
FDF02,OUT046,1500.4968566854668
DRL37,OUT046,618.369426604699
NCF43,OUT046,1937.0870591603061
FDH08,OUT010,441.02770306047114
FDR34,OUT019,532.4411456770122
NCK19,OUT049,2933.0376380567027
NCD55,OUT018,384.8634822523094
FDT27,OUT049,3687.127754787895
FDQ57,OUT045,2181.220722143119
FDA47,OUT035,2440.7774339689377
DRG15,OUT027,1652.2761131452326
FDE05,OUT018,1913.7135803932438
FDN46,OUT046,1521.549947649593
FDX27,OUT027,2292.6796123311055
FDT51,OUT045,1482.182343086074
FDU33,OUT013,599.116433618315
FDJ16,OUT027,1726.0925062804463
FDD20,OUT019,242.55032606064316
FDT36,OUT049,502.34563621766927
DRF15,OUT027,3563.530654827962
FDN52,OUT010,207.8922392002898
FDC22,OUT027,5100.377971121721
FDX15,OUT045,2291.806191407782
FDT13,OUT013,2827.171361490095
FDU04,OUT017,1864.5258862641929
FDU31,OUT019,449.6797703852242
FDW59,OUT027,2170.682430106362
NCO29,OUT046,2328.648778910304
FDL15,OUT035,2298.4580339647023
FDI41,OUT049,2248.590128054984
FDQ48,OUT049,1480.953904218315
DRI39,OUT013,743.2203125387098
FDI08,OUT013,3869.5343298880225
FDC21,OUT049,1562.9673037757216
FDF58,OUT035,934.9912480330042
FDS08,OUT010,355.83434426040475
FDE47,OUT045,1768.3156588596935
NCP18,OUT019,297.58154925708186
NCR41,OUT013,1348.3543731953546
FDA27,OUT013,3575.337536214224
FDA43,OUT035,2894.5850357852178
FDA49,OUT045,1264.107415164506
NCE55,OUT018,2290.655460970027
DRM49,OUT027,1065.8565480521936
FDF22,OUT027,4941.2984464478095
FDQ15,OUT018,831.8023156075429
NCS54,OUT017,2703.8194553315734
NCY05,OUT013,523.7986217842382
FDR45,OUT046,3286.377594082742
FDK57,OUT049,1781.0174287898017
FDF41,OUT010,566.5835496415854
FDV21,OUT046,1770.997471299259
FDD51,OUT046,676.4297613389201
FDF33,OUT046,1598.6607349159794
FDA38,OUT046,3422.890515430061
FDR56,OUT045,2735.7865511938135
NCN41,OUT017,1794.9317610194348
FDC60,OUT027,2199.6212793172513
FDB47,OUT045,3068.4744417037946
DRH01,OUT013,2506.6229879237485
FDW08,OUT046,1484.826872756486
FDF38,OUT027,908.753729944571
FDY32,OUT017,2385.636112319017
FDG34,OUT049,1549.3614948391762
FDG47,OUT019,501.0391639135087
NCF18,OUT035,2800.44133325147
FDL39,OUT019,413.5549998229472
NCH55,OUT035,1883.9500367475607
DRJ35,OUT049,916.0112353958976
FDS44,OUT035,3592.045708571336
DRE01,OUT018,2828.963231177079
FDY39,OUT013,2932.4403947024616
FDY32,OUT018,2091.5595384380986
FDR33,OUT027,2511.4021915088547
NCP50,OUT049,1228.4689629946151
FDZ47,OUT018,1138.1852294539895
FDU57,OUT049,2225.976829287345
FDY44,OUT013,2784.5973027472837
DRH59,OUT018,822.1417582941859
FDB03,OUT027,5512.468512250071
FDY46,OUT045,2688.2673202761985
FDM39,OUT045,2413.225754415359
FDY36,OUT035,1036.762094418395
NCM55,OUT035,2922.224752978377
FDJ50,OUT010,143.93468253676608
DRL60,OUT013,2175.790074789994
NCJ54,OUT049,3572.864285484616
FDX59,OUT017,457.25630295501355
FDI07,OUT013,2803.227819893932
DRF51,OUT010,74.25256075457912
FDM14,OUT017,1634.0193053903004
FDP21,OUT045,2692.24616424301
FDE40,OUT035,940.2588997925121
FDE05,OUT035,2293.255568332203
FDM13,OUT027,3053.89085458141
FDC34,OUT027,3660.1814876738836
NCI55,OUT018,1665.7658028179826
NCE43,OUT018,2100.255397627317
FDW58,OUT018,1253.6676332083282
FDG60,OUT045,3304.917759696581
FDV31,OUT017,2530.2663125113572
FDR47,OUT013,2791.6749620784967
FDM60,OUT019,86.60434713034847
NCF06,OUT018,2651.093200087803
NCN26,OUT027,2821.707556845225
FDQ59,OUT049,1258.6156511904862
FDF09,OUT046,514.5908424745098
NCS06,OUT017,3672.5878504156467
FDT44,OUT046,1660.8994707751774
FDI19,OUT017,3645.0468825893345
FDT22,OUT017,881.6098018061517
NCF54,OUT027,4264.66942415957
DRG25,OUT045,2679.7447230917032
FDB59,OUT017,2908.4686950310825
FDQ37,OUT017,2851.5129272993586
FDP56,OUT035,716.7438823740603
FDW44,OUT035,2678.146117183687
FDJ26,OUT010,466.516647506561
FDU43,OUT018,2842.871217034168
FDW33,OUT045,1465.1480157161518
NCX53,OUT027,3423.209616876533
FDN56,OUT010,308.7834606142337
DRF15,OUT049,2163.828181907303
FDO33,OUT017,1725.2966962124012
FDZ39,OUT010,229.48284523444846
NCJ19,OUT017,791.3236519543148
FDU01,OUT035,3117.2688892087353
FDT12,OUT035,3629.8957948014177
NCM18,OUT018,674.127637058134
FDP19,OUT017,1845.8678484588327
NCR42,OUT049,433.9819415359719
FDN10,OUT046,1669.4841913781338
FDG44,OUT017,823.3702808011409
FDQ10,OUT046,2503.8251023806456
DRH13,OUT049,1545.7342071473445
FDT52,OUT013,3622.807483996056
FDM56,OUT045,1500.127965141808
NCO43,OUT010,211.6863986415083
NCV29,OUT035,2657.5272111492063
NCF06,OUT013,3450.955007163506
FDO50,OUT035,1332.1918821920572
FDT59,OUT013,3635.916787214272
FDX40,OUT027,852.2623201682061
FDE50,OUT017,3138.4871627668476
FDX51,OUT017,3098.2016518565206
NCD30,OUT018,1215.4326872012987
FDK15,OUT013,1485.9232302988744
FDL12,OUT045,902.201927674253
FDK46,OUT017,3873.5692750551884
DRH49,OUT010,188.63420363658815
FDQ57,OUT046,2176.8792709725103
FDY59,OUT017,1397.1686395677395
FDO09,OUT018,2827.1032957737025
NCG30,OUT035,1797.1616283938438
FDM09,OUT017,2540.286398831352
NCN17,OUT027,2450.5046790720407
NCS42,OUT013,1200.9174049753226
FDD02,OUT019,237.47889912630046
FDE34,OUT013,2769.8115599415964
FDU38,OUT045,2708.0547775677987
FDB33,OUT046,2313.4681056211616
NCJ29,OUT017,1257.9498746297575
FDZ27,OUT035,701.6956388970817
FDI40,OUT013,1346.9432413949976
FDG22,OUT013,512.8311198691949
FDT51,OUT017,1584.784437341179
FDF20,OUT018,2529.109119656064
FDV50,OUT035,1745.2926501604773
FDT02,OUT049,528.197331846686
DRC49,OUT017,2267.821393754838
FDF26,OUT049,2203.502824439007
FDV52,OUT035,1652.4602104547887
FDX59,OUT049,512.9288548212459
FDV25,OUT035,3531.803553068501
FDW23,OUT027,922.549640379176
FDE53,OUT018,1250.661932803829
FDA19,OUT017,1845.9181994027492
FDH22,OUT046,1802.1988755919288
NCO41,OUT013,1356.2706157941718
FDX12,OUT017,3667.5423265192107
FDF17,OUT013,2882.3942361538266
FDS11,OUT045,3204.453182379143
FDR51,OUT035,2202.246658184544
FDT49,OUT010,230.8418893024727
FDC56,OUT013,1713.3063134178497
FDR13,OUT027,2945.153042223624
FDQ60,OUT035,1790.5757672439854
FDN38,OUT049,3981.0704784071654
NCL29,OUT013,2272.256695836747
FDO13,OUT027,3771.0847133781704
FDE26,OUT018,1903.7131537291903
FDA31,OUT010,374.67193054954305
FDX14,OUT035,1079.9904890810783
FDA34,OUT045,2541.739003140047
FDF26,OUT013,2176.4472425820454
FDE38,OUT045,2431.8338180941373
DRI11,OUT046,1660.997089716859
FDQ60,OUT027,2802.908931307032
FDL21,OUT027,688.3815760210503
DRC12,OUT027,5069.972318254509
FDC47,OUT046,3225.7206610497747
FDE57,OUT045,1819.9833189589597
FDT14,OUT045,1708.6634073280568
NCZ53,OUT046,2695.1919800624637
FDE28,OUT018,2816.506668388497
FDR19,OUT035,2230.9718346674154
NCF54,OUT019,368.80653432728315
FDZ08,OUT046,1150.2107951523228
NCJ05,OUT018,2019.9873678878741
FDF59,OUT046,1775.6414011989395
NCO05,OUT035,1571.3871540889909
FDW24,OUT018,583.6579308457854
NCX42,OUT018,2130.277548031771
NCA53,OUT035,700.7819139474452
FDI45,OUT019,374.76060913244703
FDG46,OUT046,1584.3111434122623
FDM20,OUT010,475.09807767394057
FDW11,OUT010,174.8923459049081
FDX08,OUT035,2790.287252717988
NCK17,OUT035,602.7919705174444
FDK32,OUT018,1977.3557145831492
NCA42,OUT035,2443.0715189009034
DRI01,OUT035,2673.008046552068
NCL55,OUT049,4021.5566626220107
DRE25,OUT018,1197.724235431367
FDD14,OUT017,2804.0777118562746
FDB10,OUT046,3335.6703630589245
DRN11,OUT035,2267.2192490660254
FDP38,OUT018,575.1654607624276
NCA30,OUT017,2801.970824764679
FDT15,OUT017,3012.364921686206
NCP55,OUT018,606.6214546061275
FDF12,OUT035,2348.3337822253857
FDM21,OUT018,2901.5178668408457
FDX56,OUT035,3408.855402780972
FDF10,OUT017,2293.216828829826
FDT32,OUT045,2670.610744481839
FDM51,OUT018,1282.8719242458294
NCR50,OUT018,2028.773269797561
FDI19,OUT049,3860.5336853104623
FDX21,OUT017,1533.592816467167
FDR31,OUT035,2336.8875007414126
FDY02,OUT013,3662.399108871705
NCA29,OUT045,2483.7520294655164
NCX17,OUT046,2639.6185944052513
FDM12,OUT045,2768.1764862429222
FDI53,OUT027,3701.1041968416525
NCU30,OUT049,2550.9543476547906
FDC56,OUT027,3086.1303100553273
FDK27,OUT018,1693.7117643357335
NCK18,OUT017,2666.059606805373
FDB52,OUT019,528.9792781289117
DRG25,OUT027,4493.597438280334
FDZ13,OUT049,788.8995192754644
FDB57,OUT019,468.59605448732617
FDR40,OUT046,1247.236642923895
NCO14,OUT019,88.13875267304141
NCN19,OUT045,2664.890985068097
FDQ28,OUT019,278.5587767013365
FDO13,OUT018,1872.0802317734606
FDK48,OUT013,1091.44892936385
FDU07,OUT018,1921.9597773493088
FDW20,OUT046,1633.8571225859696
FDV12,OUT010,223.98520089084369
FDH24,OUT013,2161.2689407624034
FDV59,OUT049,3303.9180899805438
FDK57,OUT045,1722.7317120004739
FDL16,OUT027,1120.6078410782436
NCQ17,OUT046,2177.518457189727
FDJ15,OUT018,2569.18073405504
FDX24,OUT049,1375.1998044987392
FDT47,OUT046,1423.3628251087496
FDT10,OUT049,925.6419220325993
FDZ37,OUT018,939.3061995139532
FDW43,OUT027,5809.1138283228265
DRN36,OUT017,1426.0999322187322
FDJ14,OUT045,1130.9427314096367
FDA32,OUT013,3040.7087062267365
FDJ38,OUT019,448.59983183418115
FDQ57,OUT017,2238.3528630560654
NCQ41,OUT019,465.16483981929247
FDG56,OUT049,911.73264101947
DRC13,OUT027,3060.9675809199503
FDV55,OUT035,2261.202145149813
FDQ49,OUT045,2177.453464661854
FDE29,OUT010,147.46478359065452
FDR03,OUT013,3111.31980918998
FDD45,OUT049,1355.5589088617367
FDN38,OUT010,534.673054412159
FDT56,OUT046,790.1185261445339
FDT48,OUT045,2889.868374015449
FDU03,OUT049,2882.2667132550528
FDC56,OUT010,217.77829239655094
NCO43,OUT027,2426.032774954727
FDQ27,OUT017,1618.1710416849423
FDR03,OUT046,2925.40026084432
DRH23,OUT010,127.32246789155899
FDG22,OUT045,591.6437332283404
NCJ42,OUT013,1467.438272074296
FDR24,OUT046,1267.8425526398312
FDW60,OUT035,2731.620789316146
FDJ08,OUT013,2754.1075590408054
DRL59,OUT018,570.0602327730631
FDG60,OUT010,515.3123089585745
FDW27,OUT017,2282.6409869906283
FDX14,OUT018,898.2862310802577
FDC20,OUT013,768.818183491368
NCS29,OUT018,3004.059924897493
FDJ56,OUT046,1494.3758882891184
FDB20,OUT019,168.11176714119188
FDL28,OUT027,5552.49461848589
FDW01,OUT018,1922.1184995499286
FDL03,OUT046,2654.4549926771824
FDX22,OUT049,3431.518341020704
FDJ21,OUT035,2330.176869707642
FDR31,OUT045,2182.345676933618
FDG21,OUT035,2320.6332414022695
FDS22,OUT027,822.4919291302804
FDK08,OUT035,1428.112223140533
FDE17,OUT018,1867.5887430435782
NCN30,OUT017,1428.097845518525
FDT50,OUT046,1343.7057907325734
NCX42,OUT049,2508.6409317065154
FDJ12,OUT035,3579.2278286317573
NCA18,OUT027,2742.6475465602807
FDP23,OUT019,472.85517665020814
FDX12,OUT013,3674.855125717868
FDN40,OUT018,1828.5627890004637
FDV48,OUT035,1220.1751445788773
NCY54,OUT013,2449.4258946723176
FDL16,OUT010,90.50741209399689
FDR45,OUT018,2647.8023772015476
FDJ52,OUT046,2277.4291365086256
DRG01,OUT017,1190.6896075769896
FDP52,OUT013,3686.851153947614
FDU58,OUT017,2872.798611860305
FDL02,OUT045,1558.1916504764708
FDG28,OUT013,3571.8030114269545
FDA19,OUT035,1833.148029835158
FDW46,OUT027,1793.9423621839662
NCD43,OUT049,1573.9527623336346
DRG39,OUT013,691.0625595881063
NCF55,OUT049,482.639310848137
FDJ07,OUT046,1648.6987903670627
FDE08,OUT046,2183.3792181386707
FDP56,OUT019,110.2003956530786
FDT45,OUT045,764.8488090953248
FDF17,OUT018,2614.31897309616
FDX44,OUT046,1181.7809835432497
FDM28,OUT027,4443.537995419755
FDI36,OUT049,2914.359724859621
FDS07,OUT045,1697.2069159434236
FDD36,OUT045,1704.6028763091351
FDW11,OUT046,884.0454008141128
FDN40,OUT049,2121.2263510258763
NCQ18,OUT049,1476.0711192377928
NCQ54,OUT017,2618.4520611530643
NCS42,OUT045,1246.060167555351
DRH39,OUT010,147.42177866409932
FDC09,OUT027,2622.0681403084245
FDT08,OUT010,310.1997848056581
FDC08,OUT035,3514.744454481581
FDT20,OUT017,533.7019473604412
FDS35,OUT035,970.5974584975062
FDX58,OUT018,2563.8583346973783
FDW58,OUT046,1402.6245943408107
DRD27,OUT046,1376.7802263953881
FDH32,OUT019,169.9803195501271
FDS26,OUT035,3637.7582247247333
FDQ31,OUT046,1230.776404063141
FDP11,OUT018,2634.443162749737
FDD58,OUT017,1461.1944290461438
FDM33,OUT045,3009.7053346770663
FDZ16,OUT049,2997.9704949952693
NCS29,OUT010,555.2996691719454
NCM18,OUT019,176.5602583838148
FDP11,OUT049,3401.5888096509534
NCC42,OUT017,2056.278580660004
DRM23,OUT046,2491.1065281451474
NCN55,OUT027,5439.854667656846
FDK46,OUT013,3720.577546804297
FDR01,OUT046,2733.80459772405
NCA05,OUT045,2014.6253377393627
NCP43,OUT017,2666.799727387044
FDR12,OUT010,350.5134932480333
FDQ01,OUT013,3849.9481578345058
FDM13,OUT046,1642.4070617318066
FDQ19,OUT017,3640.197732469075
FDK56,OUT019,378.3084884876327
NCX06,OUT010,437.5701896664915
FDO56,OUT027,2977.1725204455665
FDU45,OUT045,1568.3917336260984
FDI16,OUT019,131.64649544090543
FDL32,OUT046,1650.1170153521302
FDA07,OUT046,1732.3464086110102
FDA14,OUT045,2148.038026729088
FDV46,OUT027,3166.4738866870907
NCO07,OUT035,3099.48632740443
NCP41,OUT046,1503.6867604731128
FDY60,OUT018,1791.7707953970285
FDN38,OUT017,3736.342556726632
FDO15,OUT046,1047.808335969351
FDT60,OUT013,1746.263688306665
FDA55,OUT035,3503.388937862078
FDE02,OUT010,213.2047647853007
DRJ39,OUT049,3475.5828904097953
FDV34,OUT035,1098.3023804117565
FDS20,OUT027,4862.040992261357
FDF02,OUT027,2648.238897726642
FDW40,OUT017,2112.7902653902884
NCB43,OUT046,2650.5363724547997
FDR58,OUT017,1299.1708907796683
DRJ59,OUT035,595.0932628242356
NCD30,OUT017,1473.2016839642597
FDE14,OUT017,1463.9624496763745
FDC28,OUT018,1222.2628933319343
FDU16,OUT018,885.6648344692243
NCD19,OUT035,810.6143587328427
FDU21,OUT046,556.9087889463086
FDV59,OUT027,4732.9507347615245
FDU03,OUT045,2700.8212181105696
FDC33,OUT010,445.8043836195809
NCR42,OUT035,431.5677740974771
DRH59,OUT035,1061.5685334167943
NCM31,OUT035,2007.5691763717703
FDS50,OUT035,3498.8385944681063
FDP39,OUT046,749.5015614366254
FDQ55,OUT013,1689.1276839690297
FDV36,OUT019,245.47052306289748
FDI05,OUT027,2124.08874314729
FDS45,OUT027,2425.8074932508607
FDA39,OUT045,577.8906316393754
FDC37,OUT010,231.55654736518187
FDJ60,OUT027,3896.9211697927544
DRQ35,OUT046,1753.6088227640626
NCJ06,OUT046,1740.3596381640436
NCY42,OUT018,1980.0523622150909
DRM37,OUT049,2950.8255018577847
FDR14,OUT045,703.2659543794002
FDE51,OUT049,591.4675380021408
FDT33,OUT017,2572.611459219186
FDR08,OUT013,1551.3007414413946
FDE36,OUT010,345.0090243426078
FDL22,OUT019,191.94557159755527
FDR44,OUT013,1799.89406988288
FDI56,OUT019,184.28997322060593
FDE47,OUT010,231.4155130977063
FDV27,OUT010,223.68965839552635
FDV10,OUT049,597.7372678898427
FDC40,OUT045,1129.7913412963148
NCX41,OUT013,3184.441893185587
NCQ38,OUT027,2444.8441299922156
FDV12,OUT027,2446.0233400324614
FDE52,OUT017,1232.0486009169476
FDG20,OUT027,4426.698442721586
FDV16,OUT027,822.8740205604333
FDI32,OUT017,1713.6225403482106
FDJ32,OUT049,929.6591273241215
FDN39,OUT018,2108.5711587518836
FDY34,OUT017,2647.3193189161957
FDC14,OUT035,586.2698251925381
FDA55,OUT017,3543.113658538798
FDZ50,OUT010,424.37777416112095
DRG13,OUT049,2443.0706322546703
FDP01,OUT013,2060.0676008996184
NCG54,OUT017,2671.155151154482
FDM13,OUT045,1690.0616741553672
NCO18,OUT027,4353.382466343749
NCW41,OUT013,2238.5246364398045
FDM52,OUT027,3562.71637427718
NCF55,OUT035,487.69234291941996
FDT09,OUT046,1854.5361477793601
NCM19,OUT035,1574.5158528104546
FDW12,OUT018,1928.9550433627273
FDP15,OUT019,535.1259094677229
FDK36,OUT045,701.8415523054712
FDZ25,OUT035,2761.128768121189
NCW06,OUT049,3041.2666030784853
FDW60,OUT046,2551.720732649061
DRC49,OUT013,2160.011699012465
NCT17,OUT035,2892.557957436952
NCN06,OUT018,2104.305471979039
FDC45,OUT013,2505.6940415222266
DRJ47,OUT019,349.15734760922777
NCF06,OUT045,3078.5711405031925
FDE21,OUT010,225.89172181077302
DRG27,OUT013,581.5191344099084
FDW40,OUT049,2025.4202506675042
NCO53,OUT046,2543.4390136263196
FDE23,OUT049,622.183685402246
FDQ16,OUT046,1484.6200612932516
FDS26,OUT045,3185.2148191741367
FDZ13,OUT010,95.9227956101516
FDS14,OUT049,2173.9372678838567
FDC10,OUT045,1663.0921380589282
FDY16,OUT049,2948.0663054025463
FDJ20,OUT035,1743.071372065704
FDV43,OUT035,612.8063220631246
FDZ32,OUT027,2670.6478236627836
FDR23,OUT046,2501.7920252923936
FDN24,OUT035,734.9403272918663
FDE34,OUT027,4580.214099292936
FDU31,OUT013,3059.0509033094404
FDW33,OUT018,1282.4281072501014
FDU26,OUT046,1641.7482657173405
FDE20,OUT027,4047.05117441615
NCW05,OUT035,1522.9222724727404
FDB22,OUT018,1926.698560645062
FDO56,OUT046,1669.532247541014
FDA19,OUT027,3248.124361844204
DRI39,OUT045,786.8958059545877
FDH52,OUT018,636.8507027155837
FDZ50,OUT035,2926.3884968094035
NCN42,OUT035,2320.200486420033
FDB53,OUT013,2180.623643945898
DRG11,OUT017,1545.5108648018381
DRK11,OUT027,3535.0386415567236
FDQ60,OUT017,1755.6162766229124
FDT36,OUT017,489.5016336909612
DRG25,OUT018,2493.470378733304
DRJ23,OUT046,2674.8951048044905
FDG05,OUT035,2398.010910465044
NCK06,OUT018,1729.3575924420081
FDU52,OUT017,2265.166169272239
FDW07,OUT018,925.6748080033979
NCM17,OUT045,644.5347141070445
FDA22,OUT045,2397.631758161746
NCA41,OUT018,2565.915555166931
FDF38,OUT035,581.4205497830201
FDH52,OUT046,883.2958316202546
FDY58,OUT019,512.0767598615193
FDZ16,OUT045,2771.039915047272
NCM18,OUT017,928.9801373910943
FDA22,OUT018,2114.335996411601
NCJ43,OUT035,2641.784391756718
FDI34,OUT027,5468.263509774449
FDG56,OUT046,886.325472178972
FDS34,OUT046,1612.2713356895367
DRC01,OUT035,746.6613294777585
FDQ04,OUT035,619.2754568661412
FDK04,OUT035,815.7207025956649
FDT51,OUT049,1540.5881179375833
FDV26,OUT017,2940.9851414749382
FDS04,OUT049,2005.3941808379227
FDW43,OUT018,2837.2285867978303
FDQ28,OUT010,281.8600993349753
NCK06,OUT017,1885.379402208469
FDS23,OUT018,1775.8228550942438
FDZ36,OUT019,432.2585184881168
FDE56,OUT018,677.5472878993187
FDW10,OUT027,4290.120782681513
NCN14,OUT045,2666.9181100005467
NCQ18,OUT045,1364.1524890869346
FDW08,OUT017,1546.3253352369825
FDU43,OUT035,3663.8196527791733
FDR33,OUT010,219.2116899402622
FDM24,OUT010,306.85412966945233
NCZ05,OUT046,1448.848922034026
NCV41,OUT035,1644.1460666403832
FDV11,OUT018,2303.1508291077794
NCY05,OUT035,554.0523226816464
FDV44,OUT018,2525.995190795294
FDW32,OUT049,1230.122046993888
NCU18,OUT027,3290.0980343611427
NCC43,OUT035,3648.173223234744
FDW19,OUT013,1520.1317897106082
FDN31,OUT035,2885.3506466623503
FDI48,OUT045,698.3675765882642
FDS24,OUT017,1117.9090482532938
FDF46,OUT049,1705.2352249814046
DRG23,OUT017,2256.812983063526
FDG14,OUT018,1956.316867397751
NCY30,OUT049,2870.267149839093
FDO28,OUT018,1597.2583998963426
DRD24,OUT035,2053.546391993083
FDI33,OUT049,1321.8072114803924
FDN32,OUT046,2719.3203797959914
FDR16,OUT045,3023.9969870120262
FDF26,OUT046,2199.394095274211
NCN29,OUT018,561.9904580854072
FDE20,OUT045,2550.4998976752195
FDA46,OUT046,2706.8163989016684
FDU28,OUT045,2656.4600808669556
FDQ48,OUT045,1419.7524021053102
FDV36,OUT013,1792.4342107536957
FDR14,OUT018,515.1234262974283
FDP23,OUT017,3367.1573247008905
FDP56,OUT013,675.1800224938472
FDK48,OUT010,192.4122292638669
FDR48,OUT046,2159.452689710357
NCY29,OUT049,839.5203867781745
FDM22,OUT018,571.7408235131107
DRJ01,OUT013,2322.076330447789
FDZ43,OUT045,3289.249457020767
FDV03,OUT035,2271.2648378560843
FDX11,OUT027,4387.782481536098
NCA41,OUT027,5155.505607295527
FDE38,OUT017,2589.529978747063
FDI27,OUT018,575.0469649314989
FDN32,OUT013,2814.142048201249
NCN43,OUT017,1900.129467631154
FDB47,OUT027,5156.539357567961
FDV03,OUT017,2274.1460507713305
NCN30,OUT045,1356.2084431954352
NCV54,OUT010,237.60225522655313
FDV07,OUT013,1497.005983663934
FDP07,OUT049,2837.7172823082246
FDK48,OUT018,836.7212542683283
FDM15,OUT019,320.2557005510797
FDY19,OUT027,3084.994120930791
FDK46,OUT046,3442.3392903477184
FDY11,OUT045,1027.4122094161344
FDH09,OUT046,769.0600874824835
FDO08,OUT027,4130.111637393323
FDU14,OUT013,3697.372491330116
FDD22,OUT027,2868.59001783844
FDM27,OUT017,2383.1682529677078
FDL02,OUT027,2648.238897726642
NCA17,OUT035,2221.2914587558407
FDE38,OUT019,349.1502177542129
NCG07,OUT049,3051.5536034029155
DRC27,OUT013,3523.351631720623
FDA27,OUT035,3700.5320241291765
FDW40,OUT045,1961.322237709085
DRI11,OUT013,1650.2246586204228
FDN50,OUT046,1389.4940839023582
FDR12,OUT046,2540.6945043409414
FDT34,OUT027,2605.6748399402445
FDW11,OUT035,940.7184274137367
NCO30,OUT027,4648.3816784722385
FDZ34,OUT017,2875.8634257537087
FDU45,OUT017,1667.799783917208
NCD42,OUT035,553.4660690799756
FDX25,OUT045,2699.6833207255195
NCR29,OUT046,770.3600704911266
FDX43,OUT019,341.00150054284825
FDB04,OUT010,190.3654495012544
FDR49,OUT027,1276.1470867930557
FDS39,OUT018,1843.601890771493
FDW58,OUT045,1461.4138417638242
FDG22,OUT019,71.07876883415787
FDG31,OUT017,941.2583155033014
NCV53,OUT027,5594.5588840990595
DRJ37,OUT035,2250.2974626516543
FDV07,OUT035,1571.0808408399882
FDW52,OUT018,2075.237601181031
FDT15,OUT045,2733.5132315451788
FDD02,OUT018,1592.5529208922303
FDM16,OUT035,1081.856114682877
NCE55,OUT046,2460.2156392834386
FDB57,OUT018,2713.350489209124
FDQ04,OUT013,580.804417018043
FDQ47,OUT019,83.58208474856764
FDY14,OUT019,503.3284541598744
DRK37,OUT017,2963.00511114909
FDO25,OUT017,3367.824305100372
FDL57,OUT046,3647.0266836088895
NCK29,OUT018,1641.0599646985424
FDK46,OUT027,5742.009858517615
NCB43,OUT010,432.546496434105
DRE01,OUT027,5321.820193520798
FDC46,OUT018,2502.305461916704
FDQ23,OUT045,1517.2956004036023
FDX38,OUT049,715.7457678577365
FDG60,OUT018,2756.560203130271
FDW55,OUT017,3440.0655445535763
FDP39,OUT013,659.7049403220565
FDB20,OUT018,900.5301553519321
FDV21,OUT017,1828.0846488126492
FDZ02,OUT013,1299.5575844404943
FDP19,OUT027,3544.174087049097
FDA38,OUT035,3732.714470644801
FDH22,OUT045,1805.48182017688
DRM11,OUT045,3550.478092780829
FDO12,OUT027,4807.063083286493
FDT14,OUT049,1766.1410962886205
FDW34,OUT010,520.3635916140423
FDG04,OUT027,4139.159896324062
FDW59,OUT018,965.9397755809496
FDR33,OUT018,1319.5491414653661
FDP32,OUT013,1763.6751363281967
FDL13,OUT027,5226.97777882744
FDD22,OUT013,1647.560649492481
FDV40,OUT027,1793.9423621839662
NCD55,OUT046,564.7669193882826
FDQ20,OUT010,87.03459325633807
FDD28,OUT045,777.2130463557578
FDC39,OUT045,3126.606017028574
NCR17,OUT049,1740.0817715759397
DRO35,OUT018,1627.4699968570962
FDF40,OUT049,3996.323938846135
FDR31,OUT018,2006.2285110509042
NCQ41,OUT017,2989.5043455169825
FDP38,OUT046,666.7505354158131
NCU54,OUT027,5225.689887848996
FDG22,OUT018,384.0319902846264
DRK59,OUT013,3222.2708054606665
FDC37,OUT046,1483.1225930658252
NCO42,OUT013,2196.852830434498
NCT42,OUT017,2283.8757546129254
FDX27,OUT035,1312.5182168284068
FDV40,OUT018,785.185557806037
FDT45,OUT027,1498.898633708931
FDS47,OUT019,214.60006325380039
FDR45,OUT035,3636.1121661588313
FDB03,OUT045,3299.34821584435
FDO49,OUT035,724.6114574594271
FDU60,OUT027,3919.6789851372787
FDB26,OUT018,562.8349800398314
FDB46,OUT017,3205.0303903305094
FDQ37,OUT019,442.98182374240156
FDN03,OUT017,4041.624794775426
NCX30,OUT045,3509.7500867153435
FDK32,OUT019,313.3753525450533
DRM47,OUT013,2771.0032327258805
NCO02,OUT046,999.6604736141277
FDP04,OUT013,878.7938322447206
NCO43,OUT049,1531.0280607244574
FDD59,OUT013,1102.091376875046
FDQ10,OUT017,2698.3562586109983
FDW45,OUT035,2289.6662265172627
NCK30,OUT049,3773.6161520025175
FDU31,OUT018,2548.726964814139
NCQ17,OUT019,311.51733114070055
FDN01,OUT017,2447.292918316239
FDZ19,OUT049,2569.4465877455445
DRG37,OUT017,2355.7047893432614
FDE32,OUT045,484.9606258949453
FDO34,OUT049,2494.546381152928
FDM04,OUT019,95.44825385335452
FDZ25,OUT049,2667.39955151799
FDU08,OUT049,1471.4694137980778
NCW30,OUT045,3281.1186567430987
NCM18,OUT013,840.3193037661691
FDS22,OUT035,606.2911818753948
NCH18,OUT017,3491.0095117691953
FDC23,OUT013,2575.0491315142926
FDY46,OUT013,2766.751734938314
NCU06,OUT046,3257.897554843324
FDX57,OUT045,1366.1928068584623
FDX36,OUT027,5140.626071647597
FDL16,OUT045,711.1341627486281
FDT16,OUT010,555.7810589650138
FDN16,OUT018,1238.6076256245506
FDC03,OUT046,2675.235037592086
DRF60,OUT013,3569.2554169293876
FDS27,OUT027,4786.783983547843
FDP33,OUT010,501.607504097524
FDJ36,OUT018,1292.8415918879361
NCR42,OUT013,359.7292792635603
FDV14,OUT017,1216.3186854260614
NCP42,OUT035,2894.5403555618086
FDB50,OUT027,2129.971369974989
NCC30,OUT027,4365.75244087409
FDA23,OUT018,1299.7447586347394
FDW16,OUT017,1305.5976603939253
FDQ52,OUT010,526.1752070814553
FDB58,OUT049,2217.71123985739
NCP29,OUT049,1048.2736372605311
NCM05,OUT045,3474.731926694121
FDO25,OUT013,3152.6050440226213
NCM54,OUT046,1808.3164747098892
NCL54,OUT046,2525.3121718491966
FDL39,OUT010,418.45049915211234
FDF53,OUT018,2146.197594081505
NCQ42,OUT035,1855.3013071449786
FDF58,OUT013,832.3725685269341
FDZ04,OUT035,962.5434552904755
FDE26,OUT019,278.5116537069743
FDS60,OUT017,2189.0294650080405
FDV58,OUT017,2356.22405884123
FDM04,OUT045,733.331068572895
FDE08,OUT035,2295.1820397112574
NCB43,OUT049,3034.2259797653905
FDU11,OUT010,241.5457570054283
FDF22,OUT019,481.6723780755714
FDE24,OUT013,1984.427181147888
DRJ49,OUT046,1823.444833695464
NCQ53,OUT035,3851.2076901804985
NCL41,OUT013,498.52267195751716
FDR22,OUT013,1518.7554730576544
FDH04,OUT035,1361.9066991960635
DRH15,OUT045,620.1454529540497
FDY40,OUT049,720.4824640087243
NCI17,OUT035,1392.075156631744
NCC18,OUT013,2505.4708835438796
FDY28,OUT027,5295.32458262247
FDB45,OUT027,2597.2872010482993
NCL30,OUT018,1751.3808574670863
FDM10,OUT017,3154.3701556938445
FDH22,OUT027,3142.677062587951
NCZ53,OUT017,2917.9792275685404
NCI18,OUT013,3161.422752064877
FDH14,OUT027,3359.204143596855
FDR36,OUT027,971.2042303514095
FDW01,OUT045,2204.7731104435184
FDK02,OUT027,2837.381048370139
FDJ02,OUT018,1952.9105923468244
FDU55,OUT013,4109.015578167936
NCV18,OUT027,2220.5737473696704
FDH14,OUT018,1755.9488983669144
FDZ37,OUT045,1238.3477044012002
FDX49,OUT049,3655.1426285967227
NCD43,OUT046,1466.7116806696345
FDZ07,OUT013,851.1272450436431
FDK43,OUT035,1893.588720708361
FDR32,OUT018,2803.5418118989182
FDT39,OUT013,2131.9435952860904
NCV54,OUT017,1817.1595513528566
FDF38,OUT018,387.3498316401324
FDV60,OUT046,2745.104471462967
FDH44,OUT027,3922.0276348212
FDS21,OUT046,880.5483630492474
NCL41,OUT045,533.6830545937262
FDM46,OUT017,1402.0811029984884
FDU27,OUT045,702.8301732264678
NCJ54,OUT017,3530.1767195818
DRG51,OUT018,2166.6812768017935
NCA29,OUT019,334.4550610082687
FDR47,OUT045,2743.377716124297
NCL19,OUT027,3213.7723751568774
DRG01,OUT049,1162.296527930992
FDG10,OUT046,773.0332652098314
NCV05,OUT049,2226.8927823302993
NCH18,OUT019,498.46323126145535
FDV14,OUT018,926.4693328544837
DRJ23,OUT035,2909.484473714976
DRJ11,OUT046,2674.8123044118956
FDZ03,OUT017,2934.578320132527
FDI27,OUT010,86.21059794721677
FDJ14,OUT018,890.3008440730822
FDU32,OUT017,1846.7305923602764
FDD47,OUT027,4168.192455799311
DRF36,OUT035,2961.5553075336106
FDM21,OUT046,3421.9111456512237
FDV10,OUT018,385.52805449418724
FDH60,OUT018,2489.048175318881
FDX47,OUT010,323.81892230067456
FDT19,OUT019,386.49022196708825
FDO11,OUT045,3535.9153133922146
FDH24,OUT027,3726.8494400383906
FDL02,OUT018,1252.0515364751259
FDB02,OUT049,2582.225638128958
FDA43,OUT046,2678.673779204147
FDG52,OUT045,684.559296837386
DRC12,OUT013,2772.537184631522
FDY37,OUT018,1777.4892444965624
NCU18,OUT045,1910.410278082687
FDU09,OUT035,816.1375418790008
DRJ25,OUT027,1171.8929066131811
DRE12,OUT018,1620.684112417073
DRL47,OUT017,1870.9340922384285
DRK01,OUT046,1347.6576801570266
FDC22,OUT019,356.86021261875305
FDG44,OUT013,742.1335660507618
FDW04,OUT035,1785.0411731663028
FDK09,OUT049,3649.939895558571
NCN43,OUT035,1914.8284895184686
FDG04,OUT049,2868.3087787631853
FDH32,OUT010,169.71631636981024
DRI47,OUT017,2359.2922877894384
DRE15,OUT013,973.3225959843202
FDY11,OUT035,1079.5122148551006
FDO60,OUT049,602.8418360707914
FDQ20,OUT018,416.28095896456534
FDO57,OUT027,3789.309523635784
FDT14,OUT019,222.93535807555793
FDA57,OUT049,593.7664347364911
DRN35,OUT017,567.4967091733404
FDJ03,OUT046,688.414480914354
FDX28,OUT017,1496.348399390099
DRE25,OUT045,1256.718677563117
FDR09,OUT046,3213.6396466758642
FDB23,OUT035,3531.910479016953
FDO08,OUT045,2313.480798416396
FDQ23,OUT049,1577.7972436405073
FDW04,OUT013,1707.4049848238303
DRK13,OUT010,438.0815827262852
NCL17,OUT027,3206.634205891286
FDY21,OUT035,2880.9330681137217
FDJ38,OUT027,4589.975732969866
FDA37,OUT019,252.40831829558832
FDV43,OUT013,587.7955809751808
FDL36,OUT046,1310.5193740936452
FDD53,OUT045,592.272197073507
FDZ19,OUT010,371.3719209947222
FDV21,OUT045,1786.971119790831
NCL54,OUT018,2320.4850492512
DRI47,OUT027,3486.0369719881155
DRG03,OUT049,2233.7450933450077
FDG21,OUT013,2292.9235482341032
FDW03,OUT018,1367.969471267177
NCI55,OUT046,1779.5520035380764
DRC36,OUT019,377.10365959403896
FDH22,OUT017,1838.9212455772818
FDV20,OUT045,1794.215989029051
NCU41,OUT027,5008.427822877395
FDN46,OUT027,2466.6838586188233
FDK50,OUT045,2378.316402580635
NCA05,OUT027,3590.7444276660576
DRH01,OUT018,2179.3073983411937
FDT08,OUT018,1977.3557145831492
FDM08,OUT018,2733.3157457124994
FDZ07,OUT035,917.7578681606954
FDS22,OUT017,718.516663343256
FDV35,OUT027,3655.065550672195
FDI28,OUT010,192.50612641199274
FDW58,OUT027,2448.607801086876
FDT52,OUT045,3409.1929310606142
FDY34,OUT046,2359.6719737692297
FDR10,OUT046,2326.1615777311386
FDK57,OUT017,1789.52488547637
FDR02,OUT027,2436.6542649711073
FDX49,OUT046,3317.35322656045
FDQ20,OUT046,610.2731888878898
DRK23,OUT045,3489.8839572541115
NCW06,OUT046,2704.2824916101963
FDR31,OUT017,2283.910633934167
NCE43,OUT013,2392.272148092557
DRO59,OUT027,1969.2028889715766
FDN09,OUT049,3795.9357587016107
FDR11,OUT046,2392.3382962919377
FDO57,OUT013,2149.1010746882625
NCX18,OUT017,2951.198341004955
FDB05,OUT018,3215.1125004490414
FDQ08,OUT018,678.7568300128967
NCG43,OUT035,1369.6887033003984
FDJ56,OUT013,1447.7229978656162
FDA13,OUT010,76.4144098589126
FDO56,OUT017,1743.1289146242166
FDB37,OUT018,2887.711740638156
FDZ02,OUT018,1250.3970777584432
FDQ24,OUT046,3605.917035419772
FDM16,OUT013,978.8924666302249
FDU35,OUT049,1464.1516068183466
FDT35,OUT035,2538.8215098215846
NCX30,OUT049,3795.765603220772
FDG04,OUT017,2935.471347148944
FDI12,OUT035,1294.976183729224
FDE35,OUT035,894.136679240885
NCP14,OUT027,2458.6419889763915
NCY53,OUT045,1494.3976940977295
FDP49,OUT017,743.9074207713396
FDQ04,OUT017,619.2754568661412
FDM39,OUT035,2671.2373322854583
FDO58,OUT019,346.7285136206612
FDC56,OUT017,1690.8305439083451
NCQ54,OUT046,2455.008951319708
FDV10,OUT027,882.5888271002423
NCK17,OUT046,587.9924286807703
NCF55,OUT027,762.7109484724388
FDV33,OUT013,3858.3599217210867
NCH29,OUT019,223.00577160263225
FDA37,OUT027,3122.506648312807
FDH46,OUT018,1303.1576668447715
FDS25,OUT035,1572.008530471234
FDH04,OUT027,2232.0581251327044
FDX52,OUT046,2711.7884705414285
NCD42,OUT017,553.4660690799756
FDW47,OUT017,1869.0897818239364
FDL25,OUT027,2294.719777741602
NCJ06,OUT010,240.55816327095152
FDY09,OUT013,2551.8215947617286
FDS40,OUT046,546.1201165682054
FDH41,OUT017,3185.458928136437
FDG38,OUT035,1288.3543494221294
FDU03,OUT027,4589.796780976306
FDV20,OUT046,1794.215989029051
DRB13,OUT045,2644.166897504383
NCQ30,OUT013,1726.4128153624804
NCH06,OUT013,3362.281284678081
FDU50,OUT018,1455.0823792229667
NCO42,OUT019,296.5365733977204
FDW09,OUT018,878.0717444814184
FDH04,OUT013,1198.7100561822813
FDC21,OUT045,1468.227912566936
FDL21,OUT049,567.1108499580629
FDM46,OUT010,209.4961403581562
FDT22,OUT019,121.72361354483617
FDB28,OUT035,2849.8714212500677
FDI12,OUT018,931.2225517601734
FDA28,OUT045,1822.3963375084672
FDF59,OUT013,1773.690516502643
FDM45,OUT027,2994.5291441204563
FDQ56,OUT017,1210.4450529084177
FDR46,OUT049,2328.562327008639
FDT01,OUT013,3049.3837896299165
FDD16,OUT027,1798.3400777264674
NCU30,OUT010,321.1541756898582
FDM40,OUT010,304.94804028881794
FDI56,OUT035,1357.0646069933946
NCS30,OUT013,1770.0541072477292
FDU08,OUT017,1484.071075999649
FDX51,OUT027,5135.44513768749
FDA43,OUT045,2718.2739086198208
FDX59,OUT010,77.71354597122468
FDC37,OUT018,1299.904582176657
FDP58,OUT013,3092.6200194356707
NCY42,OUT035,2032.1455822927308
FDF21,OUT018,2468.2298243850273
FDU10,OUT027,838.9805091834678
DRL47,OUT018,1746.7434767790544
FDA58,OUT018,2583.532840136552
FDJ22,OUT049,2939.630451173901
FDK50,OUT046,2330.68235229888
FDO38,OUT035,1198.5972643994633
DRF60,OUT035,3670.2421795019077
NCZ42,OUT019,509.67487866544553
FDD35,OUT049,1783.9953354538518
FDL25,OUT045,1172.13847520857
FDJ16,OUT013,747.4032502854059
DRK59,OUT049,3441.305870339322
FDI50,OUT046,3466.767265857473
NCB19,OUT045,1197.248195942213
DRI37,OUT035,887.7124103875356
FDA14,OUT027,3507.384355689862
FDC08,OUT018,2741.376078158987
FDS45,OUT046,1570.9430723575963
FDI21,OUT049,959.9362807147934
DRJ47,OUT035,2649.8545844603013
DRE37,OUT027,4264.211832614818
FDT55,OUT018,2094.948426837793
NCG42,OUT027,3154.3406507756126
FDA31,OUT049,2593.032344729003
NCW42,OUT046,3173.9948286271488
FDF50,OUT017,2971.1262805179513
FDK56,OUT049,2916.9199109947454
FDX10,OUT035,509.88896490856513
NCK07,OUT027,3911.5097161702556
FDZ49,OUT017,3464.1750448496587
FDR33,OUT013,1476.1933268423304
FDO44,OUT018,1297.3131309584992
FDA20,OUT046,2674.804756818139
NCL30,OUT045,1805.6112278170008
FDI05,OUT019,174.2634094937886
FDQ12,OUT018,2836.677627222777
FDH47,OUT017,1410.6691260106134
FDH34,OUT018,2533.4658125702217
FDF29,OUT046,1857.0445943263178
FDG40,OUT018,344.4842550085149
NCE18,OUT017,3962.680825622356
FDP21,OUT010,404.53977282784336
FDY50,OUT013,1189.2934630932866
FDB36,OUT049,1846.1264348264938
NCZ29,OUT049,1859.9202789947722
FDU20,OUT018,1616.5253040378896
FDO56,OUT013,1665.76547929844
FDW31,OUT049,2858.996391771066
DRH59,OUT013,975.1190299631382
NCB30,OUT017,2943.169285274329
FDK43,OUT027,3214.644990530953
FDW43,OUT045,3408.619576572988
NCL19,OUT017,2085.534646060547
FDJ27,OUT046,1497.3656287719634
FDC45,OUT046,2394.4266790799725
FDY40,OUT035,742.792777219685
NCM41,OUT035,1349.5443541334998
NCK18,OUT019,339.84371402248576
FDP37,OUT049,1829.8710132934048
FDA27,OUT027,5392.361759060562
NCX30,OUT035,3350.383525964645
FDR09,OUT017,3675.0535679490554
FDG08,OUT027,4753.819172776921
NCU30,OUT013,2410.174926681789
FDB16,OUT017,1232.3348267469696
FDM16,OUT017,1074.9729475487113
FDC48,OUT013,1119.5418323037284
NCF18,OUT046,2605.350270768627
FDU46,OUT018,952.94088795672
FDH41,OUT018,2487.9344730097937
NCN42,OUT010,315.6734632767724
FDU49,OUT046,1227.4105657507764
FDB20,OUT027,2094.1305448094354
FDG50,OUT019,229.99475666557163
FDW20,OUT045,1683.1370085333401
NCO55,OUT049,1548.3917892377156
FDX48,OUT046,2206.6000098086683
FDU48,OUT046,1833.8337901498533
FDR48,OUT019,293.2364420549207
FDK27,OUT013,1740.575936663954
FDT35,OUT013,2332.981577674729
FDN12,OUT049,1549.200396272908
NCE31,OUT019,79.43072009735012
FDL21,OUT017,590.8722508575056
FDV56,OUT017,1566.0056293288135
FDR16,OUT017,3193.486544213345
NCP41,OUT049,1575.725817968233
FDJ27,OUT013,1470.4793175553891
FDA07,OUT017,1808.710405033221
FDK55,OUT049,1298.4126075711874
FDM33,OUT049,3489.9883034170393
FDY46,OUT046,2682.917117779621
FDD36,OUT046,1704.6028763091351
FDB12,OUT027,2461.417394385319
FDF28,OUT019,221.81574425309503
NCE07,OUT019,277.5888128955857
FDW50,OUT027,3901.182546417139
NCW18,OUT017,3597.6901184033263
NCJ17,OUT019,233.6484458634279
DRZ24,OUT010,240.36001629796024
FDS07,OUT035,1736.7594575723062
NCW05,OUT010,241.86126000001929
FDZ22,OUT018,955.9264808312088
FDK02,OUT046,1676.7927129390953
FDZ45,OUT027,5086.316011381661
FDL25,OUT046,1092.7913666203408
FDS08,OUT045,2451.0973487666506
NCZ42,OUT027,5210.714591275287
FDX57,OUT035,1432.7573976896388
FDF21,OUT046,2664.792956095434
FDJ56,OUT018,1248.0018804757735
FDX10,OUT013,479.17538179003486
DRG48,OUT035,2316.0656873771004
DRN37,OUT046,2384.3666423513305
NCY41,OUT018,398.81773824000106
FDN28,OUT045,1478.2581562814387
FDE34,OUT045,2634.344207528907
FDR10,OUT045,2373.703272893055
FDC32,OUT017,1314.8232198707465
DRG13,OUT046,2346.290011253091
FDP59,OUT049,1269.2556586860915
NCT53,OUT010,341.4952273130417
FDL57,OUT027,5566.419039191368
FDN32,OUT010,431.9950531565746
FDK09,OUT018,2704.365062854993
FDA52,OUT010,348.68407955310215
FDC57,OUT049,2909.1127546493612
FDI09,OUT035,3574.251805031525
NCB07,OUT046,2615.7622758848815
FDP26,OUT035,1482.9372038878118
FDP40,OUT027,2693.9195701561994
FDL15,OUT013,2188.9405974393976
FDV07,OUT046,1496.4185372167276
FDS03,OUT017,1025.4746244541757
FDE50,OUT049,2929.1655666827073
FDQ15,OUT017,1132.6874902403383
FDQ33,OUT010,304.86570323968056
FDT22,OUT013,751.9083979075249
DRO35,OUT035,1748.524309922333
FDJ41,OUT049,4145.269899587297
FDQ27,OUT035,1618.1710416849423
FDC26,OUT017,1608.5451963464682
NCF43,OUT027,3247.0690648079235
NCR50,OUT035,2333.3117082113267
FDE39,OUT018,1663.5495092860401
FDN49,OUT027,942.6497023837027
DRG11,OUT035,1533.592816467167
NCA18,OUT049,1699.6171044409214
FDM36,OUT018,2207.5252823973965
FDW32,OUT017,1236.370865622132
NCQ18,OUT010,212.62565943204197
FDX14,OUT027,1960.9246399455594
FDD46,OUT017,2229.6490570186897
FDI34,OUT019,491.3515104808413
NCJ17,OUT035,1248.2548838926775
FDB52,OUT035,3714.6447611231924
FDV55,OUT018,1886.4099732842776
FDC57,OUT046,2697.1233962332985
FDB29,OUT046,1675.4005493503382
NCO43,OUT035,1592.8010761632468
FDG44,OUT045,783.9629315265872
FDJ34,OUT045,1787.9485183077347
FDH40,OUT049,1250.8943893956493
NCD07,OUT027,2635.84456876905
FDB41,OUT017,695.8037458675989
FDH47,OUT018,1220.5805998148535
DRK37,OUT035,2931.7048480159883
FDM25,OUT019,387.54674532565195
NCX06,OUT045,2681.491051033682
NCS05,OUT017,1984.6503811535656
FDS39,OUT045,1975.2435682615198
FDC47,OUT027,5388.90870742752
FDG20,OUT013,2491.897352582641
DRL23,OUT017,1556.8746334549596
FDY33,OUT013,2283.137144040876
NCH18,OUT045,3318.6940027596575
FDX47,OUT035,2319.1980355730857
NCB06,OUT045,2276.8337038422496
FDP36,OUT049,729.123932957719
FDW44,OUT018,2315.278872416429
NCU41,OUT018,2490.3772139906023
NCS17,OUT046,1339.801279401178
FDD46,OUT035,2245.093222972248
FDE45,OUT017,2716.9913941597706
FDI09,OUT017,3574.251805031525
NCJ54,OUT010,502.3964123705155
NCA29,OUT018,2310.109296697203
NCN41,OUT027,2960.2216846800666
FDY34,OUT035,2516.7705741151144
NCG55,OUT035,1751.6780906263778
DRM49,OUT046,660.6279018800117
NCB42,OUT049,1746.35630795023
FDE58,OUT045,1643.8499455962942
DRJ25,OUT013,701.2232079862108
FDS47,OUT010,214.4733462093145
FDY21,OUT049,2933.631023716048
NCI54,OUT013,1503.8901139778577
FDO24,OUT017,2295.8712428973486
FDY43,OUT035,2543.9338926994283
FDF35,OUT018,1281.7650155859112
NCP29,OUT019,166.0607167996354
FDN28,OUT027,2452.891994002322
FDJ50,OUT018,590.3095859948588
FDQ14,OUT027,3511.3483371079947
FDC37,OUT035,1476.6360760422408
FDN08,OUT046,1674.9679959206146
FDD04,OUT035,2007.8558956626068
FDW34,OUT018,2669.4718049305516
FDP04,OUT017,1024.500704927225
NCG07,OUT017,2846.610335324811
NCN14,OUT018,2481.6115054426664
FDJ16,OUT045,783.9009280348276
NCM42,OUT045,1513.6479292831934
NCF19,OUT046,681.2126631178153
FDY21,OUT018,2479.9685597323914
FDY19,OUT035,1739.5755094835229
FDV09,OUT045,2222.629676493622
FDA28,OUT013,1795.851956993742
FDC38,OUT018,1679.7719640445418
FDL28,OUT045,3380.0702632769917
NCH43,OUT049,3177.845663743748
NCN53,OUT045,525.7840077740116
NCW05,OUT017,1529.1142604814231
NCO30,OUT018,2485.5726315564993
FDT04,OUT019,63.38434762820915
FDB27,OUT018,2510.4799414119634
NCK07,OUT013,2422.8651254851025
NCA53,OUT013,654.3151877611335
FDB33,OUT018,2074.9222294568654
FDU37,OUT017,1192.3826693461049
FDR13,OUT035,1743.6661332337017
FDE45,OUT049,2661.565726694562
FDV37,OUT017,3054.49656047032
FDX44,OUT019,177.56174675468975
NCL06,OUT017,3592.4084419338283
FDJ28,OUT045,2732.791671852925
FDX55,OUT049,3269.67492365727
NCK17,OUT018,413.4310737424626
FDH52,OUT035,920.7986505713282
FDN13,OUT027,2446.0354279112416
FDK44,OUT018,2233.3871501135604
FDU16,OUT046,1194.1558848510672
FDZ07,OUT017,903.9669300783353
NCN06,OUT027,3910.4413152903153
FDH02,OUT010,215.82701131777023
NCW18,OUT045,3351.1711117849895
FDH57,OUT013,1806.4867270988327
FDV35,OUT045,2190.6113876099985
NCU29,OUT013,2186.661048712515
NCP02,OUT046,784.0783079887342
FDN44,OUT013,2328.875470702713
FDX03,OUT018,421.5719032214228
FDR11,OUT010,315.02270097864505
FDA36,OUT046,2697.277266761709
FDP58,OUT027,5019.3760480393685
FDH31,OUT045,1375.8660971463346
FDH34,OUT035,2919.2689846331905
FDS13,OUT035,3362.241386413633
FDT01,OUT018,2567.738451387851
FDY09,OUT049,2629.1472321793553
FDV33,OUT027,5508.7724901198135
NCW29,OUT010,246.35400527003276
NCN17,OUT045,1493.0668041539898
FDX01,OUT046,1718.6127902828555
FDL03,OUT049,2975.3101318882045
DRL59,OUT049,836.6118680707791
DRM11,OUT027,5313.393031913654
FDA43,OUT049,2924.447031446419
FDZ56,OUT010,347.06535278718343
FDI44,OUT018,901.7999172751223
FDB50,OUT013,1104.2389222967106
FDU15,OUT019,83.17209095240256
NCJ19,OUT019,151.16390311430507
FDD48,OUT013,1673.2979178446942
NCW42,OUT035,3490.527533908669
FDL24,OUT017,2724.610872135404
NCB30,OUT013,2749.6872916215457
FDK25,OUT013,2357.5406591400733
FDW28,OUT049,2895.8646070843292
FDD47,OUT017,2666.146422850226
FDK16,OUT019,223.94402077044228
FDW37,OUT046,1295.2544134882926
FDA48,OUT035,3416.4692664542654
FDA14,OUT017,2274.741803014091
FDV15,OUT013,1467.3015449356612
FDN22,OUT049,3838.656190328351
NCD55,OUT045,565.6080857475573
FDY43,OUT013,2417.889803664575
NCU05,OUT017,1137.1372077383423
FDF10,OUT035,2287.669221057366
FDR39,OUT018,2482.732548931887
FDG40,OUT013,433.9250047776383
FDZ28,OUT019,213.39873168830857
FDE02,OUT045,1359.176333593021
FDU60,OUT049,2518.493596957782
FDM21,OUT013,3728.9269211600154
FDV52,OUT019,222.22319488867188
NCW06,OUT013,2770.5611483422745
FDX36,OUT035,3461.521491481878
FDT35,OUT027,3961.720478480732
NCL19,OUT010,245.47973802806882
NCD31,OUT046,2382.6597237887054
FDE53,OUT019,221.9457229403887
FDW58,OUT019,229.78200381999656
DRF48,OUT046,2675.273166027585
FDW57,OUT035,2598.549397883823
DRH13,OUT017,1559.5657428266181
FDT33,OUT013,2423.742347564381
DRK47,OUT027,5028.121894095152
FDY22,OUT010,311.4311045456178
FDC35,OUT019,428.29429584715825
FDO03,OUT013,3527.652347020086
FDF24,OUT045,1174.2716781911874
FDF56,OUT018,2306.4320436882203
FDD28,OUT013,749.1152216082937
FDG53,OUT027,3273.2683452429255
FDO27,OUT019,279.66989952614426
NCF54,OUT018,2305.626794820999
FDC20,OUT027,1583.418953891325
FDU10,OUT046,589.5451331947016
DRA24,OUT018,2073.812351552685
FDA02,OUT010,289.8846820961635
FDG10,OUT017,817.0268514522861
FDW39,OUT010,381.14713923298797
FDP04,OUT019,148.7749577259696
NCM55,OUT013,2784.717456953307
FDG47,OUT045,3686.2026334131915
NCU41,OUT017,2907.1936982700568
NCK31,OUT017,753.0264258119446
FDZ46,OUT045,1480.026454531798
FDU13,OUT027,3623.634208145446
NCF19,OUT045,686.4688413830171
NCJ43,OUT013,2539.2186566960495
NCJ05,OUT045,2177.9424604401393
FDS04,OUT027,3077.8971315494414
FDX28,OUT010,214.97810401455135
FDB41,OUT027,1054.8069199468964
FDG53,OUT046,1951.731704236339
FDL15,OUT010,313.8260984958387
FDQ08,OUT049,951.3155130161981
DRN36,OUT013,1343.9291127985475
FDI46,OUT013,3617.311197698829
FDG16,OUT027,4974.88033232242
FDV32,OUT013,842.4676034904257
FDF44,OUT010,247.11582351466305
FDK04,OUT018,577.7025406959037
NCA41,OUT013,2791.9341149958404
FDD51,OUT017,612.6708312396371
NCZ53,OUT045,2700.566651645063
FDP01,OUT027,3459.393779800387
FDY25,OUT049,2881.747103167309
FDB17,OUT018,2289.6768412829288
NCV54,OUT018,1633.422388578609
FDJ32,OUT017,924.8363454760481
FDA37,OUT049,1802.1930664212641
FDG35,OUT035,2465.752143524629
NCM05,OUT018,3118.5271997727177
FDG45,OUT046,3042.45733012076
FDH28,OUT013,567.3932387667305
NCE18,OUT049,3984.4469283689164
FDH38,OUT045,1738.2621781395294
FDR56,OUT013,2782.256599022658
FDH17,OUT027,2313.9710944190997
FDD39,OUT049,3272.050151448425
FDB41,OUT049,713.7899322743131
NCR53,OUT046,2983.7001107535275
FDX46,OUT017,818.447682460537
FDV28,OUT049,519.9335847286271
FDA08,OUT018,2080.9534748184374
FDH45,OUT017,595.2267182087286
NCS38,OUT010,233.19624314700144
FDD40,OUT010,442.1486387545889
DRM59,OUT035,2334.4522546623953
NCJ43,OUT018,2264.5657343524226
NCN29,OUT013,659.2775527277784
NCC19,OUT045,2684.927167834101
FDR56,OUT035,3009.9449666501087
FDZ43,OUT049,3753.707479044495
FDJ32,OUT010,160.7325235691234
DRH03,OUT017,1326.6481753831915
NCZ54,OUT035,2454.7889273339574
FDE26,OUT017,2337.933237126503
FDS03,OUT045,944.8080783404902
DRZ24,OUT019,246.09269621316363
FDO48,OUT027,4899.471339191014
FDW39,OUT049,2600.7168968379124
NCK05,OUT049,896.0593494551241
NCK30,OUT017,3758.113519802329
FDT27,OUT018,2863.831644399398
FDS08,OUT019,374.76060913244703
NCJ19,OUT049,832.3451235905769
FDC58,OUT045,594.0219409673888
DRE37,OUT013,2758.6989918561785
FDW02,OUT035,1923.1956582817277
FDJ02,OUT010,308.16914911836824
FDX09,OUT045,2444.1576534304895
FDT31,OUT010,430.98854086259894
FDI24,OUT049,2701.777633563
FDY09,OUT045,2471.575899133289
FDV28,OUT045,507.3997474033099
DRM47,OUT049,2951.50081764226
FDT52,OUT019,508.0771408959692
FDI48,OUT018,541.7303222130671
FDY55,OUT017,3919.864512903131
FDU48,OUT013,1819.2295249094925
FDN25,OUT045,687.6267199938493
FDP20,OUT049,1868.3366646454292
FDJ15,OUT013,2820.721403493284
FDD04,OUT018,1754.447216664925
FDY58,OUT045,3375.2082022709687
FDR37,OUT018,2451.8401911062288
FDF44,OUT013,1779.0971920440293
FDD32,OUT045,1209.97422102677
FDR57,OUT017,2322.060690513195
DRG39,OUT027,1501.8207051663526
FDX15,OUT017,2378.946356563874
DRN37,OUT045,2305.3995632417577
FDW40,OUT027,3216.5321660201257
FDB32,OUT049,1327.7515896308435
FDM40,OUT018,1830.4798816174816
FDE39,OUT027,2871.3449510079477
DRH49,OUT017,1263.9576326662236
FDT46,OUT049,717.066509655318
NCF06,OUT035,3217.701767728996
FDP07,OUT017,2912.6515263584547
FDC04,OUT013,3547.99544093708
FDZ32,OUT017,1541.9260841728656
FDD50,OUT045,2462.619739868467
FDU56,OUT017,2935.837480130547
FDV34,OUT017,1064.2398918816982
NCY41,OUT013,542.9903618423969
NCK18,OUT046,2412.0523499575766
DRH25,OUT049,807.3089392857028
FDT57,OUT046,3378.942337162961
FDV56,OUT018,1295.7120951997847
FDV12,OUT045,1383.7156968825732
FDN52,OUT017,1212.2061114029211
FDX38,OUT035,706.5139365620782
FDE47,OUT018,1692.4774998403088
NCO07,OUT013,2975.1482216916083
FDV09,OUT027,3562.71637427718
FDZ23,OUT019,431.4278948307723
DRH51,OUT018,954.8616695141403
NCY54,OUT045,2415.0904486358954
DRG49,OUT013,3554.8503242769593
NCC19,OUT049,3048.4037565574445
NCV53,OUT045,3388.927564533943
FDZ47,OUT019,223.36233520258568
NCO26,OUT018,1587.5540421328476
NCP02,OUT045,890.9304721807168
NCW30,OUT018,2787.631611847782
NCN55,OUT046,3331.5662394135243
FDB20,OUT010,159.3694339835776
DRL11,OUT013,2290.8918776213436
DRD60,OUT045,2694.978903988992
FDW14,OUT010,188.54497040684743
FDL27,OUT010,161.305077729221
FDU09,OUT018,591.7002925494407
DRH36,OUT027,1792.308398384779
FDP34,OUT027,3650.1450800629796
FDE04,OUT017,2685.3423870012
FDZ57,OUT027,3109.556300001462
FDF02,OUT010,222.68610966484027
FDG28,OUT045,3288.6202220748646
NCI31,OUT046,507.4224829766052
FDT43,OUT013,711.645893541158
FDU20,OUT046,1777.3145815393273
FDD53,OUT013,572.9157371986245
FDW15,OUT045,2162.5476785745827
NCT53,OUT045,2244.0111294635963
NCG55,OUT027,2837.014891713777
FDD48,OUT035,1691.346737039717
FDG47,OUT049,3963.4789417497846
FDI21,OUT017,985.8777154697157
FDT27,OUT017,3578.3230645899284
DRO35,OUT013,1677.1077014240977
FDD33,OUT017,3634.1080118512236
FDC04,OUT035,3646.198228359728
FDY34,OUT013,2353.9915722487085
DRJ49,OUT049,1872.0946980860667
FDE05,OUT049,2190.4751772055465
FDU31,OUT017,3480.897671399821
NCN19,OUT027,4357.038569953354
FDK56,OUT027,5009.58105285112
FDK58,OUT017,1547.6905523377823
NCJ42,OUT035,1569.0806571178869
FDZ34,OUT027,4987.113273739688
FDA52,OUT018,2191.209941690791
NCR29,OUT013,727.4092735185875
FDT48,OUT035,3190.5941430015896
DRJ51,OUT019,525.2640965277242
NCS54,OUT046,2515.6359686711003
FDV01,OUT035,2322.9157329957116
DRG51,OUT027,3874.9498037903686
NCG42,OUT013,1839.369341307312
FDA51,OUT049,1711.2503384922954
FDV19,OUT010,328.0919206269401
NCT18,OUT045,2650.83962093714
NCS41,OUT045,2677.181469851598
FDO03,OUT046,3264.2452995769017
FDL12,OUT010,171.24630611042184
FDY37,OUT010,277.10416825261166
FDI58,OUT049,1340.7063666381528
FDT28,OUT018,1873.3125092657967
NCC42,OUT010,267.8718585922402
FDO01,OUT017,1804.7236672692948
FDJ02,OUT013,2201.1964198745923
FDQ04,OUT018,358.7348518118133
DRL47,OUT013,1798.918130800253
FDZ32,OUT035,1538.7469137216242
FDC35,OUT035,3189.6057533590697
FDX14,OUT045,1023.7134013586331
FDZ35,OUT013,1504.8793892176532
FDL14,OUT013,2181.717661859874
FDO04,OUT049,821.3594921558185
DRK11,OUT017,2299.510725889768
FDB44,OUT018,2598.4003333930223
FDZ50,OUT049,2947.0495160449777
FDI12,OUT027,2322.91324803513
FDU43,OUT017,3663.8196527791733
FDD58,OUT010,183.50459054325881
FDB27,OUT017,2856.646489072329
FDB04,OUT018,939.49778673568
NCO17,OUT013,1677.2667281800987
FDL12,OUT017,773.4334268922387
DRJ13,OUT049,2371.3782523084774
FDD57,OUT045,1360.5130813280243
FDW19,OUT035,1590.7355922832369
DRD27,OUT018,1314.5972596056886
FDH27,OUT027,3553.822246478136
NCW30,OUT027,5281.649181434914
FDR40,OUT018,816.1888078002387
FDG05,OUT013,2267.4524357220143
NCY41,OUT019,79.6913418441619
FDI38,OUT018,2624.4017031945987
FDR20,OUT046,597.4102488891662
FDE09,OUT017,1620.3193857606186
FDN50,OUT019,222.00707032057014
DRF27,OUT045,2206.8882659565957
DRF51,OUT013,526.5469777508486
NCO02,OUT019,163.7055079550582
FDB51,OUT027,1648.5475272629978
FDJ50,OUT013,738.164418627515
FDN52,OUT013,1144.5781037361592
FDX14,OUT013,1067.0795493499127
FDT27,OUT019,523.3422426295722
FDV10,OUT013,583.3120057000797
FDU33,OUT046,654.6334590046102
FDU58,OUT046,2673.2739376333257
NCP42,OUT027,5049.385574851162
FDL51,OUT027,5077.754361034842
DRH15,OUT027,1028.1017026429433
FDU16,OUT017,1233.4425107589145
FDW15,OUT017,2268.4985683600275
FDQ44,OUT045,1689.7083530752293
NCI06,OUT027,4429.7920621192425
DRK23,OUT019,477.4491218114179
FDC28,OUT035,1526.2074612396073
NCY17,OUT019,90.55567459196156
NCV05,OUT018,2039.5609577022665
FDM34,OUT019,257.7852527313454
DRD60,OUT027,4698.634010435889
FDT38,OUT046,1172.752159121334
FDQ57,OUT018,2004.5097368434094
FDE59,OUT027,845.044633208767
NCM43,OUT046,2372.1827915276413
DRI51,OUT049,2612.005098187669
NCG30,OUT017,1792.0382804259104
NCK54,OUT035,1769.2825406836437
FDQ16,OUT019,206.8137435060777
FDI36,OUT013,2781.3359710152713
FDX16,OUT027,3527.955690122614
FDA34,OUT046,2536.6803135630853
FDJ48,OUT018,2709.456373300338
FDU47,OUT035,1897.7396588934735
FDS39,OUT046,1971.3119013747666
FDD11,OUT046,3409.400898678048
FDM16,OUT027,1798.3400777264674
FDU56,OUT018,2550.6094765776097
FDQ32,OUT017,1846.8827308650393
DRK35,OUT013,582.9867344021513
FDA58,OUT049,3610.247847102074
DRG48,OUT019,285.2124837414133
FDT59,OUT010,533.0833810298977
FDQ31,OUT019,177.56174675468975
FDS51,OUT018,815.5898982654321
FDW32,OUT027,2351.3125497269216
FDI15,OUT027,6125.512749041187
NCV30,OUT017,898.7406369925811
DRG25,OUT049,2900.8992269874634
FDT02,OUT013,424.2159694198972
FDO33,OUT027,2827.8708448027714
FDP38,OUT035,718.8997037641401
FDZ45,OUT035,2919.3895968600145
NCA54,OUT027,4431.884267638196
FDU33,OUT017,715.0606606854105
FDN58,OUT017,3650.0037942462172
FDI05,OUT045,1033.5684352793685
FDM57,OUT019,181.04073919745662
NCS42,OUT027,2271.420809732795
FDB57,OUT045,3285.1432274096815
FDC03,OUT045,2689.149154351625
FDZ58,OUT013,1739.852571799336
NCK29,OUT045,1790.3377073864121
NCR53,OUT045,3025.772551827319
FDE26,OUT027,3647.226666365155
FDU52,OUT049,2227.5647557888396
FDE41,OUT027,2114.932895256401
FDU38,OUT018,2531.4716716514267
FDA52,OUT017,2543.241063688844
FDW46,OUT046,978.9691009793755
DRI59,OUT035,3504.5060052317835
FDT38,OUT035,1219.2270863786014
FDL33,OUT018,2533.976666540792
FDQ01,OUT027,5748.14861184361
FDJ08,OUT046,2688.2223707328226
FDQ47,OUT049,584.0913562482948
NCZ18,OUT013,3588.024285862299
FDE29,OUT017,888.9676236678538
FDF10,OUT027,3554.1880303395174
FDC48,OUT049,1282.7339806483847
FDY58,OUT013,3550.4855907538886
NCX30,OUT010,524.076590136123
FDV11,OUT013,2523.749304633681
FDT46,OUT046,676.0966639615742
DRD01,OUT019,151.86877484181394
FDQ11,OUT013,3773.0350407704695
NCM41,OUT017,1356.968721704691
NCC55,OUT013,486.4221237563536
FDG45,OUT027,5353.748227655655
NCQ54,OUT049,2602.7111609731637
FDM34,OUT045,1794.849610517628
FDD17,OUT019,518.8633447186899
FDN38,OUT027,5820.423078637847
FDB53,OUT018,1873.3125092657967
NCL06,OUT035,3592.4084419338283
NCV18,OUT019,218.74763042287262
FDX25,OUT013,2815.801338967393
FDB39,OUT046,756.6910471825477
FDC33,OUT049,2875.0971052202153
NCO14,OUT018,426.7583582163985
FDA58,OUT027,5399.646200757488
NCQ02,OUT017,2930.3287168588668
NCR53,OUT017,3374.3158888391504
FDN52,OUT046,1193.745184176666
FDG26,OUT046,3476.0765763274185
FDE23,OUT027,1175.8509194316207
DRI37,OUT013,805.0045119004731
DRH37,OUT018,2093.0449875723157
FDO01,OUT035,1792.2383295696075
FDK45,OUT049,1707.1253017466927
FDP23,OUT049,3314.829439852465
FDM33,OUT035,3435.7076226879954
FDD36,OUT017,1722.332942513421
FDL56,OUT017,1229.539671229551
FDT27,OUT010,530.629929999386
FDG52,OUT017,620.4453266369483
NCL42,OUT035,3622.896080997802
DRJ24,OUT046,2675.600140525496
FDV38,OUT046,738.190597831579
FDT35,OUT045,2424.478193544216
FDY51,OUT045,3078.408511544506
FDC37,OUT017,1476.6360760422408
NCP43,OUT013,2787.4679503770362
FDO33,OUT045,1555.8155095778866
FDW04,OUT018,1628.216833102362
NCC31,OUT046,2186.503217213902
FDK22,OUT049,3198.9024103742568
FDJ50,OUT017,848.8912502727463
FDV13,OUT017,1317.9605039446449
DRL60,OUT017,2296.0622667111397
FDW03,OUT017,1643.4386104431346
FDY27,OUT035,2528.153157104221
FDB39,OUT027,1501.8207051663526
FDU59,OUT045,2325.442073766012
FDZ57,OUT049,1836.552987580312
FDO21,OUT049,3169.919145585144
FDS43,OUT018,2389.5578885628183
FDU28,OUT010,411.7883990296699
FDC51,OUT010,235.50127986384317
FDW16,OUT010,212.8832476329741
FDP32,OUT010,233.38746583614272
FDB60,OUT019,423.0113470945141
NCQ30,OUT046,1742.0945615165347
FDD26,OUT049,2890.950178663209
FDI44,OUT045,1143.0502617902268
DRH23,OUT046,796.8383783463837
FDO44,OUT046,1500.127965141808
FDG04,OUT046,2700.320228955301
FDM32,OUT027,2418.4853013560023
FDM09,OUT013,2405.5187868481235
FDZ47,OUT013,1294.738444684884
FDM40,OUT027,3551.2252584351068
FDY48,OUT017,1459.9130226596728
NCM30,OUT045,559.6537059885752
FDX36,OUT010,484.591292496844
DRF03,OUT017,581.5208129394019
FDN51,OUT049,4099.398257753855
FDM57,OUT049,1234.4955680434134
FDB35,OUT049,1402.950806129775
FDY13,OUT027,2054.517107747454
FDA37,OUT017,1844.867296405445
NCX53,OUT017,2096.2777711836593
FDD59,OUT018,867.2112442098032
FDX10,OUT019,61.1111704856584
FDC03,OUT018,2558.009639667322
FDW43,OUT035,3660.22906821444
FDW10,OUT046,2169.1030891760865
FDY14,OUT027,5583.950277019181
FDV43,OUT045,675.1733863791204
FDO40,OUT013,2183.8342338985276
FDP46,OUT027,2250.6023814613723
NCE43,OUT019,338.0860063137629
FDD05,OUT035,1892.7072229763976
FDJ60,OUT010,345.746090921149
DRE27,OUT018,1192.4356380790803
FDO11,OUT035,3914.8403286177527
DRG11,OUT027,2436.6047747051034
FDK33,OUT010,479.1567645404912
DRM23,OUT045,2392.3384751160493
FDJ02,OUT027,3743.836940428414
NCZ05,OUT045,1448.848922034026
NCL30,OUT013,1803.6274340170098
FDZ19,OUT018,2248.679999443816
FDM45,OUT049,1793.9033653845186
FDO36,OUT046,2502.408151346363
NCK31,OUT045,697.7965496360548
DRJ37,OUT045,2157.319002800856
FDP24,OUT018,1564.461463646267
FDF46,OUT013,1640.3486108713828
FDX46,OUT019,118.03698318682454
NCL18,OUT045,2601.3767386039285
FDJ26,OUT013,3111.8374924916916
FDJ07,OUT045,1648.6987903670627
FDY15,OUT013,2171.370718679245
DRG01,OUT045,1054.8882340644006
FDF58,OUT045,986.3274484939874
FDZ14,OUT019,241.0940894714459
FDP31,OUT049,855.8994103979453
FDH45,OUT013,578.0896140945936
FDA09,OUT010,357.72286311676135
FDW31,OUT035,2895.690404771257
FDA57,OUT046,585.246058198204
NCE55,OUT035,2588.224554887389
FDC17,OUT019,486.4122038275815
FDC59,OUT013,920.4234557795154
FDA22,OUT013,2403.563550986256
FDK52,OUT035,3436.2032872467785
NCM26,OUT046,2186.102130275793
NCT53,OUT035,2493.5589195258985
FDW45,OUT018,1967.896495700683
NCI18,OUT035,3357.2738312571782
FDE38,OUT018,2136.877485690238
FDF08,OUT019,177.56174675468975
FDY58,OUT010,534.0817627951785
FDF58,OUT019,136.00335084399438
FDX39,OUT017,3494.112460629207
FDB44,OUT049,3172.157472359009
FDF28,OUT013,1805.6648199151166
FDE39,OUT013,1627.789166933781
FDT37,OUT018,3121.9996523650384
FDZ45,OUT017,3018.762790586952
FDO40,OUT035,2304.550882388706
FDM57,OUT027,2176.122848175074
DRG36,OUT017,2657.7254191527363
FDY36,OUT010,167.09533584810293
DRL60,OUT027,3572.474837624633
FDS25,OUT019,236.74643979481894
DRF49,OUT027,2592.6342167780494
FDP16,OUT045,3400.8334377228575
FDS60,OUT049,2138.5410928588913
FDU15,OUT027,924.4285803330757
FDK43,OUT046,1778.2412859500218
FDN25,OUT046,673.9945232101454
FDE53,OUT049,1531.4700654374392
FDB22,OUT013,2168.397830598686
FDE39,OUT017,1751.5243561047014
FDX35,OUT035,3566.1558132542555
NCG54,OUT049,2651.616618385784
FDH27,OUT035,2220.1980546616355
NCK42,OUT013,2918.604953367391
FDS25,OUT049,1556.8409791395968
FDI10,OUT018,2302.3289610411807
FDU35,OUT035,1563.2682914978982
FDI04,OUT017,3021.2224323670916
DRK23,OUT035,3865.2897883747987
FDB53,OUT019,286.76928337309545
FDY02,OUT049,3872.523927633907
FDM60,OUT035,576.724509491125
NCJ31,OUT010,627.5408101638725
DRP35,OUT017,1832.5716252508635
NCQ30,OUT018,1662.9777518952442
DRL11,OUT010,295.9119595773559
FDU01,OUT013,2908.0766789256486
FDR39,OUT035,2744.1062629659245
FDO08,OUT046,2308.8762204881978
FDC02,OUT045,3379.939979153234
NCZ29,OUT035,1864.2389046873227
FDF29,OUT010,231.23757890506266
FDZ23,OUT017,2885.8422866833907
NCU53,OUT018,2113.884824194316
NCW30,OUT013,3433.647053461734
NCM26,OUT027,3656.2472033933004
FDV50,OUT027,2855.3749768627904
FDW15,OUT049,2232.06065760859
FDI35,OUT027,4688.671408044703
FDO11,OUT017,4038.467430403152
FDN48,OUT046,1327.184069110859
NCA17,OUT049,2169.0673951303697
NCN54,OUT013,999.8938386011989
FDP22,OUT013,660.6012904984996
NCB54,OUT035,1775.5442172749827
FDD08,OUT045,538.9024600775717
DRM48,OUT010,76.53298116952456
FDG41,OUT027,2499.344909179603
FDE44,OUT027,1363.569026268855
FDE26,OUT035,2245.1276463044173
NCS38,OUT013,1649.0815725498921
NCJ54,OUT018,2754.718728219851
FDI40,OUT019,210.07900676756677
FDN45,OUT018,2620.9759209249396
FDU43,OUT046,3323.0980755343053
FDI04,OUT010,392.3758234328608
NCC07,OUT018,1291.1614054116562
NCC07,OUT019,225.7859050512263
NCD18,OUT045,3434.1472055056847
FDU55,OUT035,4099.07992784598
FDX59,OUT035,510.1233740896147
FDR52,OUT049,2952.6997087371246
NCP17,OUT013,872.0472800002385
FDQ32,OUT045,1776.615955906412
NCT17,OUT049,2925.3016066813534
FDO10,OUT049,832.2369231679447
FDE32,OUT049,500.33991115116055
FDN44,OUT045,2325.2701306237655
FDH02,OUT035,1271.0587079887741
FDK60,OUT013,1426.7718314875704
FDS24,OUT019,214.4332709527756
FDL03,OUT010,470.69462723298096
FDB46,OUT027,5115.236124076195
FDO48,OUT049,3563.150842055548
FDZ39,OUT049,1525.892362057186
FDT02,OUT027,820.574251356929
FDC50,OUT013,1365.6048576002804
FDP39,OUT035,764.8154438955976
DRG15,OUT018,682.8054090167857
FDP10,OUT018,1251.4472696134644
FDF53,OUT027,4622.420205145976
FDN34,OUT045,2417.2352058458964
FDK02,OUT045,1750.1492963217424
FDC23,OUT045,2499.5741039776262
FDJ10,OUT019,245.06891231583853
FDE53,OUT035,1545.1740452741622
FDR25,OUT035,4087.5016340110396
FDW50,OUT046,2301.663276092122
FDS09,OUT049,779.4397514994499
FDW49,OUT010,360.32903201454087
FDU51,OUT046,2456.22967365952
FDF28,OUT018,1704.7081447032542
NCY30,OUT018,2334.467672146686
FDD44,OUT045,3507.3396776144336
FDX09,OUT017,2615.4459179086025
NCF30,OUT013,1794.4298419716245
FDZ50,OUT019,434.80312647321705
FDW37,OUT013,1226.7824020187832
FDD11,OUT049,3925.4679405263296
DRH39,OUT018,760.1109958655977
FDA36,OUT049,2695.74091822104
NCG43,OUT049,1376.6621520911963
FDF02,OUT035,1563.8743276186776
FDP57,OUT027,2451.6416003815593
NCE42,OUT017,3002.803110427736
NCR38,OUT027,5353.156869966874
FDP03,OUT019,244.62910568950264
FDO51,OUT035,639.6610529680155
NCQ42,OUT046,1787.452778904475
NCM41,OUT046,1241.660765594781
FDH48,OUT027,2111.064980882343
DRF60,OUT046,3317.225760436728
FDJ27,OUT035,1521.2719774147129
FDQ14,OUT013,2120.712772035394
FDN27,OUT017,1565.6649732504509
NCQ02,OUT046,2713.8713080422103
FDJ33,OUT049,1845.8542521096297
FDP07,OUT027,5213.532436515941
DRE01,OUT049,3737.6776107564438
FDU36,OUT045,1342.9015940157403
FDL28,OUT017,3680.9397522040954
NCX53,OUT046,2005.6005289972927
FDZ39,OUT013,1455.7983207297793
NCP42,OUT013,2728.977385622212
FDJ14,OUT035,1231.4103878871788
FDK04,OUT049,817.2531460529298
NCC19,OUT017,2854.746017743493
FDS09,OUT018,570.6378174760791
FDZ02,OUT046,1382.4414435430501
FDD35,OUT018,1692.9098825614517
NCY42,OUT017,2237.404738328623
FDB05,OUT045,3260.86883420853
FDF20,OUT035,2959.8490949400875
NCO41,OUT018,1271.5343520454342
FDC40,OUT027,1938.2829751600912
FDV58,OUT045,2167.1835356442907
FDZ57,OUT045,1808.5257186520817
DRM35,OUT046,2470.9925051765445
DRN36,OUT018,1206.383785968407
FDQ13,OUT046,1196.195822902642
DRO35,OUT010,206.28827268888978
NCD43,OUT035,1543.4880320339985
FDA51,OUT018,1606.0670126896416
NCX17,OUT027,5230.532426986756
NCZ17,OUT049,610.3677119251211
FDR11,OUT027,3712.554086272572
FDW34,OUT049,3785.7487893223743
FDN50,OUT017,1391.2852927839963
FDS09,OUT046,687.2451840393996
FDS48,OUT018,1989.6726295829817
FDL44,OUT049,2465.366662314609
DRF48,OUT018,2404.408973250428
FDA14,OUT018,1935.048787581623
NCD30,OUT049,1470.6601521767484
FDI16,OUT017,761.6987576071284
NCG06,OUT035,3541.0617849596556
DRZ24,OUT035,1795.9000677855418
NCS17,OUT045,1339.801279401178
FDB37,OUT045,3438.0812908225535
FDE10,OUT035,1862.4072050719687
FDC57,OUT045,2702.501917959984
FDM12,OUT018,2511.2488746609165
FDE24,OUT049,1889.2115802660098
FDW22,OUT045,3164.148794587745
DRD01,OUT027,1404.1090929101322
NCZ18,OUT027,5595.1550245476565
FDN49,OUT045,534.2808565067479
FDR22,OUT035,1809.603317945528
FDV08,OUT019,90.6115166746745
FDY39,OUT046,2854.112139648957
FDV36,OUT049,1876.577567331869
FDO60,OUT045,672.0759223017396
FDU04,OUT027,2955.751595462299
FDR20,OUT027,1256.3602954065461
FDW19,OUT019,213.0789955830203
FDU40,OUT049,2221.5751172890764
FDK15,OUT045,1351.3745868421402
DRF15,OUT035,2205.650755000647
FDQ25,OUT017,2754.962806388582
FDI48,OUT019,148.95380163552673
FDS49,OUT046,1151.5182508736516
FDV22,OUT046,2323.6198342302314
NCV42,OUT046,1508.309489647226
FDX26,OUT046,2683.982498322302
FDI33,OUT018,1040.2622931322765
FDZ14,OUT049,1781.5509736929414
FDG10,OUT013,729.1418875237171
FDM38,OUT018,589.2404904087745
FDG26,OUT027,5699.124428064269
FDH46,OUT035,1547.324472752574
FDN13,OUT018,1084.2479927221568
FDU57,OUT035,2269.1657712821125
NCI06,OUT046,2548.1681913907155
FDM38,OUT045,797.5014686841342
NCG42,OUT010,239.16281522517113
FDL39,OUT045,2428.285461021118
FDT31,OUT019,431.3814312059102
FDV59,OUT013,3116.5124452412365
FDB49,OUT035,1590.4819698591004
FDD58,OUT049,1525.9676842931171
DRN59,OUT046,684.7677226639468
FDX48,OUT049,2270.2886944096235
FDQ11,OUT049,3690.1250321684884
FDY12,OUT049,823.0768260094458
FDQ11,OUT045,3489.9071412193603
DRI11,OUT017,1734.2177334279827
FDY32,OUT027,4072.8594347920484
FDS51,OUT045,877.3724543365935
FDR19,OUT010,313.10892212763696
DRB13,OUT018,2339.65176540837
FDS21,OUT035,924.4571827959719
FDQ40,OUT045,2484.276027342829
NCE55,OUT013,2500.168352822776
FDX43,OUT027,4040.970670532894
FDS12,OUT049,1875.0977411701408
DRK01,OUT027,2288.4889786622825
FDN25,OUT017,700.1503465250685
FDB60,OUT046,2806.1407970616674
FDQ13,OUT017,1274.4411453433302
DRK13,OUT045,2721.668113668094
DRF25,OUT018,391.43394147221323
NCD42,OUT019,86.48185172996199
FDW25,OUT045,1251.1304948373427
NCV29,OUT027,4419.729802315772
NCK42,OUT035,3145.0340533938497
DRJ13,OUT027,3590.409169696916
DRD15,OUT017,3544.5361368459694
FDM27,OUT045,2194.118718572286
FDZ50,OUT018,2535.1110509553446
FDC04,OUT046,3280.226833580639
FDF50,OUT049,2935.2825491725407
FDP15,OUT045,3349.7719459195678
FDK46,OUT035,3873.5692750551884
FDZ56,OUT018,2152.8158998509143
FDY60,OUT049,2170.831223298445
FDB10,OUT035,3683.80806229866
FDR57,OUT045,2233.1497422488496
FDU58,OUT049,2919.314341522637
FDH02,OUT046,1213.336609651883
FDP48,OUT013,2860.984973517449
FDI46,OUT035,3709.33484875132
FDW56,OUT013,2746.934927424887
NCM19,OUT010,231.4294359177558
FDS50,OUT027,5219.968480310408
FDK24,OUT013,591.7630272866094
FDO36,OUT017,2716.4806844923246
FDK45,OUT027,2768.6220707676403
NCL05,OUT045,604.7659904235887
FDL32,OUT018,1570.0137070014941
FDA28,OUT049,1879.0957653088724
FDY36,OUT018,832.6895103256871
FDP32,OUT018,1747.1778189687511
FDL50,OUT046,1827.9742729111179
DRC24,OUT049,2270.4781265949173
NCS18,OUT017,1552.1084658006207
FDD16,OUT017,1040.1215302779315
NCV18,OUT013,1147.7254075635103
FDX07,OUT046,2718.606275981037
NCZ05,OUT027,2453.059969001033
NCI31,OUT013,533.8583101195118
FDK14,OUT049,1239.6609993752973
NCR06,OUT045,563.1356682454723
NCF54,OUT049,2677.9338218220223
DRG23,OUT010,275.90875720499105
FDD53,OUT046,597.5834302759619
NCM31,OUT027,3143.2949483020598
FDT16,OUT017,4081.805105262172
FDR40,OUT035,1228.4903891312974
DRG25,OUT017,2955.5271738449924
FDT10,OUT035,913.0241788679564
FDY32,OUT013,2302.84823962458
FDN50,OUT035,1399.8068171107573
FDZ35,OUT019,229.3271921679546
NCP54,OUT045,1767.192347153607
NCD07,OUT035,1552.8995237780532
FDS02,OUT018,2577.3962359387133
DRN59,OUT018,578.1907892065311
DRB24,OUT013,2181.716805241749
FDP37,OUT027,3069.006014564812
DRB01,OUT018,2501.096680856011
FDR47,OUT046,2702.7991863626257
NCM31,OUT010,253.20169616483008
NCF06,OUT027,5245.015853986715
NCV17,OUT027,3089.15021723891
FDS10,OUT049,2642.0433929062488
FDN52,OUT035,1219.8017502218872
FDZ48,OUT013,1677.5739154222917
FDJ48,OUT049,4023.995404301052
DRB13,OUT027,4592.868664467246
FDV59,OUT017,3381.132667228852
FDL32,OUT035,1534.8393461454452
FDZ12,OUT035,2075.392376965041
NCR06,OUT027,762.8241086410064
FDP51,OUT017,1798.5509098302316
FDY22,OUT013,1964.7851327503981
FDZ38,OUT049,2795.0102493996064
NCO54,OUT035,819.6095846052004
FDR23,OUT035,2676.505179894245
FDM38,OUT049,802.3417237959145
FDS25,OUT013,1577.330724327485
FDZ22,OUT013,1155.0593639054318
FDZ20,OUT019,487.4133769551045
FDD45,OUT010,168.65749602355478
FDN03,OUT049,3903.5066498252627
NCW30,OUT046,3235.496879282616
FDY24,OUT027,1533.80751181219
FDJ26,OUT019,493.01836272552174
FDM15,OUT049,2250.7276010062224
NCW54,OUT027,1616.628097704404
FDA23,OUT045,1535.902506054342
FDA39,OUT019,88.77051483751795
FDZ12,OUT017,2285.0175757737707
NCB42,OUT046,1684.925886791546
FDL16,OUT046,711.3506679469062
FDO24,OUT019,324.598834766521
NCP42,OUT046,2672.1732938356436
FDR19,OUT018,1959.7967224004617
DRL01,OUT045,3331.5045986766654
FDV37,OUT046,2747.2652738181478
FDI41,OUT010,278.18194195421614
FDF58,OUT049,930.4991013295484
NCF43,OUT018,1778.59576132514
FDN02,OUT049,3293.320732887456
NCP41,OUT035,1580.1232779525662
NCY17,OUT027,1175.4269501944657
FDL58,OUT027,5890.006103508035
NCA30,OUT027,4638.344182775746
FDE46,OUT018,1946.0115052197575
FDY38,OUT035,3618.8040381997453
NCH29,OUT027,2344.2025318766773
FDO20,OUT045,3433.2019063002394
FDP44,OUT018,1286.9457555867677
FDM02,OUT027,2336.253019452172
FDJ14,OUT027,1947.8319734894344
FDH04,OUT010,214.24770870402355
DRK23,OUT046,3441.360321245091
NCW05,OUT046,1484.9640473688278
FDF12,OUT049,2264.9333485401703
FDL51,OUT019,481.741506725674
FDN03,OUT018,3247.650481285254
DRJ37,OUT049,2207.8828042385517
FDM12,OUT019,427.10530400549476
FDA16,OUT045,3241.564152597787
NCB07,OUT017,2918.559598954108
NCI17,OUT019,232.59078635983448
FDR51,OUT046,2121.023069048128
FDJ55,OUT045,3232.6570247999707
NCZ17,OUT013,580.4271536227818
FDU25,OUT013,819.4984255394254
NCG18,OUT045,1483.0103431041175
DRM11,OUT017,3812.675981205427
FDH16,OUT035,1344.0411267930385
FDZ04,OUT018,634.0334933835703
NCX53,OUT035,2040.473139795135
FDX38,OUT027,1166.5335962586094
FDX09,OUT046,2439.2930985075654
NCW05,OUT018,1277.019992343354
NCS41,OUT017,2878.004144094033
FDI26,OUT046,2526.3212063541446
NCZ41,OUT027,3121.482458005172
NCK06,OUT046,1799.2295474236894
FDX23,OUT027,2300.954823149586
NCA42,OUT046,2317.10262438381
FDC20,OUT049,844.721044455296
DRC49,OUT018,1895.1276354828385
FDX01,OUT013,1688.794118234025
FDC08,OUT045,3165.5133696767066
FDC02,OUT017,3766.7032582049083
FDK10,OUT045,2562.442651069326
DRC24,OUT013,2209.9930782315328
FDW16,OUT019,210.64977855566235
NCU06,OUT018,2660.590995927631
DRA59,OUT045,2686.5513758989878
FDR24,OUT019,224.68670592814055
DRL35,OUT018,409.8449378422479
FDA49,OUT013,1193.4579712566629
NCC55,OUT046,506.30456434124136
DRD24,OUT019,274.7244615195008
NCE55,OUT049,2708.143277440634
FDT33,OUT045,2402.278880844111
NCT53,OUT013,2317.9437902741224
FDS26,OUT046,3240.9969604747107
FDL22,OUT018,1034.12014630887
FDP44,OUT017,1543.3530021062898
FDC52,OUT018,1993.9947134744195
FDI53,OUT010,311.5345786692172
FDZ23,OUT046,2769.34855522977
NCT18,OUT013,2773.1314362735147
FDR13,OUT046,1671.886406740574
FDB09,OUT010,240.65097868786694
FDZ60,OUT013,1421.729995071178
FDB11,OUT046,3218.643153748713
FDC10,OUT018,1622.7770629727443
FDW56,OUT035,2897.3377811486703
FDK14,OUT027,2151.201406203615
DRE27,OUT027,2408.8522757431892
FDA38,OUT017,3709.056125338357
FDT11,OUT045,2711.6866016440686
FDP15,OUT035,3760.186957968717
FDV27,OUT035,1276.2336344186576
FDS36,OUT027,2446.930287273948
FDY40,OUT027,1191.5865631399076
NCF19,OUT049,762.0138503951554
FDF53,OUT045,2461.88472153762
FDS14,OUT027,3653.379247861693
FDE56,OUT046,951.1048973428319
FDZ19,OUT035,2598.54360911701
FDZ46,OUT013,1503.5077768832302
FDR16,OUT046,3008.350954446709
FDG29,OUT018,387.7788378255112
NCE30,OUT017,3202.5376377960256
FDZ40,OUT046,757.4998631153771
FDG58,OUT018,2018.7201522251958
DRH03,OUT013,1298.486718375174
FDZ47,OUT045,1305.048039864643
FDV04,OUT018,1993.1265973053678
FDZ10,OUT018,1767.1538087045608
FDG46,OUT017,1738.7921222930177
NCF07,OUT045,1397.8098839199151
FDY44,OUT035,2998.4613598782744
FDB21,OUT013,3525.5176453953077
FDS20,OUT035,2840.9030337908434
FDS49,OUT049,1211.854807258691
FDX55,OUT027,5289.755679417545
NCQ02,OUT018,2465.220059630329
FDR25,OUT013,4323.560203921375
DRG39,OUT045,778.6209697614951
FDB46,OUT046,3001.945672500625
NCC30,OUT018,2276.96704777607
FDE58,OUT035,1765.737323450142
FDC05,OUT019,458.1716866111583
FDY15,OUT046,2267.9683000794503
FDG14,OUT046,2201.434517397114
FDL08,OUT049,3747.2152724537636
FDQ47,OUT013,515.2517496402324
FDN12,OUT035,1493.3667498345599
FDW10,OUT013,2137.3962587916335
FDD02,OUT035,1767.5126861245305
FDX35,OUT010,526.9850594292295
FDT35,OUT046,2419.6527902127386
DRN47,OUT019,382.4111179821217
FDB11,OUT010,479.26213270193756
FDN20,OUT045,2452.790136654145
FDB59,OUT035,2923.1286622434704
FDJ58,OUT045,2497.263233110103
FDU60,OUT046,2453.238124972504
FDS03,OUT049,1077.9197275088738
FDU40,OUT019,372.4622513877615
DRH15,OUT049,725.8692132060229
FDD04,OUT027,3420.8827200308674
FDQ01,OUT046,3526.4548770585316
FDF28,OUT035,1888.9191505902434
FDD22,OUT010,244.3488818036746
FDY19,OUT046,1674.452871313832
FDN33,OUT035,1303.533669236646
FDV36,OUT035,1814.3710819945088
FDW01,OUT010,298.3980741028024
FDJ28,OUT049,2995.780041010602
FDB17,OUT035,2763.706823559546
FDM40,OUT049,1981.2096000281317
FDV46,OUT045,1820.7449904843293
FDQ44,OUT049,1717.6381843734152
NCD42,OUT046,538.0701999250168
DRH37,OUT046,2346.290011253091
FDR10,OUT018,2134.5824261028283
NCD06,OUT027,1217.9387741343514
FDI53,OUT046,2333.7120024511028
FDG16,OUT035,3263.4752171442697
DRB25,OUT046,1492.8016003350804
FDY09,OUT046,2519.038137264322
FDX48,OUT045,2211.000707209374
FDC03,OUT010,440.3115010177992
FDT47,OUT035,1568.9870096366428
FDW44,OUT027,4524.123372371957
FDT24,OUT017,1091.2492924737055
FDT12,OUT019,514.1079109974565
NCS38,OUT035,1712.299294889268
FDO39,OUT035,2923.731454216676
FDA13,OUT046,584.9345727521918
FDO48,OUT035,3588.2652366916122
DRJ01,OUT017,2323.2636391897304
FDD53,OUT018,371.23680301258804
NCT05,OUT049,4030.206781604123
FDQ51,OUT045,695.2428313911023
FDU60,OUT013,2455.1241688445252
FDC59,OUT046,884.4333248328816
FDP36,OUT035,733.4756282816802
NCM19,OUT017,1593.225690885707
FDL16,OUT035,637.6965322161843
FDE50,OUT018,2505.8370801151996
NCR18,OUT013,566.8954551873653
NCD30,OUT035,1417.686337388393
FDH31,OUT013,1488.5042893022014
FDD56,OUT019,378.61637586427764
FDC47,OUT049,3696.0939104285644
FDZ21,OUT045,1356.2713231199593
FDM01,OUT049,1429.5050522996876
FDF24,OUT013,1162.8435730445128
FDW23,OUT017,641.9375788370264
FDY52,OUT018,634.758886375622
DRH37,OUT027,3900.235631232452
DRO47,OUT027,2780.992436121785
FDR25,OUT049,4093.6100682460383
FDQ24,OUT027,5456.87518627582
DRJ51,OUT018,2905.6506892183843
NCU06,OUT035,3561.9913838109014
NCV18,OUT018,890.5733654616648
NCC06,OUT027,3160.1879950461826
FDZ01,OUT018,1295.721456291134
FDT14,OUT017,1764.2599519472974
FDD11,OUT019,506.4749403367397
FDN09,OUT017,3728.3362096234423
NCO18,OUT010,376.5479768758761
FDZ50,OUT045,2704.0539959980024
FDS44,OUT013,3537.2589722690227
FDI36,OUT045,2722.8711615346865
FDA26,OUT010,484.9129800519531
NCY53,OUT049,1606.3821215018706
FDF32,OUT049,2834.1874192250775
FDF59,OUT010,231.4155130977063
FDB20,OUT046,1093.9882130731726
DRH11,OUT035,819.2075872815553
FDT03,OUT049,1740.4368882824647
NCH06,OUT035,3382.935351955454
FDR55,OUT049,2923.622663557789
FDI10,OUT035,2674.0840284327423
FDZ12,OUT045,1986.7804254687583
FDM12,OUT049,2966.7893342656034
DRB25,OUT045,1492.8016003350804
NCS41,OUT013,2749.852596436828
NCT53,OUT049,2281.1535399709205
NCD55,OUT013,542.5932037343745
FDY08,OUT049,2005.3941808379227
NCP55,OUT049,828.4858440142168
FDA33,OUT013,2169.4753957546855
FDQ33,OUT013,2165.8406710768177
FDE45,OUT027,4648.754993760457
FDT26,OUT013,1699.1825648284967
NCV53,OUT049,3828.311422504066
FDK60,OUT027,2404.0540311279788
NCJ29,OUT046,1188.548005645044
FDI15,OUT045,3797.9297573206277
FDX21,OUT013,1485.4307711239067
FDV49,OUT019,526.7125014159209
DRO59,OUT046,1111.758865686
FDZ14,OUT045,1713.6050523265249
FDP32,OUT027,3238.1437431602394
FDC33,OUT017,2889.4628780457774
FDT14,OUT010,232.13416885560446
NCN54,OUT027,1962.7177514477034
FDR57,OUT027,3660.884562428705
DRK12,OUT046,448.80244371150377
FDX52,OUT049,2951.437314004579
FDX08,OUT010,382.6582241682791
FDP10,OUT010,222.91893304943665
NCP50,OUT045,1137.3873814510816
NCL06,OUT013,3543.4813370892293
FDP25,OUT013,3290.440474037709
FDE53,OUT013,1470.1542119192454
FDL27,OUT017,1068.903744118667
FDC35,OUT049,3180.860735940722
DRJ47,OUT010,354.4376390964896
FDD16,OUT018,745.743839575364
NCN42,OUT049,2390.837249202695
FDC38,OUT027,3126.02125348822
NCO07,OUT045,2829.2988642890045
FDQ20,OUT049,600.0298528235514
FDI32,OUT046,1676.3121838328436
FDN20,OUT010,342.89513167578974
DRJ51,OUT027,5394.690429318858
FDU08,OUT045,1352.3039565248037
DRN37,OUT019,342.46012626701287
FDD05,OUT010,237.81404218522187
FDW15,OUT046,2158.2433767656485
FDI52,OUT046,1754.1798888711778
DRM11,OUT049,3974.999503775476
NCO06,OUT045,363.6132872527811
FDU38,OUT049,2930.4776164244736
FDU59,OUT018,2063.2335782828122
FDJ10,OUT046,1843.5107542947549
FDM13,OUT049,1704.85806756817
NCJ30,OUT019,342.78668803828407
FDM45,OUT018,1667.6310792587192
FDP36,OUT045,710.5097504598066
NCD30,OUT010,215.03004230373415
FDN48,OUT017,1309.98377142173
FDY32,OUT049,2393.0048869208767
FDU47,OUT046,1985.3749522160533
FDF17,OUT019,433.45598035280307
FDP34,OUT017,2388.420975881586
FDA47,OUT049,2450.1118585399645
DRD27,OUT027,2305.5719440104617
FDW38,OUT045,827.314501693318
FDZ15,OUT019,236.75715279134803
FDZ03,OUT027,4591.183197456048
NCN19,OUT049,2810.3141987119507
FDG02,OUT035,2809.2136605530377
FDS31,OUT035,2914.901206047623
FDW43,OUT019,466.46565947111543
FDZ47,OUT010,195.525934767757
FDO57,OUT017,2143.3590078791385
NCL07,OUT013,565.0559867446927
NCV42,OUT013,1508.4383683370202
FDP40,OUT017,1660.8031004951918
FDP48,OUT019,435.0037655978821
FDH21,OUT017,2450.089309932883
NCP02,OUT049,909.8574931565095
FDK24,OUT049,730.5394798203222
FDC41,OUT045,1047.5886457806887
FDF08,OUT017,1266.0830437598447
FDO49,OUT017,724.6114574594271
FDS56,OUT027,6031.192945167573
FDX46,OUT018,673.6944550137564
FDQ07,OUT013,3180.6368056329907
FDC32,OUT010,177.34659577082402
FDT21,OUT019,514.1747394261201
FDG58,OUT045,2176.8603506987743
FDW14,OUT049,1241.2866428217276
DRA12,OUT027,3171.95282830973
FDV27,OUT013,1136.9694031153972
DRD25,OUT013,1548.9185619493542
DRF48,OUT027,4637.417678549874
FDX24,OUT017,1381.671163122505
DRJ51,OUT046,3220.4900003919556
FDE45,OUT045,2604.357312406226
FDE14,OUT046,1501.4016842291417
FDG53,OUT045,1828.0617766357002
FDT08,OUT046,2186.6501405163094
DRC27,OUT027,5480.087948461667
FDG20,OUT035,2543.241063688844
FDC21,OUT046,1480.7413661678574
FDV31,OUT018,2234.0302529749483
FDB58,OUT045,1981.5472404372324
FDV23,OUT046,1802.6318315885374
FDA25,OUT019,224.98808793576052
FDC15,OUT046,2267.5880208248027
FDU47,OUT049,1902.3672582642414
FDE23,OUT013,657.1925415196584
FDS08,OUT013,2484.598210049638
FDW03,OUT027,2495.7604197133182
FDJ60,OUT018,2091.309542783247
FDM34,OUT017,1842.3351793563518
FDW33,OUT013,1459.190196844207
FDZ40,OUT013,744.9845107076542
FDE33,OUT018,870.6310644236889
NCC06,OUT010,244.73752692997738
FDU11,OUT046,1680.301926848872
FDL44,OUT017,2484.0111732547693
NCZ29,OUT017,1864.2389046873227
FDG28,OUT010,519.8231050816469
FDL12,OUT018,668.3198278639732
FDD52,OUT017,1573.3546905076905
FDO15,OUT013,950.1808897787164
NCN29,OUT027,1160.0477577536417
FDW36,OUT013,1468.935937686646
FDB21,OUT046,3259.4449680869184
FDZ28,OUT013,1791.3519375245648
FDY10,OUT035,1752.7370796223324
DRG39,OUT017,779.8975120531871
FDN28,OUT013,1455.2099332137097
FDV15,OUT035,1525.0372081209448
DRI13,OUT035,3334.2403641708925
FDH20,OUT046,1366.1464330725994
FDY51,OUT013,3112.494780499915
FDE16,OUT013,3180.9111312369037
FDX40,OUT018,372.87906946223006
FDC48,OUT018,873.7539777735003
FDS14,OUT046,2101.941712886114
FDX56,OUT017,3571.200077558822
FDI10,OUT046,2493.9833848391713
FDI14,OUT013,1989.642952179093
DRM48,OUT013,559.722937183118
NCH07,OUT027,3678.1788663702337
FDY26,OUT013,2998.4493557051355
FDD02,OUT027,2808.2886785900537
FDM12,OUT046,2748.2638335879265
DRF01,OUT010,367.67327115550967
FDV36,OUT046,1823.9932603649768
DRI59,OUT013,3397.8018801710023
FDV03,OUT018,2019.190454011279
FDO39,OUT017,2938.5329996561964
NCB07,OUT018,2408.9088225859327
FDH38,OUT027,2892.743776612707
FDZ13,OUT035,708.9885872080129
NCZ30,OUT046,1738.6763532165642
NCA06,OUT035,433.80725710088615
FDB04,OUT049,1246.8800811811116
FDN50,OUT013,1291.0422681976418
NCG06,OUT049,3791.3628210820043
NCY17,OUT018,538.8486537325616
FDC23,OUT046,2525.223007419443
FDK33,OUT049,3065.9376135795706
FDR03,OUT049,3063.9195231314807
FDZ07,OUT045,918.7364177525054
FDO38,OUT013,1078.145004275215
FDS59,OUT046,1506.5526564363172
DRM11,OUT019,480.79644624609904
FDX52,OUT027,5087.0282128244635
DRJ35,OUT018,678.5471728627859
NCP53,OUT046,3354.1228302618642
FDW15,OUT019,320.2557005510797
DRI47,OUT045,2171.8836763779477
DRZ11,OUT035,1776.249426490279
FDS02,OUT013,2753.7907653910684
DRD49,OUT018,2798.4321068801128
FDW38,OUT049,797.5216378616767
FDR21,OUT019,380.81824574845706
FDE40,OUT013,878.1832154728457
FDI02,OUT045,1534.1168285605759
FDQ04,OUT045,601.7992786219902
FDY14,OUT017,4039.832583453345
NCT54,OUT046,1360.9392337731185
DRD25,OUT017,1580.279678540724
DRE01,OUT045,3297.0099415689747
FDJ12,OUT010,504.58784044224853
NCZ05,OUT049,1508.9967206254373
DRB25,OUT019,228.6875910403031
NCC31,OUT045,2292.3209779797203
FDM16,OUT045,1037.4850471105042
DRG11,OUT049,1531.4087908964489
FDV24,OUT027,3524.5749972566314
FDV43,OUT046,603.3992618742427
FDG05,OUT018,1940.455912317114
FDV23,OUT010,246.74008671501406
FDI58,OUT018,1020.9746310628828
FDQ11,OUT017,3716.5358072975528
FDC05,OUT027,5092.835401857167
FDF40,OUT013,3542.9253821887537
FDU02,OUT018,2819.600404340487
FDT32,OUT013,2764.2713593487533
NCF06,OUT017,3437.6803148284644
FDT46,OUT013,692.7886517624432
FDR58,OUT010,189.0115559989544
FDY04,OUT046,2352.4779478351315
FDT58,OUT045,2393.7556161368293
FDE46,OUT049,2249.316064367919
DRH11,OUT017,819.2075872815553
DRI51,OUT046,2465.798834321918
FDC35,OUT017,3134.836110014284
FDP45,OUT035,3892.301675739617
FDC45,OUT017,2530.792577225759
FDU01,OUT045,2836.7956710525073
FDJ53,OUT010,212.40290704285619
FDJ46,OUT017,2635.8203291039845
FDX07,OUT013,2784.352884517478
NCI30,OUT049,3765.7617664720274
FDE47,OUT027,3011.272020694439
FDV48,OUT045,1162.9258131796612
FDN16,OUT019,202.2154224701716
FDM52,OUT013,2283.3070362393873
FDA32,OUT027,5265.70984658553
FDH05,OUT017,3541.4332951418774
FDW25,OUT010,201.42189607802504
FDQ09,OUT046,1583.2366106172258
NCM17,OUT010,108.88978906180323
DRM59,OUT046,2241.928954374036
FDV47,OUT027,2066.1404904661517
DRE15,OUT035,1083.4649281361042
FDS25,OUT010,214.64841740646256
NCZ05,OUT018,1267.6754639006501
NCV05,OUT019,318.20861264951566
DRM37,OUT046,2732.619950138557
FDV58,OUT027,5035.774810444218
FDN22,OUT027,5541.48783352832
NCO06,OUT049,388.27938026710297
FDT56,OUT019,165.64655906140203
FDM02,OUT013,1167.0543503794704
FDA09,OUT046,2638.66183260081
NCC06,OUT035,1888.1054288804417
NCL54,OUT049,2731.7622895490263
NCB55,OUT017,886.2165993847184
FDB12,OUT017,1403.4223615074013
NCA54,OUT049,2869.4742716640862
NCS38,OUT049,1729.4698577817585
FDC02,OUT049,3434.2205785738233
FDK44,OUT019,347.2426604418768
FDE16,OUT035,3523.3385391750703
NCS05,OUT035,1984.6503811535656
FDZ59,OUT045,2491.475156333498
FDI20,OUT017,3388.870194611705
FDQ14,OUT046,2118.344047353392
FDF53,OUT017,2612.1604677017513
FDW25,OUT017,1322.161775361354
NCQ43,OUT010,224.05617883831002
FDX52,OUT013,2768.0056380536143
FDE28,OUT045,3223.2039990726585
FDN15,OUT017,1978.9201974071173
FDO28,OUT017,1724.8000361324348
FDQ33,OUT045,2167.73618882802
FDM22,OUT010,117.4234052150715
FDJ03,OUT017,721.975022891018
FDI16,OUT045,816.4572759803049
FDI09,OUT027,5186.4733885297555
FDX55,OUT013,3056.2703903094352
FDS23,OUT027,3158.1409962791367
DRC12,OUT045,2725.819343311807
FDH41,OUT049,3188.0625496526823
FDN01,OUT013,2311.8561069126285
FDV55,OUT045,2120.895930461283
NCJ19,OUT013,747.4234536727115
NCY29,OUT010,170.2015398055677
FDP03,OUT018,1697.1274667749458
FDZ52,OUT045,1482.010397678941
FDH31,OUT010,229.63335690521828
FDQ19,OUT018,2872.0396903941373
FDS15,OUT035,1539.9527023533524
FDN32,OUT017,2954.6382647514674
FDH32,OUT049,1428.6119012040606
FDF33,OUT017,1658.3160242298131
FDJ22,OUT046,2676.232722886086
FDG56,OUT010,161.36384505798142
FDC05,OUT046,2721.6312142833494
FDK09,OUT013,3441.082628316809
NCV29,OUT045,2499.0741679125676
NCC43,OUT019,524.5814134040535
NCA42,OUT049,2471.787114645443
FDC10,OUT046,1648.324758093035
FDC16,OUT013,1136.3489380960905
NCL17,OUT013,1919.4080558109702
FDA51,OUT035,1699.9947593509728
FDW01,OUT017,2340.445653256035
NCF30,OUT045,1804.1341695757762
FDN49,OUT013,508.9119146622141
FDY20,OUT045,1233.4171839225728
FDC15,OUT045,2179.5167400448595
FDY24,OUT046,832.3438687838935
NCG43,OUT017,1402.9414517244902
FDA48,OUT013,3386.020657125424
NCF55,OUT017,549.1008195444017
FDL38,OUT049,1312.3803845388156
NCQ29,OUT018,2912.4611803964335
FDC34,OUT017,2383.2627487974287
FDP36,OUT027,1283.920619782818
FDN50,OUT010,214.4515294427261
FDO23,OUT049,1454.6068726278486
FDT56,OUT013,766.8532688128623
FDT13,OUT027,4559.019980963998
FDZ03,OUT013,2746.829685794987
FDQ03,OUT010,530.0200093339848
FDU44,OUT045,2370.595183627199
FDD03,OUT049,3738.1137569642974
NCH30,OUT013,1558.0524176370254
FDS60,OUT010,360.6350712626206
FDG08,OUT046,2524.409877645586
FDX38,OUT017,713.2503189199581
FDD22,OUT017,1708.9840186690749
FDW51,OUT013,3110.5875464584014
FDL09,OUT017,2452.5031866002314
FDZ60,OUT045,1398.746112600612
NCH07,OUT046,2272.302034016346
NCQ41,OUT049,3006.9735088843945
FDW04,OUT049,1770.761215034537
FDI08,OUT027,5898.698516266006
FDR19,OUT019,346.4196567683635
FDV13,OUT046,1228.5533710596333
FDB52,OUT017,3714.6447611231924
FDZ48,OUT027,2506.106481518118
NCO14,OUT049,745.8408050296003
FDZ50,OUT013,2772.736246975641
FDN27,OUT019,238.96825511706925
FDQ60,OUT013,1784.6390729674984
FDR49,OUT017,704.1261607161229
DRJ35,OUT027,1658.0157682889144
DRI49,OUT017,1278.5593128654677
FDB47,OUT017,3496.2217326083237
FDP37,OUT010,247.3609722757567
FDR26,OUT049,2357.418191548446
FDY31,OUT019,309.1686224299337
FDC11,OUT045,1167.356630906135
DRP47,OUT035,3934.223796834288
NCY54,OUT018,2159.8568449023533
FDR27,OUT046,1834.667966378819
FDQ21,OUT019,252.35891181847748
NCQ29,OUT035,3658.4273088546965
FDJ02,OUT046,2219.59321719019
FDE21,OUT018,1627.772291678517
FDM39,OUT046,2413.8128393537886
FDZ01,OUT017,1606.014789579202
NCB19,OUT018,936.6182529927452
FDU03,OUT046,2663.964261494839
FDP27,OUT049,2978.0347940301444
DRF01,OUT045,2166.6021745649978
FDM03,OUT049,1529.1594320054317
FDV01,OUT046,2226.3234935513574
FDS16,OUT046,2256.6827265411707
FDO45,OUT035,1303.2465598060087
NCX06,OUT035,2833.927095023482
FDP13,OUT046,580.9324407868273
NCR38,OUT018,2856.2151541025232
FDA01,OUT013,751.6918177599345
FDT26,OUT017,1701.3599753299914
FDD44,OUT027,5600.634070618451
FDB26,OUT013,753.8895910844466
FDP45,OUT019,513.5115069824136
NCP55,OUT046,785.8895062116532
FDT23,OUT017,1158.610461577427
FDO51,OUT045,619.9737088063013
FDA44,OUT046,777.3885259960251
NCJ31,OUT018,2829.87604664705
FDX37,OUT045,1434.225301686491
NCD18,OUT049,3698.8792748120727
FDN40,OUT027,3616.6327159391694
FDL33,OUT017,2907.665547087603
DRF48,OUT035,2836.794902949884
FDW08,OUT035,1530.3899381711494
FDX39,OUT018,2556.854209265164
FDB38,OUT049,2350.277933484562
FDY46,OUT018,2508.1207054208617
NCB06,OUT049,2368.3415470067334
FDA34,OUT035,2758.4590153786594
FDA35,OUT045,1772.459860408449
FDQ07,OUT035,3454.5102966697214
FDU32,OUT045,1775.1938410364032
FDU26,OUT013,1723.2617708072062
FDU13,OUT010,401.1722029834247
FDO09,OUT035,3595.8329873460893
FDW03,OUT019,233.09155547698265
FDB38,OUT013,2350.5615262853153
FDL26,OUT010,301.8699860729641
NCN43,OUT045,1827.686330301977
FDH08,OUT045,3312.7560784634193
NCC31,OUT019,319.86631944050555
FDH14,OUT035,1964.0741180669336
FDL40,OUT017,1415.8645421728552
FDD20,OUT035,1877.5614316039832
NCV53,OUT035,3712.5385938718514
FDD16,OUT045,966.1584076136485
FDP24,OUT035,1646.9504114151891
FDQ25,OUT045,2578.521931766217
FDM38,OUT035,813.518859194209
NCT18,OUT010,377.04717768648266
FDM34,OUT049,1852.1213129498276
DRH37,OUT010,347.9832362678149
NCE07,OUT013,2033.6633776587744
FDG12,OUT013,1700.1308169789772
FDB59,OUT010,455.69862650594143
FDS10,OUT018,2232.0500528327952
FDN21,OUT010,339.4895804371521
FDM02,OUT045,1203.4147099326544
FDO44,OUT049,1616.4909517683159
NCN17,OUT017,1507.2106356294776
FDH16,OUT018,989.0799367494187
FDL44,OUT046,2341.6004761760705
FDY47,OUT017,1814.954157005485
DRI39,OUT046,773.577810536716
NCX54,OUT018,1296.948208400139
FDE59,OUT046,557.5765898619195
FDO46,OUT045,2603.769836644003
DRE13,OUT046,1197.4745432797963
FDW14,OUT013,1175.463824980457
FDF35,OUT046,1485.777550107967
FDO50,OUT019,227.6249212210044
DRF49,OUT017,1708.9791953618935
FDT60,OUT049,1874.9473575302984
FDP38,OUT045,671.895288717209
FDA31,OUT027,4434.299005693597
FDY52,OUT010,146.93350273189913
FDD03,OUT027,5329.162937403182
FDN52,OUT018,892.8192411755975
FDU20,OUT010,231.94144537818607
FDD22,OUT035,1547.588061454182
NCB55,OUT019,156.6183821815543
FDN27,OUT045,1490.4300047403017
FDD16,OUT013,1014.6436441157808
FDW48,OUT046,1085.8989965326114
DRN35,OUT045,516.6170960886639
FDX25,OUT049,2888.4744146848643
DRD49,OUT049,3673.812964842082
FDE21,OUT019,226.24259709568636
FDN44,OUT035,2475.143328473346
DRC01,OUT049,718.9523318050854
NCK30,OUT046,3424.497686890406
FDU39,OUT013,747.8381736270511
FDB49,OUT013,1345.0756802993324
FDS12,OUT045,1836.2158208710914
FDR57,OUT018,2046.5276799703875
FDX22,OUT027,5326.674812656185
FDC60,OUT013,1279.2071501299488
NCE42,OUT049,2878.9922055060483
NCK42,OUT049,3163.93724061549
DRE01,OUT017,3557.8628663735635
FDE57,OUT018,1791.4380629885688
DRK59,OUT019,486.45769275105306
FDB10,OUT027,5493.90780182286
FDQ25,OUT046,2526.148438387234
FDY26,OUT017,3332.4341920269635
FDG28,OUT049,3786.9984290701705
FDM14,OUT049,1559.344481586534
NCH29,OUT049,1476.870527477904
FDD48,OUT049,1728.3610529815246
FDC17,OUT045,3248.2993535406927
DRH49,OUT027,2097.2418555596155
FDN44,OUT018,2106.7725374204606
FDC29,OUT045,1697.4826786563642
DRK01,OUT019,212.70776147864115
FDD48,OUT017,1691.346737039717
FDB59,OUT013,2703.0843888058935
FDY45,OUT010,517.7554531357505
FDX60,OUT035,1102.9037678742502
FDT09,OUT010,263.1889777046003
DRB24,OUT018,1983.182087552217
FDL13,OUT035,3573.9273894277535
FDN16,OUT035,1543.3530021062898
FDK57,OUT013,1720.838926087012
FDO22,OUT027,1860.2423711214938
FDC57,OUT010,421.83505431527817
FDZ13,OUT027,1279.0382641701353
FDW27,OUT013,2212.9110226735866
FDX10,OUT049,531.6829418502708
FDY08,OUT018,1746.3877326120942
FDA49,OUT017,1286.2073805403156
FDC32,OUT018,1194.4008503738683
FDO04,OUT035,826.4245734077484
NCZ54,OUT013,2287.624203634998
FDY40,OUT045,686.3665713674698
FDW36,OUT045,1491.6642684135272
FDE11,OUT017,2828.98312162946
DRE37,OUT045,2680.442926731071
NCK19,OUT017,2897.345956437277
FDT19,OUT035,2653.06848432368
FDE56,OUT045,907.8167645754207
FDZ57,OUT010,245.84645308112957
FDB35,OUT035,1381.405183158774
FDF09,OUT010,75.64004868727169
FDO34,OUT046,2431.496473594721
FDA55,OUT046,3177.5827483863245
NCM18,OUT035,915.3422026866855
FDJ20,OUT019,246.10288837406364
DRQ35,OUT019,210.5330422719553
FDG02,OUT013,2648.632073201698
NCU29,OUT018,1981.750768105114
FDL27,OUT027,1548.0311336900672
NCA54,OUT035,2745.0893419916542
FDJ32,OUT035,907.8235238930145
FDB21,OUT019,513.5602149417265
FDR46,OUT035,2346.249078847335
FDZ32,OUT046,1470.2931540542736
DRF36,OUT017,2946.1152843017976
NCU54,OUT017,3283.593172393679
NCI31,OUT017,501.40053422508487
DRA59,OUT035,2829.2712248411
NCC55,OUT045,495.86711207974736
FDE44,OUT018,570.1173524173076
NCN26,OUT018,1620.0783141583788
FDC11,OUT049,1226.3440942978395
FDV24,OUT035,2273.8380164560745
FDR40,OUT019,185.020042442302
NCQ17,OUT049,2359.743934713825
FDC46,OUT045,2705.723592993941
NCM18,OUT046,905.2282978191784
FDK16,OUT046,1350.2762370018258
FDI28,OUT017,1178.749026187827
FDS11,OUT018,2703.77691820567
DRD13,OUT046,978.4494453997887
FDL36,OUT035,1234.7420218083982
FDI27,OUT013,635.5136694012626
FDJ53,OUT019,199.23743935722217
FDS44,OUT045,3400.8714275688685
FDE28,OUT046,3204.90421699315
FDQ33,OUT018,1951.1673912806511
FDB37,OUT017,3657.467909612478
FDQ31,OUT045,1240.2667532059374
NCQ05,OUT046,2218.9716325514637
FDE10,OUT013,1783.4241368332928
FDF38,OUT017,578.8067454551563
FDE50,OUT019,463.88577919550454
DRG37,OUT010,323.2325822844289
NCH06,OUT049,3920.3861623678604
FDY14,OUT045,3743.9703405713444
FDO27,OUT017,1409.572602206534
FDQ19,OUT049,3623.6807496052616
FDZ26,OUT019,543.4480001187916
FDN51,OUT013,3913.571820909814
FDK20,OUT035,1821.0903365825181
FDD40,OUT018,2592.3908802480264
DRI25,OUT018,589.678353063041
FDH56,OUT017,1712.2347238484067
FDI36,OUT027,4866.604690721251
DRH11,OUT018,614.7881710974013
NCV18,OUT017,1243.1887366116405
DRI01,OUT049,2634.8476484810517
DRE48,OUT049,2846.503198607007
FDS51,OUT035,901.1543579568237
FDM38,OUT017,736.1005165242218
FDB60,OUT027,4947.498603665991
FDY58,OUT035,3682.4708662300386
FDY22,OUT045,2059.3485879207474
FDF11,OUT027,5433.728952324331
FDZ51,OUT035,1385.0719277322187
FDQ45,OUT017,2871.01453158802
FDF17,OUT035,2963.9891863508906
NCF31,OUT027,3556.0294700937757
FDA37,OUT013,1747.4507069569318
FDO51,OUT046,624.4126695599733
FDF34,OUT013,2633.962955341061
FDD57,OUT018,1237.080353563577
FDO37,OUT046,3235.670817629255
FDR49,OUT049,731.8842543606988
FDS39,OUT049,2051.3693649145353
FDI48,OUT027,1281.1806340426492
DRM35,OUT049,2619.5811034753947
FDV57,OUT035,2859.2708061727185
FDZ55,OUT013,2377.4746382674175
FDI28,OUT035,1184.8528048377493
FDS21,OUT045,936.823471776668
FDT34,OUT013,1454.0583641725682
DRI25,OUT035,804.058888169644
FDT47,OUT010,221.2046792740346
DRH39,OUT045,949.2291572573363
NCD54,OUT045,1892.2355945890988
FDU16,OUT027,2135.6550537334515
NCW29,OUT045,1822.1758777291682
FDV25,OUT027,5473.806065532421
FDM56,OUT035,1548.0563973935964
FDZ04,OUT027,1749.5423718759307
FDG59,OUT019,80.62410652455767
FDI56,OUT045,1239.2054577876438
FDS33,OUT035,1200.3082452596595
FDC23,OUT049,2642.5125569026823
FDT11,OUT049,2808.108429894946
FDG17,OUT045,3412.3614810266135
FDZ44,OUT045,1660.997089716859
FDJ52,OUT013,2277.0066262330038
DRI23,OUT046,2254.99732455597
DRE15,OUT010,171.15128106700195
NCF07,OUT013,1446.5627637827338
NCR29,OUT049,818.6822223340495
FDE44,OUT019,121.49448594109082
FDT23,OUT035,1158.610461577427
NCG06,OUT017,3541.0617849596556
NCU41,OUT010,455.2956423134618
FDH46,OUT017,1547.324472752574
FDV31,OUT013,2509.7243236455697
NCT41,OUT027,3695.515447251872
FDE22,OUT027,3676.621050685431
FDC26,OUT045,1488.6359932057535
DRF51,OUT017,585.8664023727467
NCY53,OUT019,232.3376806044903
FDY21,OUT017,2874.766022218064
FDL27,OUT013,904.060311348379
FDZ34,OUT049,2925.8653168457586
NCF43,OUT010,277.9991166040117
FDC21,OUT035,1546.020696267463
FDL26,OUT013,2228.573587373098
FDT25,OUT010,235.595400498971
NCR30,OUT046,976.2284772787816
DRL23,OUT019,195.95244167581262
NCR05,OUT049,2840.0689162195285
NCE19,OUT018,611.7329773768314
FDY07,OUT035,617.4831298102379
FDB10,OUT017,3608.8500060009887
FDP57,OUT013,1474.04532974504
FDU48,OUT019,254.4457441885966
FDH48,OUT035,1173.072509374093
FDO33,OUT035,1725.2966962124012
NCU29,OUT045,2170.214100504551
FDW35,OUT046,573.5404195797698
FDH05,OUT010,530.247415314559
FDP26,OUT049,1512.0985668227754
DRG27,OUT035,625.4681697219366
FDQ33,OUT046,2163.421564660909
FDH20,OUT010,169.18419232283907
FDV14,OUT046,1197.4921739731087
DRD01,OUT046,787.9514487738728
NCI17,OUT049,1419.5271547171187
FDF39,OUT010,532.9416959729234
FDX37,OUT046,1523.7881186393379
NCX17,OUT035,3086.735806841629
FDN03,OUT013,3670.5764292527574
NCS41,OUT010,447.94388019083067
FDH34,OUT045,2701.7603445092236
NCX53,OUT018,1806.7741576322835
FDY31,OUT046,2157.93541291581
FDD20,OUT017,1921.3628694863646
FDE51,OUT045,701.9468767514368
FDV27,OUT046,1207.623953022953
FDF16,OUT035,2260.4674702809625
FDZ02,OUT049,1390.057734064414
NCK05,OUT045,898.2914580893084
FDM12,OUT027,4356.853046810014
NCA05,OUT018,1861.1892206235598
FDX33,OUT045,2272.052238652643
FDM25,OUT049,2609.157069722388
FDE41,OUT018,901.0853535846536
FDW14,OUT045,1167.409249015036
NCD30,OUT046,1358.576174606363
FDB23,OUT010,457.78488054182134
FDF45,OUT046,885.5868829109389
FDW20,OUT017,1799.6487289195918
FDF47,OUT045,2636.882748699849
NCR05,OUT019,474.55825696016296
DRB01,OUT046,2659.2586212464034
FDE36,OUT013,2563.907617324524
FDU56,OUT049,2928.7735802160714
FDB23,OUT049,3281.850425407537
FDN48,OUT049,1306.4622454052133
FDS43,OUT013,2750.1356843478547
NCN05,OUT013,2671.3909789289623
NCL53,OUT049,2628.8186513968685
FDL56,OUT046,1192.4346752185309
FDH17,OUT018,1210.714325699528
FDP37,OUT046,1711.4250151110894
FDG09,OUT019,425.0104717595092
FDA55,OUT045,3258.9275448618987
FDX31,OUT049,3658.493528326537
FDJ41,OUT045,3671.7514537814777
DRC24,OUT045,2221.2957321349672
FDQ21,OUT035,1798.9201487240377
NCT54,OUT045,1346.8907525063232
FDH08,OUT049,3544.5710752999785
FDY38,OUT018,2842.3842527293637
DRM11,OUT010,471.4134742834427
FDG32,OUT049,3348.9973300924244
NCH18,OUT046,3201.888553009762
FDI20,OUT035,3567.2660185526156
FDA33,OUT018,1964.0510159249218
FDN45,OUT013,3196.5507492210304
FDT45,OUT010,116.55893475591954
FDR32,OUT035,3543.3814559039856
FDA48,OUT017,3416.4692664542654
FDN23,OUT017,2304.032372394846
NCR18,OUT035,599.4401528648392
FDD45,OUT046,1336.3377451579613
FDI22,OUT018,2474.9790294219565
FDT09,OUT013,1822.9743984737424
DRC24,OUT027,3667.2309332527047
FDT39,OUT046,2144.250864603673
FDX28,OUT045,1327.5424136726085
FDA50,OUT018,1238.4676636012946
FDT33,OUT027,3994.06625579079
FDQ60,OUT049,1732.717340847336
NCM19,OUT018,1354.8879647967733
FDF40,OUT046,3478.332323543889
NCI30,OUT035,3488.0109187977755
FDK34,OUT049,3822.3314349601474
FDA38,OUT027,5379.059667680869
FDT02,OUT045,552.225583547403
FDC11,OUT017,1201.3839286443415
FDD08,OUT046,608.1888436886197
NCS29,OUT046,3305.3630111431776
DRI03,OUT010,379.63871731647214
FDK48,OUT035,1101.5926395718604
FDM52,OUT049,2274.442759866344
FDP49,OUT035,750.9220060317291
DRA24,OUT046,2342.505711890497
NCJ43,OUT049,2808.5504126912433
FDE11,OUT045,2642.57413311758
FDP01,OUT049,1979.4366659093014
FDQ59,OUT018,937.0855957257261
FDA43,OUT019,426.0349239652648
FDL14,OUT017,2354.0558224977954
FDV50,OUT010,219.08656337434252
FDT01,OUT027,5453.944561391714
NCC42,OUT035,1922.1538420958098
FDO28,OUT046,1668.921612905969
FDD32,OUT019,163.25030846358243
FDV45,OUT035,2964.8221211536606
NCW17,OUT019,264.30079986496776
NCJ17,OUT027,2150.984880970358
NCF18,OUT049,2998.1318899704547
FDP01,OUT045,2006.2199949265485
FDH24,OUT045,2136.477522287883
FDI38,OUT027,5280.982109315988
FDX03,OUT035,628.80428834184
FDY28,OUT046,3044.2980084270944
FDN34,OUT018,2296.827651279653
FDJ02,OUT045,2253.55157232295
FDW40,OUT019,248.6939529487817
FDX03,OUT017,618.4621010291141
FDE17,OUT027,3551.00505754955
FDT58,OUT046,2388.9913342896707
FDI38,OUT013,3164.7971005859467
FDW22,OUT035,3533.405828668624
FDS15,OUT027,2510.5195395167784
NCX06,OUT013,2771.2867005700996
DRK47,OUT035,3656.6870263998458
FDC23,OUT027,4255.761273831664
FDM56,OUT010,196.45352469780235
FDP21,OUT046,2700.969970119735
FDP58,OUT046,3061.317891462084
FDA27,OUT019,539.2473329675098
FDK41,OUT019,207.68666756107902
NCH42,OUT046,3282.5478687767354
FDG29,OUT045,583.7510227539025
FDW15,OUT018,1947.2554293813084
FDD28,OUT018,633.7170240824614
FDQ37,OUT049,2657.756132377881
FDC23,OUT035,2685.657258864869
FDV13,OUT035,1326.0332416792558
FDK33,OUT046,3097.4121865378947
FDO33,OUT013,1663.2873685683228
FDN21,OUT017,2382.016376938366
NCW06,OUT027,4906.720443956248
FDI38,OUT035,3491.6860317898613
FDC21,OUT027,2567.7707057580083
NCS05,OUT046,1869.6755410413855
NCN53,OUT049,582.0695320538186
FDV40,OUT010,165.3362976195287
FDG60,OUT017,3437.0365423777803
NCY30,OUT027,4714.523514477356
FDM40,OUT045,1937.6040400820118
NCO30,OUT046,2678.941832406069
FDK10,OUT046,2625.588091380414
FDM36,OUT045,2522.0822887743843
FDN10,OUT013,1671.8844241143627
FDM46,OUT018,1090.1624473134289
FDX50,OUT049,1520.8242979812364
FDP33,OUT045,3313.9138937829744
FDO12,OUT045,2780.086212834249
FDC28,OUT013,1478.664409572937
FDO31,OUT045,1130.0516828584023
FDX45,OUT035,2286.7910922507117
FDV21,OUT049,1842.0171186246816
FDH04,OUT049,1244.4704762976767
NCG54,OUT013,2446.590103766652
FDO13,OUT046,2094.3610885235867
FDA09,OUT027,4419.677702186144
FDC38,OUT017,1874.6205292981656
NCO42,OUT046,1962.7428732898254
FDL45,OUT049,1828.142736754279
NCK31,OUT013,700.8417601623399
FDM39,OUT017,2646.6055306948247
FDC22,OUT010,358.8246843318375
FDF46,OUT046,1651.0566115807567
FDQ37,OUT045,2552.936281629445
FDH41,OUT010,486.59992459767705
FDQ04,OUT046,604.1311759341767
NCQ02,OUT027,4464.505694948244
FDJ57,OUT027,4516.559021699391
NCE07,OUT049,2064.4211510150412
FDE56,OUT013,831.6700768683478
FDI20,OUT049,3381.648757000281
FDK36,OUT018,576.6947387989715
FDP08,OUT027,5243.707143227305
FDF44,OUT017,1859.991337224534
NCU53,OUT017,2550.4059442007656
FDF47,OUT035,3014.630018217024
FDS55,OUT010,296.87786962307234
FDZ52,OUT010,217.1290791390632
FDL04,OUT018,1227.908432832371
NCM26,OUT035,2305.3604827518957
FDX43,OUT049,2352.7008927700917
FDP52,OUT049,3707.609392917295
DRK49,OUT045,609.5106024776926
FDE38,OUT013,2333.3722667556117
DRF13,OUT035,2351.634424042931
FDK41,OUT010,210.05121420232268
FDJ04,OUT027,2837.8149164249744
FDZ44,OUT018,1623.221222119696
FDS11,OUT013,3353.154878668149
FDA55,OUT049,3569.8746787542627
NCW53,OUT046,2700.6018950953116
FDB49,OUT027,2244.057687786061
FDD23,OUT017,2895.7567647392057
NCV42,OUT045,1518.2857992921834
NCZ29,OUT018,1744.8194421180697
FDQ26,OUT013,745.5657732410798
FDV08,OUT017,629.2093651334435
FDC53,OUT049,1328.8017479851055
FDV58,OUT010,368.62380466981926
NCP02,OUT019,163.68170093596075
DRI37,OUT045,794.1176880756707
FDQ12,OUT049,3808.9376950886626
FDE33,OUT046,1127.3203882684745
FDX27,OUT045,1250.3828054184028
FDM22,OUT017,766.0410292928931
NCH30,OUT019,231.95731770365748
FDC04,OUT017,3646.198228359728
FDO38,OUT046,1147.7422299612872
FDV52,OUT027,2859.8892638986263
FDB32,OUT013,1294.8650881872054
FDV43,OUT018,572.516604139188
FDI24,OUT018,2257.438724520204
FDR40,OUT017,1218.1727897360788
FDW02,OUT049,1927.1367372376612
FDE44,OUT049,745.1850813301846
FDL38,OUT046,1275.9881827504792
NCT54,OUT010,211.24969239953023
DRJ39,OUT010,502.24280984152733
FDW55,OUT049,4065.968053441332
DRF13,OUT019,289.9055656404511
NCW17,OUT049,1916.163078332113
FDP13,OUT035,576.310364024707
FDS08,OUT018,2180.5186369355038
NCP17,OUT035,921.1591316155906
NCO53,OUT035,2692.8625584786196
FDH19,OUT045,2452.3736692024863
FDJ04,OUT017,1714.6963904061458
FDG10,OUT049,809.5879593727973
FDA40,OUT010,211.6658907509177
FDI53,OUT045,2338.366088786912
FDU09,OUT010,115.74666249825476
FDK60,OUT045,1383.7156968825732
FDR43,OUT017,514.9117959466766
FDW22,OUT017,3452.2033197197347
DRP47,OUT010,458.95209591070716
DRG48,OUT010,318.94867172634076
FDA14,OUT035,2337.6164265627626
FDU49,OUT013,1163.4378768938877
FDK28,OUT045,3639.857249678386
FDT19,OUT046,2471.0018263286174
NCQ42,OUT045,1727.3101410055851
FDD03,OUT045,3230.4926817458536
NCM53,OUT013,1461.86326876973
NCX53,OUT045,1990.9816559569863
FDV14,OUT027,2137.6436990351986
NCZ54,OUT017,2454.7889273339574
FDB39,OUT013,726.9953805431776
DRC24,OUT046,2214.0658680479546
FDY36,OUT013,1003.6025008624924
FDN01,OUT035,2521.6814842776025
DRH25,OUT046,764.5118738228487
FDV08,OUT046,617.4735416761999
NCP53,OUT049,3842.4194030106037
FDU52,OUT010,301.94219625820205
NCI42,OUT045,2926.9762992227506
FDZ14,OUT035,1803.9566801850779
FDF11,OUT046,3240.0801341758543
FDQ13,OUT018,949.6467238616092
FDO32,OUT010,100.60982591652677
DRJ37,OUT018,1962.0046710261993
FDY43,OUT046,2407.1222449970037
NCT41,OUT017,2239.626981645231
NCV17,OUT045,1832.2123540462148
FDM04,OUT027,1398.830991078168
DRB48,OUT018,384.31309288099186
FDM24,OUT013,2234.3830106255423
FDT37,OUT049,4027.440532075419
NCO05,OUT010,214.23967469441317
FDL13,OUT046,3160.3104650998976
FDL15,OUT017,2298.4580339647023
FDB11,OUT018,2781.1217487752374
FDL14,OUT019,323.0134156292728
FDY10,OUT019,235.39712279588048
FDJ40,OUT049,1564.2739982520163
NCW18,OUT046,3290.549477439281
NCY06,OUT013,1792.6868560685073
DRE13,OUT018,941.1600377399964
FDA26,OUT045,3062.412945262963
NCE19,OUT010,149.0362854050282
FDE33,OUT035,1155.8089380033434
DRL59,OUT027,1431.831302385931
FDY07,OUT046,676.0748989300132
FDF57,OUT018,2248.1908463785153
FDM58,OUT035,1566.8265360527841
FDP26,OUT027,2418.099839694599
FDY32,OUT046,2292.5927823301813
FDD51,OUT010,85.00118220475309
FDU22,OUT018,1654.3528163190335
FDZ49,OUT018,2631.53166941346
NCI42,OUT017,3282.0991901078614
FDT04,OUT027,838.5294716225349
NCU41,OUT045,2652.1302993591057
FDS56,OUT045,3275.972888760884
NCN42,OUT017,2320.200486420033
FDK34,OUT046,3354.1228302618642
FDB03,OUT017,3611.023034963939
DRJ25,OUT035,739.0727302792209
FDT25,OUT027,3065.8437582881443
FDN20,OUT013,2451.0548993541397
FDP09,OUT013,3107.1618818506377
FDM20,OUT019,473.0614308873853
NCG55,OUT046,1677.7206756335504
NCP14,OUT045,1467.9905485110316
NCH06,OUT046,3108.5246482625603
FDV52,OUT013,1567.688537877238
NCL07,OUT035,602.9493821509765
DRJ11,OUT027,4682.0704636234095
DRO59,OUT013,980.1244935215949
FDW15,OUT010,316.5997606069645
NCQ30,OUT035,1818.8880208031228
NCN54,OUT019,175.3952215259809
FDY01,OUT027,2985.783072392892
FDX39,OUT035,3422.7962289414872
FDH53,OUT027,2103.446077284163
FDA57,OUT035,599.9765923144446
NCC07,OUT010,229.57122719279135
FDU28,OUT013,2723.9339059762474
FDK36,OUT010,104.45922149322311
FDR36,OUT018,392.743898223
NCQ17,OUT035,2258.0400473442096
FDS28,OUT019,142.5051171273214
FDE08,OUT045,2187.7336265028252
FDU22,OUT046,1777.193076945491
FDG41,OUT045,1503.3585879137
FDO31,OUT010,159.378942503733
FDM21,OUT019,533.4871243895365
FDU40,OUT017,2347.012949803947
FDV36,OUT018,1745.62599993081
FDT10,OUT027,1669.229028745464
FDX38,OUT045,681.8538537958967
NCU30,OUT027,3913.3571904607134
NCV06,OUT049,3021.485575517245
FDT16,OUT035,4118.186028677337
NCP41,OUT027,2465.241081022999
FDZ56,OUT017,2621.9932238976353
FDC22,OUT035,2897.945345872389
FDU10,OUT035,604.3836896507408
FDS46,OUT045,1686.570994480369
FDO08,OUT049,2397.7905388413283
NCV42,OUT018,1296.810679522329
FDP33,OUT035,3651.832552861335
FDJ12,OUT046,3138.9576055186867
FDH04,OUT045,1253.731061467761
NCU54,OUT013,3075.0770336643345
FDO36,OUT010,401.8098660308563
FDT37,OUT027,5746.342665274966
FDD14,OUT010,419.0448488661579
FDA16,OUT013,3273.9173147205893
NCS42,OUT019,228.20621588769657
FDP10,OUT019,213.27560030909865
FDQ28,OUT049,2237.3922024733956
FDK57,OUT010,240.32890701092657
FDK02,OUT013,1674.0936670677206
FDW47,OUT018,1679.0453392788338
NCC42,OUT018,1772.6305753053944
FDQ37,OUT018,2418.77965434757
FDL40,OUT046,1365.6026681527999
DRE13,OUT010,193.2019427781012
FDQ34,OUT027,2680.0157323706526
NCB54,OUT046,1700.5797279983708
FDS48,OUT049,2237.712233477341
FDO15,OUT045,1023.1407023705399
NCT30,OUT013,652.8087414355563
FDU49,OUT027,2228.11350317402
FDE21,OUT046,1696.161300873587
FDS49,OUT019,205.66319151720705
FDT38,OUT027,2141.260089439329
FDZ01,OUT045,1513.307822358943
FDC41,OUT035,1084.7996296391395
DRG13,OUT010,347.9832362678149
NCZ42,OUT018,2691.7857220212463
NCM07,OUT045,1206.100548212029
NCV17,OUT018,1781.3585994723392
DRK39,OUT035,1242.9207471243772
FDS37,OUT018,1608.6108009105199
FDV12,OUT019,216.65096639433511
NCG19,OUT018,2667.468874047494
FDS51,OUT013,835.6413976562
NCO14,OUT046,557.8858815698582
FDC38,OUT046,1818.4647266931331
FDN15,OUT046,1852.5518486524275
NCH42,OUT013,3435.5318776939207
FDQ22,OUT046,533.394907179395
FDC05,OUT013,2778.052353162904
FDZ31,OUT013,2778.052353162904
DRJ23,OUT049,2928.7878732844592
FDC52,OUT035,2242.054681375996
DRD12,OUT010,207.68174391688663
FDV55,OUT017,2261.202145149813
FDD32,OUT046,1157.8426117916079
FDR01,OUT049,2910.7880406971926
FDY08,OUT019,331.01321607552535
FDQ45,OUT045,2685.340818570863
DRN11,OUT027,3634.347132241717
NCS05,OUT018,1809.2054642094743
FDY32,OUT035,2385.636112319017
NCD31,OUT045,2387.4113840097766
NCE06,OUT049,2324.5271165660693
NCP14,OUT046,1467.9905485110316
NCF18,OUT019,426.08057304857545
FDF14,OUT018,1966.6187905443455
FDB22,OUT017,2238.280297085599
NCH54,OUT049,2470.1112763450765
FDU27,OUT035,712.1546576372307
FDS58,OUT027,3701.63796184252
NCU29,OUT035,2307.533884617259
FDJ57,OUT013,2938.724941177144
FDL56,OUT049,1260.5268197957557
FDH60,OUT035,2883.171037271641
FDN24,OUT018,614.9796157034822
FDD02,OUT017,1875.0055989677435
FDP15,OUT017,3742.792676479675
FDB28,OUT027,4890.881219858616
DRC49,OUT045,2161.902117671627
NCG30,OUT018,1601.181501840142
FDJ14,OUT049,1182.3115858053534
FDL52,OUT045,558.049597983633
NCG19,OUT027,5251.17831494558
NCN41,OUT035,1796.0726952473958
FDW22,OUT013,3394.1995020505756
FDI02,OUT013,1555.0955821265757
FDV51,OUT045,2319.2345746086366
FDV48,OUT046,1159.823175507103
NCL17,OUT019,265.0833410466453
FDP46,OUT045,1241.9908523456927
FDU10,OUT045,550.2967737959
FDT37,OUT010,509.30950204094694
FDI27,OUT035,698.7829207713452
FDN51,OUT046,3517.518018146068
FDW07,OUT035,1231.0425645699029
FDN45,OUT049,3481.233797115272
DRN37,OUT027,3913.9706484342514
DRF48,OUT049,2755.3934035449793
FDP38,OUT019,132.63084284021696
NCX18,OUT027,4738.4782254206
FDK45,OUT018,1583.022325752834
FDZ37,OUT049,1253.967652729024
FDS50,OUT018,2761.30673481146
NCR54,OUT018,2482.393405125016
NCS17,OUT035,1390.9839510201082
FDV31,OUT046,2393.0868692691415
DRE27,OUT017,1366.4754392489663
FDN60,OUT013,2328.6980450327696
FDK26,OUT013,2827.8007655538768
FDX37,OUT018,1278.6043286345086
FDW31,OUT046,2650.6577976065755
FDX26,OUT018,2539.7272981842084
DRL49,OUT019,259.9269999660109
FDU49,OUT017,1281.4244100459182
FDY58,OUT046,3328.2785707209905
FDN03,OUT045,3476.564208745437
NCV06,OUT010,424.311019487436
FDH53,OUT045,1164.3968517371106
FDG31,OUT018,816.3959106570237
NCC06,OUT045,1817.4256286424823
FDS13,OUT049,3839.6749132883147
FDP16,OUT035,3506.777385855523
FDA35,OUT013,1763.9819959166316
DRP47,OUT018,3050.7834310912162
FDY28,OUT010,498.52273714536193
FDY20,OUT035,1286.9376444058566
NCH30,OUT017,1569.9707867214095
NCR29,OUT019,163.95058628414185
NCP05,OUT013,2180.771558942699
NCF30,OUT019,230.10586664949403
FDA08,OUT035,2424.3361065080594
FDN51,OUT027,5766.999625274526
FDH12,OUT046,1507.1832708790373
FDY39,OUT017,3000.988879798032
NCO53,OUT045,2548.5111762027686
FDB40,OUT046,2304.481096908463
FDH02,OUT049,1263.5452532660165
FDY11,OUT027,1619.7523560672926
FDQ09,OUT019,235.39712279588048
FDP16,OUT013,3592.832049875142
NCF55,OUT018,315.60266566270144
FDY09,OUT027,4319.721262301946
FDY39,OUT045,2832.3717378150973
NCU53,OUT049,2367.9548702096
NCT41,OUT049,2185.0654400196145
FDJ45,OUT046,583.3791861975511
FDR28,OUT013,2372.7134268540685
FDN08,OUT013,1657.9667960165252
FDJ07,OUT049,1737.3736213871828
FDZ09,OUT027,3864.999953725999
FDQ14,OUT017,2233.634128699738
FDY12,OUT027,1201.373332795942
FDK57,OUT046,1722.7317120004739
FDD20,OUT049,1764.9055556115204
FDS36,OUT018,1331.218395497588
FDI40,OUT049,1512.7522197256862
FDJ40,OUT045,1513.226215040004
FDE08,OUT013,2185.820630600852
DRK01,OUT013,1321.3456319224088
FDC58,OUT049,602.1453961407633
FDE50,OUT046,2861.5178236124443
FDX48,OUT035,2199.525787340266
DRM35,OUT018,2230.962967220196
FDG41,OUT013,1456.0714443201784
FDB52,OUT046,3303.0370616472105
FDV19,OUT045,2305.9548088229576
DRG48,OUT017,2316.0656873771004
FDI26,OUT013,2644.1815102542505
FDU11,OUT019,257.9261094687955
FDF59,OUT019,230.1209332474996
FDR07,OUT049,1164.0752303338006
NCE06,OUT017,2398.2114586619414
FDE10,OUT046,1818.7857455255712
NCO55,OUT046,1490.2708879520283
FDZ13,OUT013,650.3170487085484
FDT50,OUT017,1369.353935097916
FDH12,OUT010,230.43796917624127
FDD21,OUT045,1666.490414756343
NCM05,OUT013,3681.1470966881043
FDK04,OUT013,799.3717212416857
FDN33,OUT017,1355.4826968945831
NCM18,OUT010,172.91034099568247
DRC25,OUT049,1240.057604525619
FDT47,OUT017,1568.9870096366428
FDD45,OUT027,2589.1439718792417
NCD07,OUT018,1557.679923900928
NCY54,OUT010,489.53672916578574
FDL12,OUT049,924.3560261497214
FDL02,OUT017,1615.9934932533256
FDC60,OUT035,1343.4067998091712
FDR37,OUT017,2775.5988665490595
FDY16,OUT017,2921.429216206609
FDU26,OUT045,1719.1223042010654
FDN24,OUT013,746.2846703753085
FDH44,OUT013,2194.3119942878884
FDE23,OUT010,100.3500497278714
FDW60,OUT017,2776.927843287407
FDQ55,OUT049,1761.9367313646526
FDV32,OUT027,1764.8282908929546
FDV03,OUT010,327.256055229727
FDY14,OUT010,536.1210222795878
NCL55,OUT027,5711.751437007767
DRF25,OUT017,648.5460812944754
FDX03,OUT046,606.6609862386217
FDF40,OUT045,3273.6454818187467
FDX24,OUT010,225.69049398072863
FDA25,OUT049,1519.1916635597213
FDH21,OUT018,2073.6615048919675
FDB47,OUT010,487.08260281092294
FDT34,OUT019,277.9033683192051
FDS39,OUT010,266.31227867026433
NCU05,OUT046,1114.136801636111
FDE02,OUT049,1385.9919696687261
FDL25,OUT035,1125.4059534664798
FDC50,OUT049,1418.9095912774337
FDZ32,OUT049,1527.3016629004126
FDV14,OUT045,1165.5985905348946
FDR07,OUT045,1168.9196796975934
FDB26,OUT049,802.6209307279017
NCR50,OUT045,2202.5846713133324
FDP01,OUT018,1905.5420643048426
FDH57,OUT045,1808.4736640672036
FDM60,OUT027,918.9808460072908
FDA45,OUT017,2212.094229730616
FDU55,OUT017,4099.07992784598
FDH40,OUT035,1245.5221676452752
FDG40,OUT019,62.265155785379775
FDT12,OUT049,3466.359722954452
DRL59,OUT045,764.2936923954571
FDT47,OUT018,1415.3638325872191
FDI60,OUT017,1039.8574175606238
DRF51,OUT027,879.992853268104
NCK31,OUT049,734.4133461511561
FDB08,OUT045,2296.009281189112
FDM44,OUT035,1527.6585059587637
FDD46,OUT018,1901.4102261895614
FDR27,OUT019,251.43861232275933
FDV56,OUT010,203.21073199624988
FDM02,OUT049,1263.8666553284697
FDU45,OUT018,1479.0540793452228
FDZ10,OUT017,1879.6233659802983
NCK31,OUT010,98.4698425459686
FDR27,OUT035,1905.7985768264223
FDF33,OUT013,1542.7629903270206
FDJ36,OUT046,1487.666728045112
FDP33,OUT049,3788.0228719463394
FDG17,OUT046,3364.915415187511
FDG47,OUT027,5317.694441472426
NCW29,OUT046,1809.569869992782
DRH59,OUT017,1038.533925044636
FDR32,OUT017,3543.3814559039856
FDP48,OUT035,2992.743506896302
FDG17,OUT035,3695.4135089975543
DRJ59,OUT017,595.0932628242356
FDY48,OUT027,2441.0886145478103
FDB02,OUT046,2482.9934437153006
FDN10,OUT019,235.39712279588048
NCD55,OUT035,581.3508001330109
FDX34,OUT013,1729.7459655953317
FDZ38,OUT045,2666.3457134770124
DRF37,OUT049,4016.4514498110907
DRL47,OUT019,210.5330422719553
FDL27,OUT035,993.5170344063667
NCP53,OUT035,3728.3362096234423
FDT03,OUT019,429.4159602234909
FDJ28,OUT035,2984.358059047409
FDF40,OUT018,2884.371119098618
FDA32,OUT035,3316.3940341195002
NCP02,OUT017,825.3259791916389
FDZ31,OUT045,2735.7865511938135
NCQ29,OUT013,3629.8686029173173
FDP57,OUT010,228.4269140108862
FDL32,OUT027,3039.919216982069
DRB01,OUT035,2867.047209311651
FDJ40,OUT046,1503.2831288867674
FDO24,OUT018,2058.5118773714444
FDO11,OUT018,2780.9257477032193
FDA56,OUT035,1827.4302996944355
FDF02,OUT045,1500.4968566854668
FDA10,OUT013,1701.4161086018296
NCI55,OUT017,1870.6720428736348
FDZ40,OUT010,131.27992556668602
FDV08,OUT049,596.3893333165643
FDN48,OUT013,1241.62522945322
FDU57,OUT017,2269.1657712821125
DRF49,OUT013,1634.520692878458
FDS02,OUT035,2879.84444422719
FDS43,OUT046,2691.956445640648
FDT16,OUT013,3933.206984665366
FDX19,OUT027,5589.36446681071
FDK15,OUT046,1404.2950541155074
DRA12,OUT049,2019.8727472121896
FDY35,OUT017,723.0746767338453
NCU42,OUT013,2475.623151579999
FDD26,OUT013,2762.053689779776
FDR11,OUT018,2112.5571454229575
NCP53,OUT045,3401.4167634322
FDP34,OUT045,2292.3739114327977
NCV41,OUT019,252.84634470588512
FDN20,OUT018,2133.03430131747
FDZ16,OUT018,2437.4053527066903
FDZ28,OUT049,1855.9630680914029
NCL55,OUT013,3874.974437926774
NCJ17,OUT046,1201.8188700299115
FDT37,OUT046,3536.5212732173936
FDV51,OUT049,2511.31266567907
FDZ28,OUT035,1869.9622537241207
FDN27,OUT013,1537.3431234382492
FDS14,OUT019,321.28717003928983
FDZ58,OUT045,1756.3565782691567
FDD46,OUT046,2202.7896188630966
FDJ03,OUT035,715.1563543368965
FDU03,OUT010,402.7027458983664
FDA33,OUT027,3584.431201849653
NCW53,OUT035,2937.4449172600707
NCC55,OUT017,532.9163860782714
FDP52,OUT019,517.0246377380961
FDE39,OUT049,1773.6779413101324
FDB44,OUT035,3396.4620943707578
FDG59,OUT013,515.1178090671965
FDI05,OUT013,975.1968347684824
FDF59,OUT045,1775.6414011989395
FDM39,OUT019,405.868510140358
FDB14,OUT013,1277.7169685637134
NCS05,OUT019,279.9896347185666
DRJ35,OUT045,887.766011636027
FDO31,OUT019,167.59452446880343
FDA31,OUT046,2418.8045803125856
FDX40,OUT049,596.2269679832714
FDW56,OUT045,2686.5680861780556
FDH09,OUT018,565.7866397887974
FDA52,OUT019,349.5291687093249
FDF20,OUT019,423.34847501744537
FDE40,OUT046,882.8197654104862
NCU17,OUT046,1519.6825071665921
NCP14,OUT035,1505.0105678744508
FDN25,OUT027,1456.0797192766358
FDU39,OUT049,898.4467714164822
NCM05,OUT017,4179.975899482866
FDU07,OUT017,2238.6724022653525
FDF28,OUT049,1870.7919046835614
FDR57,OUT049,2249.7509592281494
FDJ33,OUT013,1680.0995804408842
DRH23,OUT035,815.2437158224736
FDQ52,OUT046,3453.716639397878
DRK13,OUT035,2901.0065503742403
FDP09,OUT046,3186.164270785935
FDR08,OUT027,2584.606982659113
FDV50,OUT045,1660.2355152395662
FDT13,OUT049,2974.6325467900856
FDJ27,OUT027,2585.871310853696
FDH21,OUT046,2351.5195583184955
FDW14,OUT027,2149.211677284311
FDL52,OUT049,585.3226610244812
FDW28,OUT017,2927.682833579016
FDL40,OUT049,1430.6621297636766
FDE24,OUT046,1975.201458520265
FDX35,OUT049,3724.8675047302295
FDP46,OUT017,1244.4761978625888
FDX56,OUT045,3066.1910728544126
FDQ45,OUT049,2701.1902884303954
FDK50,OUT027,3822.0370764271884
FDY26,OUT045,2902.115015479865
FDQ09,OUT017,1634.2792916863928
FDN39,OUT049,2533.080570557143
FDP13,OUT017,581.1368138471951
FDR51,OUT013,2174.2614046243866
FDZ49,OUT010,449.65550723015815
FDL28,OUT018,2872.1349641185616
FDZ10,OUT035,1879.6233659802983
FDK38,OUT013,2145.6240863844864
DRL49,OUT027,3326.284296553913
FDR15,OUT013,2142.84180549749
FDQ24,OUT035,3876.029669656013
FDD56,OUT013,2511.0478850636064
NCR42,OUT046,384.1177316751287
FDH52,OUT045,932.2699328873641
FDH57,OUT019,244.72021411868383
FDR15,OUT010,324.2055171630951
FDJ34,OUT035,1851.9741827567173
FDW37,OUT035,1322.5920163561973
FDQ23,OUT018,1323.4163228989905
FDP34,OUT013,2294.669467432033
FDE04,OUT027,4426.945735515792
FDC48,OUT045,1147.9550696908495
FDA47,OUT019,337.122456815347
FDI35,OUT018,2379.0011020945603
NCV05,OUT013,2177.2280709865586
FDR28,OUT045,2383.1822332493434
FDH31,OUT017,1448.7638414178475
FDP59,OUT019,231.25522418239552
FDS19,OUT018,894.9554307175677
FDM60,OUT045,603.2430259047884
FDJ44,OUT018,2253.3223058422086
DRH51,OUT017,1263.196298472918
DRC25,OUT017,1296.9432630549436
DRE25,OUT013,1289.7062223211826
NCX05,OUT049,1725.6704629993392
FDR11,OUT017,2437.858673344942
DRP47,OUT045,3418.9454593638384
DRC49,OUT019,279.14560420013817
FDQ47,OUT027,1034.8940661924662
FDL20,OUT013,1496.7626328477972
FDM34,OUT035,1845.5845831180081
NCN55,OUT013,3603.5244630018237
FDD41,OUT035,1540.8151985074956
FDE52,OUT049,1255.9946472946442
NCT18,OUT019,372.777287404614
FDJ32,OUT018,665.4095716761916
FDE16,OUT046,3242.033043199831
FDZ09,OUT045,2327.40184627509
DRZ11,OUT046,1736.6638832985952
FDK41,OUT049,1252.8122420087373
FDE56,OUT049,954.0984348655983
FDH34,OUT013,2780.6385437910258
DRI49,OUT013,1078.9200949313768
DRI59,OUT046,3185.1478743540474
DRC36,OUT049,2646.216287157644
FDS15,OUT019,235.42969881067825
FDI07,OUT018,2624.9531743282932
FDZ15,OUT018,1633.8274091027365
NCX41,OUT027,5171.2340309769625
NCO29,OUT019,346.30817653826625
FDF57,OUT013,2424.8959523952003
FDI33,OUT035,1323.1713522904288
DRJ47,OUT049,2617.4504597170935
FDB34,OUT046,1204.729510466978
FDY22,OUT027,3561.2690745093805
DRL11,OUT017,2426.201130248607
FDY46,OUT035,2890.944480846735
FDG17,OUT013,3583.341168815999
FDE52,OUT018,929.0892753117049
DRP47,OUT027,5159.860434264343
FDO01,OUT010,247.13686562532405
FDL09,OUT046,2368.6259541050704
FDR57,OUT013,2319.9397327688903
DRD37,OUT035,722.3131998221198
FDQ36,OUT027,943.2929451921807
FDL33,OUT049,2971.5431362544446
FDL48,OUT045,676.0637613746002
FDL28,OUT049,3848.150477963268
NCN29,OUT046,686.21094079493
FDO13,OUT035,2288.594745792152
FDB38,OUT045,2438.4069757789084
FDI36,OUT035,2806.3250581844723
FDI58,OUT035,1305.670383596467
FDH22,OUT018,1732.0804887214254
FDQ27,OUT013,1534.9327471301876
FDT33,OUT046,2337.010774901024
FDC56,OUT045,1653.147577144839
FDF14,OUT046,2214.4659578409724
FDQ39,OUT017,2946.70261733365
NCM43,OUT017,2530.1139649632514
FDS46,OUT035,1843.9053086214938
FDI22,OUT049,3225.2599704639424
NCE43,OUT045,2355.2276045883023
FDZ36,OUT010,434.8848855506479
FDR13,OUT019,238.927274465869
FDP46,OUT018,1012.8525891214848
FDW56,OUT019,427.1234847303321
FDB40,OUT017,2444.5267412992002
FDM28,OUT018,2227.442045386409
FDV49,OUT013,4045.8812724093955
NCS53,OUT018,2066.1708469539312
FDO03,OUT049,3738.6222045254212
FDT15,OUT035,3032.5688951563966
FDD33,OUT049,3662.9010508126153
FDX13,OUT017,3890.1826285532115
FDH60,OUT013,2762.898442412758
DRH51,OUT046,1190.0581066173686
NCL07,OUT049,601.0776798898531
FDW51,OUT045,3023.751868678269
FDF21,OUT019,425.0104717595092
FDH26,OUT019,264.6197054886893
FDJ03,OUT049,728.2073149118528
FDU35,OUT017,1405.4302823967557
DRL01,OUT018,2745.1367485787323
FDE59,OUT045,558.4070658412826
FDI60,OUT035,993.955186047434
DRH39,OUT035,1083.0494832072454
FDK36,OUT049,726.6806547827568
FDN52,OUT045,1193.3820645017208
FDU12,OUT017,3740.887811436077
NCT05,OUT027,5592.460918538611
FDS37,OUT027,2906.2600947642763
FDK24,OUT017,715.9090151765872
DRF36,OUT013,2787.5528801057444
FDN46,OUT010,206.93071927065327
NCN06,OUT045,2345.021812623135
FDD59,OUT035,1164.5318144214673
FDM14,OUT045,1546.5310285800485
FDO10,OUT018,607.2031570066963
FDU35,OUT013,1319.3068909042158
NCA30,OUT018,2389.487587276067
NCO41,OUT049,1447.4751141365516
FDI24,OUT046,2552.5871075886344
FDZ16,OUT046,2756.702239020023
FDV47,OUT046,1198.5148609753162
FDV16,OUT045,501.6716012713798
FDZ22,OUT035,1262.9853431086403
FDO20,OUT010,545.5980035683433
FDW38,OUT013,741.8899049897747
FDW52,OUT045,2357.16944278061
FDT43,OUT019,117.71365795311296
NCS29,OUT045,3512.882545503567
NCC31,OUT017,2319.3823364885443
FDA21,OUT017,2890.499846229596
FDQ55,OUT046,1704.442636286286
NCE54,OUT049,1107.168193280363
FDD45,OUT017,1380.6256710810123
NCP17,OUT017,964.1627349552382
FDR47,OUT035,2956.3176134208097
DRM35,OUT013,2500.8095231186544
FDR47,OUT019,448.67820089814313
FDX19,OUT010,464.77408217566403
FDV22,OUT027,3588.3711191115744
FDQ46,OUT027,2550.489715594734
DRO47,OUT045,1545.125171986856
FDB44,OUT010,475.6940983814904
FDN02,OUT010,465.2506618279015
FDW10,OUT045,2107.433046027818
FDJ41,OUT019,556.8855312446992
FDM50,OUT046,796.9581531862777
FDW10,OUT035,2335.7040784594356
FDY48,OUT049,1549.1670191793078
NCE30,OUT027,5100.81089859548
FDO04,OUT045,786.1854980096309
FDQ26,OUT010,131.7060173832408
NCX29,OUT018,2016.3281198732716
FDE39,OUT046,1638.41523103706
NCR54,OUT027,5040.908480285599
NCP55,OUT027,1416.5181222788449
FDX22,OUT017,3568.139845107272
FDI05,OUT035,1055.789815737134
FDC51,OUT027,3013.746877324598
FDC10,OUT013,1666.5222648872777
FDJ46,OUT045,2445.8781586104124
FDV10,OUT010,74.89369882089247
FDX12,OUT027,5277.605336493853
FDL43,OUT019,207.39539400978921
DRB13,OUT046,2638.904431243707
FDF59,OUT027,3090.922913933648
FDT35,OUT049,2508.8796156785684
NCJ19,OUT035,798.7847426287796
FDT35,OUT018,2106.4309129233548
FDI48,OUT046,680.9175915573426
DRC24,OUT019,312.63185161527537
NCZ05,OUT017,1511.709827527805
FDJ57,OUT049,2976.5206266293517
FDX11,OUT017,2828.752218828871
FDE09,OUT035,1615.5290630142028
NCK06,OUT049,1880.0329082778078
DRE37,OUT017,2881.5101603881067
FDV56,OUT046,1490.251603790909
FDY43,OUT017,2543.9338926994283
FDV35,OUT013,2185.734672396464
FDF05,OUT019,558.3521714098529
FDA36,OUT035,2946.542752168382
FDS13,OUT027,5208.898879325778
FDU47,OUT013,1984.1659424779107
FDI36,OUT010,442.41462611641776
FDH48,OUT046,1221.4112962512013
FDZ14,OUT013,1719.1220131980772
FDS46,OUT013,1757.6089473571205
FDE21,OUT017,1778.1654796477706
FDA26,OUT049,3461.8996983877137
FDV12,OUT046,1323.8093285470916
FDL46,OUT019,235.39712279588048
FDN57,OUT013,1927.5904798893703
NCJ18,OUT017,1703.6498430514239
FDO36,OUT045,2529.0697181567957
FDX55,OUT018,2539.5452089718756
FDT25,OUT019,247.52489800229225
FDD16,OUT049,1012.7922898312539
NCX18,OUT013,2727.493034529409
NCG55,OUT018,1630.405558954791
NCV18,OUT049,1280.9615942461169
NCS18,OUT035,1552.1084658006207
FDC37,OUT045,1483.1225930658252
FDE47,OUT046,1804.411168284463
DRG49,OUT019,508.8572188321553
FDC39,OUT049,3219.0907370046843
FDH24,OUT019,330.202362175408
FDV39,OUT027,4588.256986517456
NCL17,OUT045,2010.2438327679747
NCY53,OUT035,1710.1629342296724
FDH52,OUT013,878.6567842223382
NCD19,OUT018,590.8543990980602
FDI44,OUT046,1101.7385121075192
DRD49,OUT027,5278.2013525994425
FDN08,OUT035,1739.910365033068
FDO20,OUT027,5803.636760963708
FDY02,OUT046,3376.7600111878824
FDX23,OUT045,1314.884065858696
FDX01,OUT017,1815.8295549384625
FDH20,OUT027,2479.29180335831
NCX41,OUT017,3499.4330088759966
FDD21,OUT027,3049.2549627338076
DRH11,OUT019,136.11933201377406
DRE60,OUT018,2782.4575972495663
FDB10,OUT013,3589.100944985423
FDH38,OUT013,1672.4942550888045
NCL07,OUT018,397.4785968200166
FDD48,OUT046,1670.8956570461107
NCT54,OUT027,2403.367691897677
FDF32,OUT027,5231.0141676237345
DRH51,OUT045,1199.234737411619
DRG03,OUT035,2257.1650850292694
NCY42,OUT019,265.8067936491086
FDH32,OUT017,1415.8645421728552
NCJ06,OUT027,2888.1868823937075
FDH47,OUT027,2422.982391509278
FDZ08,OUT018,944.0828068541322
FDK16,OUT017,1387.1900787131624
DRG01,OUT018,850.2218636254391
NCM53,OUT027,2429.3272340768217
NCB07,OUT035,2918.559598954108
NCZ06,OUT035,3496.380745495719
FDU48,OUT049,1842.965289448479
NCB55,OUT027,1824.4946137839327
FDP15,OUT013,3822.569510107406
FDF17,OUT046,2766.8866810685186
NCN06,OUT049,2532.319458402648
DRM48,OUT018,369.7691417200236
FDH10,OUT046,1948.5536386872107
FDC60,OUT018,945.5140107914158
FDE35,OUT018,606.5259064714304
DRI23,OUT013,2315.3919922622135
NCR38,OUT013,3598.771957883667
FDP04,OUT035,927.5526414149351
NCW17,OUT045,1871.848124798148
FDX34,OUT017,1806.4186151815513
NCK53,OUT045,1352.349860772051
NCO54,OUT010,155.42817798609963
NCH55,OUT046,1809.569869992782
FDT44,OUT027,3008.499898369484
DRG49,OUT046,3331.8270170480027
FDX46,OUT010,119.31641323528314
DRG36,OUT049,2632.1279137212214
FDU37,OUT049,1231.753027137525
FDK10,OUT049,2713.9446165565932
DRF37,OUT027,5363.3693436693675
FDC44,OUT035,1611.284555191235
FDP15,OUT046,3364.8001367710053
FDZ27,OUT027,1149.277364579274
FDY22,OUT019,287.200849611205
DRG51,OUT035,2568.1267829062535
FDN58,OUT045,3335.0554470378897
FDW01,OUT049,2223.460240546854
FDX24,OUT018,1080.0146042589881
FDO51,OUT017,639.6610529680155
FDJ52,OUT027,3857.6889075601007
NCY06,OUT010,243.05443208215436
FDE20,OUT018,2166.2750369177584
FDT23,OUT010,195.97283857379713
FDQ51,OUT046,682.1338037174216
FDE35,OUT046,849.4541878794157
FDB46,OUT013,3021.4577526720577
NCG19,OUT035,3418.567361192899
NCL06,OUT018,2844.551233912886
FDT36,OUT019,80.84935636693288
FDC56,OUT049,1791.7396683963896
FDJ26,OUT049,3223.99840589931
FDZ59,OUT017,2612.3034154920724
FDV11,OUT027,4310.85317586256
FDR13,OUT010,233.0064737118633
FDI15,OUT018,3133.536107662064
FDF47,OUT018,2599.581704153804
NCB54,OUT019,254.91871977518628
NCK19,OUT027,5013.354836047018
FDX16,OUT017,2258.69459766794
FDL50,OUT045,1870.619512856765
NCE31,OUT035,451.8841188573833
DRJ01,OUT049,2281.3481613320987
FDE22,OUT013,2287.44767991146
FDY20,OUT019,182.82775958891455
NCO14,OUT045,568.8606130079343
NCR50,OUT017,2320.200486420033
DRM47,OUT017,2928.288059603029
FDO27,OUT010,265.07454650203283
FDJ20,OUT027,3163.577767414742
NCX17,OUT013,3083.520093746659
FDG59,OUT049,563.6038433863081
FDD52,OUT045,1473.369520218694
FDO48,OUT017,3548.4071551555708
FDC59,OUT019,163.11669385294687
FDS15,OUT018,1295.5252354913457
FDB47,OUT035,3496.2217326083237
FDV14,OUT019,200.07088309668114
FDB27,OUT013,2727.551770396198
FDA35,OUT035,1778.1731985213698
FDN51,OUT018,3172.154423358055
FDO39,OUT019,399.2070541002954
FDB28,OUT049,2880.3642986473847
DRJ25,OUT046,720.2108495505669
FDH46,OUT027,2492.631510148379
FDI10,OUT045,2498.9569610521094
FDU21,OUT018,329.71116480835707
FDD09,OUT049,2761.466224112717
FDD10,OUT046,2482.9783421803877
FDN31,OUT010,424.278557272203
FDA46,OUT018,2495.5318763537553
FDM56,OUT046,1478.7785415823973
FDF11,OUT010,495.17463412949303
FDS32,OUT018,1738.9848872188254
NCM06,OUT013,2145.359009627319
FDZ26,OUT045,3243.9451599086287
FDO01,OUT013,1735.2504801988912
FDJ46,OUT049,2587.6870505593365
FDG26,OUT019,519.3247677043701
FDZ38,OUT035,2865.3683802046166
NCO55,OUT013,1469.2863562200473
FDT60,OUT035,1676.717062391617
FDW37,OUT049,1277.9156750394288
NCK42,OUT018,2393.710613292301
FDA45,OUT046,2064.237883500776
FDW55,OUT018,3087.039100701811
FDY44,OUT017,3015.8967709893095
FDQ31,OUT017,1273.8769314184817
FDM09,OUT049,2582.8786025670797
FDH12,OUT018,1281.9378190495722
NCQ43,OUT035,1553.6806010937933
FDT33,OUT035,2572.611459219186
NCT41,OUT018,1906.2539959850794
DRJ25,OUT010,95.51488793564931
NCQ41,OUT046,2755.5499722134837
NCN17,OUT049,1504.5055982116683
DRO35,OUT027,2819.0494787839784
FDU27,OUT018,580.110419910796
FDY43,OUT027,4112.427562688206
FDG46,OUT035,1738.7921222930177
DRL49,OUT018,1755.9666952011603
NCB55,OUT049,871.9777346093456
FDK28,OUT049,3978.171107097609
FDO49,OUT045,638.7791487367992
FDT03,OUT013,1877.8203033865361
FDW33,OUT027,2526.22460880929
FDR02,OUT035,1612.0560388809436
FDF50,OUT013,2843.9584206976238
FDA40,OUT018,977.1899553995281
NCT53,OUT018,2083.65248854216
FDY60,OUT035,2034.083403488449
FDP44,OUT027,2539.4016116201715
NCQ50,OUT045,3039.05482470908
NCC30,OUT017,2648.7107229720123
FDQ60,OUT018,1590.220176721481
FDG41,OUT046,1485.7229388109122
FDQ03,OUT046,3373.342392420248
FDM03,OUT045,1461.342713395367
FDZ51,OUT018,1065.4371081115712
DRF51,OUT035,619.5963271995317
FDF39,OUT017,4079.4664162313193
FDW52,OUT035,2498.8913737257913
FDY22,OUT049,2256.402957019979
FDG14,OUT013,2161.4379991130068
FDA57,OUT017,599.9765923144446
FDL45,OUT019,247.0410844462276
FDX28,OUT046,1327.5424136726085
NCQ54,OUT013,2458.164566130887
FDH40,OUT045,1101.4930516935945
FDU52,OUT035,2378.745442325612
FDT60,OUT010,248.2039238698447
FDK08,OUT045,1272.618431156708
FDN04,OUT049,2600.5193089333125
FDE50,OUT013,2912.1121712533745
FDI16,OUT049,783.1183241294417
FDM50,OUT049,917.1206299101241
NCV30,OUT049,915.6829735063488
FDT44,OUT013,1663.2873685683228
FDY60,OUT013,2221.6427339612083
FDT56,OUT017,878.560248107293
FDV58,OUT018,2232.3914672225533
FDU04,OUT013,1718.9918035801138
NCN05,OUT027,4600.881567336366
FDI53,OUT018,2033.3945512224536
FDD34,OUT046,2335.4106436252846
FDW47,OUT027,3015.5928881112995
FDT51,OUT027,2595.7996922977572
FDO27,OUT013,1335.1750694081466
NCQ18,OUT018,1269.99043569091
NCW05,OUT013,1495.7669863538947
FDI15,OUT010,535.0930231009257
NCH43,OUT010,459.4767346199497
FDT40,OUT049,1745.0984178849653
NCG19,OUT017,3371.084207200629
NCM30,OUT035,569.3468873662061
FDB38,OUT017,2522.6252702860843
FDB22,OUT046,2162.7556928834224
FDC58,OUT046,590.0234935928638
NCI29,OUT013,1937.8474570673195
FDA23,OUT010,227.5760083575541
DRG48,OUT013,2132.0817336656205
FDV21,OUT013,1773.540758166395
NCG18,OUT019,222.86116990974645
FDG40,OUT045,481.2025579839357
FDU24,OUT018,1244.378291791462
FDA22,OUT049,2491.5604935895494
FDY35,OUT046,693.2735575510413
FDJ15,OUT045,2745.441386981194
NCW18,OUT018,2778.229388683827
FDK56,OUT018,2480.015674605376
FDF44,OUT046,1814.3730544581038
FDP51,OUT049,1804.0489036066294
FDU22,OUT027,2868.59001783844
FDM28,OUT017,2678.4817907471147
NCL42,OUT046,3307.4618775951794
FDJ15,OUT019,436.395221084291
FDI32,OUT018,1591.028837729478
DRL11,OUT046,2284.045020371026
DRO59,OUT018,801.6105258634157
FDA07,OUT019,233.33212051222048
NCO53,OUT013,2628.675775892789
FDO21,OUT045,3041.211280849735
FDW39,OUT045,2481.6171640171933
NCV17,OUT013,1875.4786634803088
FDE22,OUT046,2272.126692106069
NCB06,OUT018,2074.891454442478
DRF48,OUT017,2863.549656947728
FDB05,OUT013,3565.2151858004218
FDP28,OUT027,5398.410419679992
FDP23,OUT046,3263.640916178796
NCS41,OUT018,2555.9258180600236
FDS40,OUT018,338.3081696596007
FDA16,OUT017,3506.6622489000483
FDN20,OUT035,2495.318957251302
FDF04,OUT027,5447.749843389591
DRG36,OUT018,2058.1363283843275
FDW16,OUT018,1053.3207737010114
FDU09,OUT017,835.8043025126616
FDW01,OUT046,2212.8192496142365
FDB15,OUT045,3671.3370393856067
NCJ17,OUT049,1271.4405190305347
NCT18,OUT018,2457.0273807315816
FDG16,OUT018,2540.843501231188
FDP27,OUT017,2890.518032993655
FDQ44,OUT027,3140.6374027386655
FDL50,OUT027,3157.583985442234
FDW57,OUT027,4340.3610313706495
FDS34,OUT013,1608.633681137896
NCV30,OUT035,898.7406369925811
FDD26,OUT018,2484.5974558231246
FDA03,OUT045,2141.594043753341
FDS27,OUT018,2413.8881750421237
FDM12,OUT013,2823.6882051130074
NCV42,OUT027,2531.009755612777
NCS41,OUT046,2717.339175960208
FDN56,OUT018,1678.7499596927653
DRK59,OUT046,3011.0279215679293
NCG18,OUT046,1483.0103431041175
NCN26,OUT017,1735.3756300861257
FDI60,OUT027,1628.2444830724928
NCI43,OUT049,722.9743115530779
NCL17,OUT049,2062.990475421677
FDQ19,OUT019,461.9139591942357
FDY43,OUT049,2512.54838018311
FDR36,OUT049,611.7958761049928
FDJ58,OUT049,2600.7442547511046
DRY23,OUT045,622.5934160413389
FDK26,OUT027,4743.936333608979
DRH03,OUT045,1332.1518454354054
FDC10,OUT010,236.01316710876569
FDD23,OUT013,2779.604298725919
FDP32,OUT045,1784.0235544256634
FDO31,OUT035,1163.4405259638652
FDQ57,OUT013,2163.5881225842822
FDX32,OUT027,3647.479542721341
FDC39,OUT027,5245.739864204685
FDU55,OUT046,3667.893799125009
FDL45,OUT013,1766.3728183745752
DRK37,OUT049,3035.9871390418803
FDK22,OUT013,3007.8762199237226
DRG37,OUT027,3615.842614307097
FDK22,OUT017,3289.1610938960557
DRH36,OUT018,772.4981274465729
DRC36,OUT018,2222.099318819829
DRE03,OUT027,1020.2044219553209
FDF34,OUT046,2654.4549119752064
FDZ22,OUT046,1195.0873255944082
FDC44,OUT010,230.32798745160238
FDN31,OUT027,4798.891628603593
FDO03,OUT017,3723.4342503105127
FDA01,OUT049,899.5156677885208
NCH42,OUT049,3893.313914237378
FDF46,OUT018,1605.3763841635587
DRL35,OUT046,593.2396129739484
FDW46,OUT049,991.8179954036762
FDB58,OUT046,1977.6030326169848
FDD47,OUT018,2135.4706475349753
NCO17,OUT045,1654.0372143975399
FDJ26,OUT017,3464.268709152178
FDU37,OUT045,1157.6442227136008
