Item_Identifier,Outlet_Identifier,Item_Outlet_Sales
FDW58,OUT049,1685.4571169108503
FDW14,OUT017,1402.363361257584
NCN55,OUT010,699.3132967516367
FDQ58,OUT017,2524.647947422856
FDY38,OUT027,6076.487851956253
FDH56,OUT046,1898.9267844572037
FDL48,OUT018,658.4395073872943
FDC48,OUT027,2106.6819636662344
FDN33,OUT045,1503.165029329515
FDA36,OUT017,3059.202856067103
FDT44,OUT017,1977.8334709847022
FDQ56,OUT045,1319.9042732269347
NCC54,OUT019,660.540225809894
FDU11,OUT049,2134.541719815063
DRL59,OUT013,820.9899080021022
FDM24,OUT049,2498.4771192690037
FDI57,OUT045,3159.199154167072
DRC12,OUT018,3028.184821712884
NCM42,OUT027,2788.212651930928
FDA46,OUT010,552.2579707809188
FDA31,OUT013,2814.8235780649447
NCJ31,OUT035,3856.0201808712286
FDG52,OUT046,773.9816923895863
NCL19,OUT019,445.2802462962759
FDS10,OUT035,2986.3080156949463
FDX22,OUT010,808.8066724554513
NCF19,OUT035,814.2058991619086
NCE06,OUT046,2577.0156244746163
DRC27,OUT046,3896.954955917053
FDE21,OUT035,2004.3395583021847
NCR42,OUT019,125.50062855360979
FDX51,OUT018,2972.582261292596
NCR06,OUT018,507.63206788535257
FDU31,OUT027,5517.9849093342955
FDU59,OUT017,2645.9251561012497
FDR03,OUT027,5250.0790584183105
FDS49,OUT027,2305.045313033697
FDD48,OUT010,454.3655223436306
NCF18,OUT017,3156.3172455517097
NCD43,OUT027,2579.844427478811
NCD54,OUT018,1587.8536653423182
FDY19,OUT010,409.65380486563095
NCY54,OUT017,2824.85610156168
NCL19,OUT018,2130.9827689125723
FDP23,OUT010,709.4027021825739
FDC26,OUT013,1871.6500960064413
FDR14,OUT010,207.4080830595501
NCS41,OUT035,3196.4453779847067
FDF41,OUT035,3628.142156050784
FDU34,OUT046,2013.2820376502675
DRH11,OUT046,859.2328700534624
FDM03,OUT013,1636.9381773185517
FDS31,OUT017,3015.6511332775867
FDJ20,OUT017,2099.922366891363
FDV44,OUT027,4943.49894164975
FDG02,OUT049,3000.0493194540936
FDA09,OUT013,2906.753207350457
FDT04,OUT013,706.591309303023
FDL58,OUT019,738.5310371919296
FDE52,OUT045,1370.2359790383543
FDW12,OUT035,2508.537649815946
FDL51,OUT017,3626.0316142095967
NCY42,OUT027,3406.7642841620004
FDR07,OUT017,1543.0544860850166
FDN40,OUT045,2406.9999006557123
FDB35,OUT027,2399.1028337382763
FDA22,OUT017,2748.71533976043
NCL06,OUT046,3937.8927354593075
FDI35,OUT013,2973.0928410077604
NCW42,OUT045,3680.1882969592352
NCX06,OUT049,3042.5188360560524
FDC37,OUT027,2585.62669124898
FDZ14,OUT018,1592.1922260627323
DRG49,OUT049,4087.9471571721992
NCG06,OUT045,3817.0649309322084
DRC36,OUT045,2821.0693654292054
FDV21,OUT019,321.7857180854893
FDB53,OUT046,2418.6515863286913
DRP47,OUT019,695.4717785609874
FDA14,OUT013,2416.478336837313
DRC24,OUT035,2530.2109485233836
FDW21,OUT018,1447.3352589687283
NCH29,OUT046,1536.0372742584805
FDU58,OUT013,3090.6110468857605
FDY27,OUT017,2906.8900572017587
FDV56,OUT035,1766.1557641438417
FDT59,OUT046,3839.9056983128985
FDB23,OUT046,3447.6147940031815
FDR49,OUT045,778.8274338132425
FDB03,OUT010,686.8735446007685
FDN39,OUT045,2605.0573850732385
FDX02,OUT027,5739.922681154743
FDQ16,OUT027,2591.220117342616
FDU35,OUT018,1315.1660028480317
NCT29,OUT013,2018.5633633902833
FDZ27,OUT046,772.7988609960761
FDN57,OUT017,2148.9365609605525
FDA03,OUT018,2127.983756097986
FDZ36,OUT045,3103.259804994276
NCU05,OUT013,1273.9801207286187
FDT39,OUT018,2122.412693113004
FDK60,OUT017,1578.4952430912665
FDZ25,OUT017,2805.4358579481614
FDG12,OUT046,2029.2511052695381
DRB01,OUT019,571.3809423387099
NCC43,OUT027,6043.6360973685
FDX13,OUT019,866.9372521194574
FDM22,OUT049,918.3199151263453
FDJ03,OUT027,1327.3484002621265
FDU14,OUT018,3489.993626911619
FDB33,OUT010,515.0294192202842
FDP27,OUT046,3065.438135709003
FDO38,OUT010,487.77757221706037
FDE28,OUT027,6123.809153497258
FDO27,OUT035,1599.098444789551
DRL23,OUT027,2533.795856842478
FDS28,OUT046,853.1768663144925
FDX24,OUT013,1445.526167429519
FDZ02,OUT035,1594.2129600433823
FDL46,OUT045,1891.6855575200982
FDS60,OUT027,4829.87701872045
NCO06,OUT017,705.5035535332958
FDO16,OUT035,1452.1051930081878
FDC60,OUT049,1394.1502860239477
FDA48,OUT018,3106.2984642043393
FDZ36,OUT027,4846.968383141522
FDK27,OUT045,2016.619615507699
FDW23,OUT018,512.7999672444907
FDM14,OUT018,1485.440833171114
FDM14,OUT013,1640.039099640159
FDW60,OUT018,2801.7301127651795
FDE21,OUT013,1907.1405531730481
NCM42,OUT035,1760.6128564680107
FDY59,OUT010,512.233622195631
DRI49,OUT049,1301.4567917619324
FDT28,OUT019,432.1486858874832
FDQ22,OUT018,508.686044610143
FDR60,OUT049,1279.700025064447
FDC50,OUT019,382.44070359543235
FDV24,OUT013,2415.9104254727913
DRF48,OUT010,612.0916175174601
FDQ47,OUT046,713.340085838198
DRN36,OUT049,1560.3052803576577
NCY06,OUT035,2118.9559843647803
FDE52,OUT035,1464.6385882161744
NCB54,OUT045,2024.9751486121106
NCF31,OUT035,2505.7257627903086
FDJ08,OUT027,5076.770101716754
NCC07,OUT017,1728.659821378142
NCD19,OUT027,1600.1343511019907
FDL46,OUT049,2002.4663868128732
FDM20,OUT045,3929.7026136042628
NCI06,OUT010,499.6029454253339
DRM11,OUT035,4249.682955873931
NCH07,OUT018,2365.961762776694
FDS23,OUT013,2089.4570825181895
FDO49,OUT018,653.3352018192825
FDS35,OUT049,1057.7217457545
DRK39,OUT045,1276.2986129705364
DRI39,OUT049,927.8839924648796
FDV04,OUT017,2615.0902225600644
NCN14,OUT035,3140.4766420778114
FDH08,OUT013,3884.758497985921
FDS20,OUT046,3134.8255864914577
FDV40,OUT049,1107.2381123504288
FDZ48,OUT010,455.4635515335548
FDS24,OUT027,2319.8529015407566
FDK44,OUT049,2937.1938387327814
FDS48,OUT045,2410.5527616884383
FDK26,OUT010,612.0916175174601
FDD23,OUT045,3108.046335453105
NCH54,OUT017,2650.285324237426
NCP14,OUT010,468.92452563233877
FDM60,OUT010,95.56848636453122
FDV24,OUT017,2474.083193137417
FDH08,OUT018,3219.430126674956
FDS12,OUT027,3311.843716056617
FDR39,OUT027,4912.095483333716
FDP12,OUT027,1020.7601138262611
DRF60,OUT027,6027.55328629321
FDC09,OUT035,1728.659821378142
FDF50,OUT018,3072.3355551939617
FDG28,OUT035,4082.5580416993926
NCE19,OUT017,902.1925017238007
NCM53,OUT010,473.34239548992883
NCN18,OUT049,1860.856177462933
FDF32,OUT035,3235.0875325336915
FDF11,OUT013,3929.1211228379793
DRI59,OUT049,3873.6641085871975
NCG54,OUT035,2768.755701988016
FDM44,OUT046,1635.7064937064165
FDT57,OUT018,2980.150616488262
FDV24,OUT046,2415.9104254727913
FDI50,OUT019,811.7556723993391
FDS09,OUT035,824.4849607028964
NCC31,OUT027,3926.9630655725546
FDQ07,OUT019,570.2793200746285
FDC22,OUT017,3115.817372679164
FDZ56,OUT046,2706.939022908329
FDZ40,OUT019,273.19770724799423
FDS46,OUT027,2983.3391545428544
DRD24,OUT045,2094.6477677482394
FDV45,OUT017,3179.164637300743
FDL26,OUT045,2422.0682318092922
FDA56,OUT018,1608.8138160119229
FDN27,OUT046,1857.8416799915426
FDM20,OUT049,4022.8462493409625
FDO16,OUT017,1417.9558119993328
FDL03,OUT035,3125.0868416877047
FDE58,OUT046,1899.9678788624415
FDI02,OUT027,3108.771336226867
NCC55,OUT019,130.90226292229914
FDR03,OUT018,3118.944354175227
FDB14,OUT017,1516.9988000184308
FDR45,OUT013,3898.426313221511
NCN07,OUT017,2172.4203669399258
FDM51,OUT019,341.8271338587064
FDT52,OUT027,6149.816902600236
FDL26,OUT046,2425.6196214825177
NCZ42,OUT046,3922.78924710338
DRI47,OUT019,432.9637432769847
FDW40,OUT013,2115.1284265966883
FDN34,OUT046,2702.798920321135
FDS01,OUT035,2970.8886220988193
NCG55,OUT045,1893.9133372589042
FDC11,OUT035,1435.169668070857
FDX35,OUT018,3213.3366849736854
NCB06,OUT046,2565.349971936103
FDR09,OUT019,593.73530247455
FDC53,OUT017,1621.9034561119317
FDY45,OUT013,4037.3280923965744
FDA22,OUT010,424.3461156182162
FDE02,OUT035,1598.086346706927
FDW21,OUT045,1669.4427802637288
FDV34,OUT046,1092.853048663898
FDS59,OUT049,1746.7224449537343
NCW17,OUT017,2152.855728243427
NCK54,OUT046,1907.1405531730481
FDG17,OUT019,802.4104654048383
FDG35,OUT017,2893.316636586878
FDD08,OUT010,86.132083357484
NCO07,OUT017,3730.0398021815495
FDJ10,OUT010,543.0509037354119
FDW36,OUT017,1705.234159331576
FDW21,OUT010,506.9232650068956
FDY19,OUT017,1992.8947923255705
DRE03,OUT013,769.663448599645
NCC55,OUT049,758.3161469316944
FDH52,OUT010,350.8619940340145
FDO09,OUT017,4375.569885534452
FDU43,OUT045,3899.2555755420117
FDX09,OUT010,445.9789579862162
FDH40,OUT019,436.84051316570645
FDW58,OUT017,1744.4948126303775
FDC47,OUT017,3915.632624314362
NCR41,OUT035,1605.5699675812236
DRG49,OUT035,4198.025013251188
FDC52,OUT027,3687.90609720088
FDY13,OUT046,1093.861335924185
FDY35,OUT013,732.6764598594157
FDI35,OUT017,3276.1693961927344
NCU18,OUT049,2243.5207497926267
FDY33,OUT018,2370.7010214668944
FDC15,OUT027,3826.7644847312
FDU01,OUT049,3157.159535676009
NCU42,OUT046,2702.902239634142
NCV29,OUT018,2855.241001791318
NCY30,OUT017,3201.143061173307
FDQ46,OUT049,1975.0276622882664
FDG58,OUT027,3832.122480786994
FDK33,OUT017,3585.6890374386635
NCD07,OUT045,1887.5909171136507
NCX29,OUT027,3673.4503806588386
NCT42,OUT013,2419.240215174806
DRN59,OUT035,812.8146229382397
FDI44,OUT035,1333.959673079221
FDA45,OUT049,2376.2326016746592
FDP31,OUT045,996.7106297087159
FDY01,OUT046,1898.9267844572037
FDT09,OUT018,1639.6066930565146
DRH03,OUT027,2484.7277223625183
FDA36,OUT018,2874.6429662013893
NCF31,OUT017,2502.96805798628
FDG14,OUT049,2490.701874861194
FDG28,OUT027,6176.156171893858
FDU14,OUT049,4166.948216860133
FDY47,OUT019,395.25469083771316
FDI56,OUT049,1437.7434648603312
DRD01,OUT013,857.2898679483586
FDM22,OUT046,861.4203444894051
FDH33,OUT013,715.5126623394624
DRZ24,OUT013,1912.7928894621077
NCQ38,OUT046,1630.8421497823012
FDO16,OUT027,2226.623769177423
FDU07,OUT027,3947.0245179956632
NCB07,OUT013,3016.7899661543506
FDU48,OUT045,2058.222758616284
NCM43,OUT045,2618.8791045816124
FDR31,OUT010,470.3246452538052
DRK49,OUT018,497.554124295606
NCI30,OUT010,660.4758417942664
DRD60,OUT017,3006.8435126287245
NCG19,OUT046,3573.0476830279163
FDH12,OUT035,1707.4513881976868
FDM32,OUT035,1533.7478498301687
FDM27,OUT035,2483.3946125343437
NCU53,OUT027,4141.994599457876
NCQ18,OUT046,1581.2393105088856
FDS10,OUT013,2825.5562388283083
FDB33,OUT027,4341.255271288546
FDI12,OUT013,1316.8876116013835
NCW42,OUT013,3671.7831894113515
NCC06,OUT018,1620.628967933944
FDW02,OUT017,2159.0367802624305
NCD43,OUT017,1734.5966971694747
FDM57,OUT018,1160.6713819125366
FDA58,OUT017,3923.7404149912873
FDK56,OUT046,3065.438135709003
FDP52,OUT045,3854.912974110111
FDW20,OUT018,1562.890169274303
FDS52,OUT049,1696.3299491829712
NCT29,OUT018,1519.4345919442642
NCL54,OUT013,2821.6604073560134
FDC05,OUT045,3000.361629262403
FDF34,OUT035,3090.322747376664
FDP03,OUT027,3268.9911789923617
FDD32,OUT010,393.9234866420656
FDZ10,OUT045,2032.0132642539124
FDZ40,OUT035,898.8237828759476
FDD51,OUT018,513.8996232076265
NCY30,OUT019,500.03186003771106
FDP58,OUT017,3546.1205314759122
FDV49,OUT017,4335.6292845287435
FDY24,OUT019,237.92333517295316
NCO55,OUT017,1706.3788563304693
FDR13,OUT017,2005.8501119820448
FDS51,OUT017,1065.2645634222192
FDP26,OUT045,1616.731435989158
NCB54,OUT027,3423.9763940857006
FDF32,OUT017,3233.8666247041992
FDN31,OUT018,3035.7105351528003
DRM48,OUT017,695.2268964254115
FDN20,OUT049,2775.3858473881824
DRL01,OUT046,3809.305807112005
FDV56,OUT049,1702.7231443212572
DRH13,OUT027,2585.62669124898
FDA03,OUT017,2500.8035313392156
FDF47,OUT027,5572.258757874017
FDX32,OUT046,2418.6515863286913
FDX57,OUT049,1562.9196126773222
NCA30,OUT045,3021.8773860027995
FDO49,OUT013,774.9721104874543
FDL04,OUT019,328.91784884309067
DRM48,OUT035,695.2268964254115
FDR16,OUT013,3427.886479996755
NCC19,OUT018,2989.4516446950747
NCE42,OUT045,3482.5471369850397
FDY24,OUT017,885.9937373731128
FDH19,OUT049,2879.565478162782
FDJ46,OUT013,2827.9761697058107
FDN45,OUT010,682.6211118743506
FDY08,OUT035,2156.811839277448
FDZ37,OUT035,1420.0038485308778
NCT30,OUT045,778.8274338132425
DRY23,OUT018,499.01730808381546
NCZ30,OUT018,1594.7569794121757
FDC44,OUT018,1472.4947471349078
FDB45,OUT035,1691.7029201505102
FDY04,OUT013,2594.7292440230094
FDM27,OUT046,2558.350591112599
FDZ43,OUT017,4111.670075801032
FDT39,OUT019,437.00052655117224
NCC06,OUT019,374.9110963091391
FDL15,OUT027,3947.5004214503338
FDL57,OUT017,4294.000019032598
FDU08,OUT046,1504.365271090502
FDK40,OUT017,4419.336980122766
FDQ12,OUT010,832.9849913010019
FDS48,OUT017,2521.5098056865213
FDP09,OUT045,3478.443148307345
FDW21,OUT049,1660.7751150724694
FDY25,OUT035,3035.8202548738645
DRE13,OUT017,1395.625251203567
FDV43,OUT019,134.91676745323582
FDD22,OUT045,1848.1717219794318
FDM46,OUT019,394.0565369246198
NCO30,OUT010,613.435783268988
FDM25,OUT046,2825.361837386146
NCN41,OUT049,2126.6308816078526
FDU24,OUT045,1436.5532697419528
FDZ50,OUT046,3062.1772777180786
FDP45,OUT013,3981.2687836612527
NCM54,OUT045,2030.5280761076797
FDW10,OUT019,456.4030345553165
FDP20,OUT017,2136.5478759305447
FDK32,OUT046,2420.167730550073
FDN52,OUT049,1369.2104714945724
FDM58,OUT045,1746.1668580866267
FDZ46,OUT027,2909.781142529286
NCA18,OUT018,1481.7813515313107
FDD35,OUT046,2026.8339425185236
NCK31,OUT035,814.2058991619086
FDI40,OUT027,2664.9276645627615
FDT50,OUT019,380.26745410405414
NCT06,OUT046,2628.268363118887
FDT31,OUT035,3012.8209927865923
FDT45,OUT049,924.3870596203201
FDT13,OUT045,3103.011551474516
FDO50,OUT045,1370.0491215270117
NCU18,OUT010,579.8080566861403
NCR54,OUT049,3240.031721279207
NCO18,OUT018,2761.8078639401033
FDU09,OUT045,861.9258954984838
FDT13,OUT018,2985.867995121112
FDE09,OUT046,1873.1662402278232
NCK53,OUT019,340.31098963732467
FDG45,OUT049,3667.234462626976
DRH15,OUT035,742.7891326519984
FDO21,OUT019,791.1496126253479
FDD14,OUT027,5103.263152953023
FDC09,OUT046,1630.8421497823012
FDH45,OUT027,1091.9989872579615
FDV32,OUT046,1031.5453023850462
FDG12,OUT035,2025.380705889148
FDS32,OUT013,2082.5759596105777
NCL55,OUT018,3446.503609865818
DRE01,OUT035,3979.9730999529556
DRE15,OUT049,1273.9551074258186
NCL42,OUT045,3665.768202645329
FDP31,OUT013,980.8897316665096
FDN33,OUT018,1277.8106266546192
FDZ59,OUT046,2630.3026515622037
FDE45,OUT010,489.880577759997
FDJ07,OUT013,1914.3090336834896
FDQ45,OUT018,2948.8553943161382
FDM33,OUT027,5341.527682942051
FDO15,OUT010,399.10203202362754
FDM46,OUT013,1441.466031920887
FDR03,OUT045,3312.3078633232
FDY49,OUT018,2659.0084787294572
FDQ60,OUT045,1904.688979664329
FDW10,OUT049,2658.5103169510485
FDO51,OUT049,751.6972147867115
FDJ40,OUT018,1392.9932360459773
FDS20,OUT018,3044.4808527429777
FDU45,OUT013,1880.5868484713594
FDV02,OUT035,2765.979847154984
FDN09,OUT046,3913.646473055136
NCM55,OUT027,5057.261592517437
FDN23,OUT018,2098.434796415083
FDY31,OUT010,474.6417355166176
FDW03,OUT010,534.3416175737349
FDD14,OUT046,3012.855543611699
FDV23,OUT017,2114.2167256745797
DRI03,OUT045,2815.7025012627582
FDN13,OUT035,1651.923909573862
FDF45,OUT027,1757.74912407159
FDU46,OUT035,1413.2981644681515
FDB57,OUT049,3727.0485742362503
FDV12,OUT049,1649.8823063728623
FDQ58,OUT013,2425.4997145024095
NCA18,OUT017,1974.5334081101216
FDH52,OUT049,994.1072879951544
FDM24,OUT018,2098.434796415083
NCP43,OUT027,4900.532148174312
NCO18,OUT019,460.638411302529
FDM32,OUT017,1464.6083350037125
NCL07,OUT017,715.790028756511
FDK03,OUT013,4199.789228793608
FDP59,OUT017,1673.954333212015
FDQ24,OUT049,4198.254568565997
FDQ16,OUT018,1405.081574265393
FDU44,OUT013,2558.350591112599
FDH28,OUT010,62.13288859449183
FDV28,OUT019,92.82518611753956
FDM22,OUT045,862.6701782844967
FDR56,OUT046,3065.438135709003
FDV39,OUT049,2980.9575422693674
FDU37,OUT019,433.50556002496285
FDQ11,OUT010,912.6069712665217
FDX02,OUT045,3684.5621427121414
NCS42,OUT018,1281.9768859118496
FDY57,OUT027,2559.595043981707
FDB21,OUT049,3863.5152633180433
FDE28,OUT017,3846.0262896788518
FDQ55,OUT017,2009.4978819090995
FDA48,OUT049,3708.4145856621126
FDZ19,OUT045,2806.8859391000656
NCC43,OUT045,3817.0107467931434
NCV18,OUT046,1285.9701881383028
NCA42,OUT018,2391.628609474967
FDY45,OUT046,3988.4855884611666
NCC30,OUT045,2866.539845024851
FDM57,OUT013,1319.501943921048
FDL09,OUT010,377.1486960935226
FDB09,OUT027,3434.3949430540897
FDT44,OUT035,1977.8334709847022
NCT06,OUT027,4136.741240791688
FDX26,OUT049,3213.1012653125963
FDK32,OUT013,2422.802930833655
DRA12,OUT046,2115.94348398619
FDO46,OUT010,619.0724809677062
FDE52,OUT013,1316.2305063313872
NCH42,OUT045,3859.2172084059803
FDV08,OUT035,738.4018307467228
FDB47,OUT018,3157.5033625847427
FDC28,OUT010,456.6341912838145
FDD22,OUT046,1901.5411167768682
FDS07,OUT027,3245.813667582207
DRI13,OUT045,3484.072694734292
FDG32,OUT018,3375.5027048404854
FDU14,OUT017,4263.336069264144
FDD28,OUT019,273.19770724799423
NCP41,OUT017,1760.997440536927
FDS08,OUT049,2930.8377675542088
FDX47,OUT045,2507.779525426798
FDC53,OUT019,339.0030876655106
FDQ19,OUT035,4074.587044713852
FDL14,OUT045,2415.49690832734
FDM33,OUT019,714.0759662706145
FDA51,OUT045,1885.4176676222726
FDZ27,OUT018,651.1619523279043
FDT04,OUT046,710.6058138339596
DRC13,OUT049,2116.3891531792233
FDR16,OUT027,5318.818004920021
FDQ03,OUT027,6081.81848646068
FDE38,OUT035,2754.9733838239754
DRH23,OUT027,1731.0107734039698
FDT11,OUT019,596.8417068830709
FDD09,OUT035,2996.5436265363883
FDR40,OUT045,1279.6988884791097
FDX07,OUT017,3214.1152170438813
FDR07,OUT035,1543.0544860850166
FDA51,OUT017,1976.0935317062363
FDT59,OUT019,796.1539567195363
FDF20,OUT017,3141.8336582526285
FDR13,OUT045,1889.1070613350325
FDY26,OUT049,3686.3289946280847
FDW04,OUT017,2152.3968843103544
FDK52,OUT017,3897.3256897335255
FDN60,OUT049,2646.548527280353
FDM09,OUT019,453.8103194336804
FDP46,OUT049,1372.154765581601
FDB50,OUT019,433.50556002496285
NCQ29,OUT049,4111.794276575439
FDP16,OUT027,6163.894087418655
FDX33,OUT018,2399.9380678825682
FDP07,OUT010,610.1000868266807
FDN22,OUT046,3712.7115082875052
FDF39,OUT049,4225.961145988856
FDS21,OUT017,1069.2891186563347
NCM42,OUT013,1634.9886545912452
FDK50,OUT019,421.8634923278279
DRF13,OUT027,3762.1601266708503
FDH35,OUT018,2412.1958418149197
FDP60,OUT018,1307.4464434612623
DRJ49,OUT027,3348.184334023846
NCT42,OUT019,433.664830108865
FDE38,OUT049,2800.578901179186
FDI04,OUT049,3142.936443292177
NCH54,OUT045,2510.609635045235
FDT56,OUT049,978.4317841746082
DRD15,OUT018,3217.7295396868763
FDV58,OUT013,2603.945078677623
FDP21,OUT049,3216.892104105461
FDH05,OUT013,3675.009043825909
FDR10,OUT027,3979.6636077250228
NCP06,OUT045,2380.137332004713
FDF33,OUT049,1691.0237901562614
DRK37,OUT013,3099.068505217161
DRH49,OUT045,1284.6724216322682
FDT58,OUT013,2669.567686138646
FDD41,OUT018,1396.613758447239
FDP40,OUT018,1449.7746878529954
FDM51,OUT027,2593.150033416615
FDO45,OUT010,513.0429525646908
FDW33,OUT010,477.49362023337693
FDY24,OUT045,856.5796298359757
FDB10,OUT010,652.119134028985
FDM40,OUT035,2179.3476433856704
NCI06,OUT017,3015.6511332775867
FDW12,OUT019,399.18338904533994
FDX48,OUT027,3936.999048508445
NCW05,OUT027,2678.307953855267
FDX27,OUT017,1576.3219935998884
DRM37,OUT045,3017.051686254791
FDA38,OUT045,3846.616014186288
FDR36,OUT046,717.6669141966736
FDZ45,OUT046,3082.4531086528546
FDG05,OUT017,2622.422196371901
FDK28,OUT013,4144.379772574987
FDV47,OUT045,1325.1544904512834
FDN21,OUT045,2512.8660054386874
FDP20,OUT027,3582.6450300880315
FDI35,OUT045,3148.3742822186723
DRY23,OUT013,711.6093745791272
FDA56,OUT017,2150.0293446064265
FDB09,OUT013,2020.0795076116651
NCO26,OUT027,2980.7011923792347
FDQ49,OUT018,2141.2141377653425
FDI52,OUT027,3211.0717257431866
FDZ44,OUT027,3156.7803782074543
FDZ09,OUT018,2491.4168942595356
FDY03,OUT049,1996.8244766493403
NCG42,OUT017,2172.4203669399258
DRI13,OUT027,5437.9594263785575
FDQ32,OUT013,2037.6812532765912
FDW16,OUT035,1455.2038667580177
FDU27,OUT046,770.3911383514723
FDR28,OUT010,461.08419000285267
FDQ49,OUT010,489.14789972357073
FDS37,OUT046,1900.4429286785855
FDW26,OUT018,3042.4104580370913
FDX12,OUT018,3269.709148425471
NCP06,OUT013,2385.182610643756
FDW45,OUT010,492.3371574152756
NCN30,OUT049,1562.698236406895
FDN24,OUT049,922.6761111051421
NCL41,OUT027,1022.9271030350652
FDR02,OUT019,331.91964329061506
FDD09,OUT010,537.6678896155707
FDS33,OUT010,513.8412576709012
FDU22,OUT045,1945.190806398592
FDI53,OUT013,2578.068076360919
DRH01,OUT049,2916.6100875332086
FDX32,OUT013,2115.1284265966883
NCP30,OUT018,511.0785951925608
FDB60,OUT045,3092.091946696438
FDB14,OUT049,1496.8523374401113
NCP02,OUT035,901.6478290691433
FDJ10,OUT017,2134.192819347622
FDG34,OUT046,1752.696449506308
NCB18,OUT017,1401.5727303111537
FDM16,OUT049,1092.8666513968578
FDW25,OUT018,1180.307960779916
FDB35,OUT010,518.3802030910832
DRN11,OUT013,2111.091643322501
FDF41,OUT019,620.5233916078084
FDH16,OUT045,1315.3644137093465
NCQ50,OUT018,3098.1607149679576
DRH23,OUT018,735.4350766596974
DRJ37,OUT013,2414.614803054504
DRJ24,OUT027,5032.2304400585945
FDY16,OUT035,3145.215900768012
FDQ27,OUT045,1675.7526828208947
FDZ33,OUT045,2409.130310733916
FDF29,OUT045,2070.7234109601136
FDA08,OUT049,2703.168634646971
FDG31,OUT046,1032.2895851710593
FDE34,OUT019,636.1549278804176
NCR30,OUT027,1990.211176038444
FDV33,OUT035,4193.17435097389
DRZ24,OUT018,1529.1598451931259
NCL54,OUT035,2888.0982443862094
FDR12,OUT049,2940.8488841437884
NCC54,OUT046,3752.7098641114926
DRN59,OUT013,774.8697897044558
FDX50,OUT019,266.5956668338
FDV31,OUT027,4871.145907656111
NCA29,OUT027,4643.254663518451
FDW60,OUT049,2926.092819549043
FDX08,OUT017,3197.013738152994
DRD49,OUT013,3782.635231721873
FDD33,OUT046,3792.675138866331
FDW35,OUT013,716.3743897671169
FDJ36,OUT017,1701.5850968881848
FDV51,OUT035,2747.9539729384283
FDW36,OUT046,1631.756697045471
FDH35,OUT046,2629.005134692495
NCS30,OUT027,3319.9148837537514
FDN49,OUT017,728.4652792908078
FDL08,OUT018,3262.6513950605067
FDI09,OUT013,3772.273670574285
FDP19,OUT018,1610.1832945133988
FDU21,OUT010,85.23189422447413
NCP41,OUT045,1618.680564765576
FDY10,OUT013,1880.5868484713594
FDP12,OUT018,490.78145704046796
NCN26,OUT049,2016.7339033646886
FDK44,OUT013,2814.8235780649447
FDC28,OUT049,1732.4486720035375
FDJ41,OUT027,6191.5832758801025
NCT29,OUT035,2099.1755687077166
NCH42,OUT019,834.445654246433
FDU60,OUT018,2614.000903198511
FDS02,OUT045,3048.375786353514
FDC51,OUT046,2025.7822333598729
FDU03,OUT013,3065.812931626974
FDX39,OUT045,3631.819061884619
NCY05,OUT010,89.77447579399221
NCL06,OUT027,6011.984946229995
FDD32,OUT035,1334.7963787492906
NCN41,OUT045,2007.2274960467312
NCX53,OUT049,2209.87374994265
FDU57,OUT019,432.1486858874832
FDQ23,OUT046,1639.8962370496317
FDQ52,OUT045,4062.7354235744256
FDC14,OUT045,715.353585852852
FDY09,OUT035,2911.4341364412658
FDQ28,OUT045,2414.681850937838
FDV25,OUT046,3749.0089009329645
FDJ07,OUT035,2005.4120901694023
DRB25,OUT049,1710.1444854768233
FDK52,OUT019,672.5976316139395
FDY52,OUT027,1800.1192239543063
FDB28,OUT046,2991.5944091561782
FDT36,OUT035,708.6073844101204
FDV25,OUT017,3867.6276490706214
NCN07,OUT027,3420.2391796408956
FDC57,OUT017,3179.176338559804
FDQ03,OUT018,3178.3812826683825
FDU23,OUT017,2781.1222364299488
NCX41,OUT035,3690.1401725591745
NCD06,OUT035,814.750571816566
FDW08,OUT045,1625.6023099749987
NCU29,OUT017,2508.537649815946
NCE06,OUT013,2549.1524966090915
FDV52,OUT010,445.30450644250914
FDB02,OUT017,2912.6810734049973
NCR18,OUT045,709.9880399169102
FDK16,OUT049,1555.2106391025509
NCQ29,OUT010,725.4147807818754
FDZ01,OUT019,341.8271338587064
FDW27,OUT035,2559.4294832645396
FDD17,OUT018,3218.8553255092525
FDW39,OUT013,2818.7494842465258
DRH59,OUT045,1072.591424763383
FDS52,OUT013,1634.09097445919
FDU40,OUT027,5509.112781927716
NCF54,OUT013,2810.263556507191
FDH46,OUT045,1617.4679455898097
NCP14,OUT049,1717.5179666567255
FDH50,OUT049,3218.4429416570156
DRF15,OUT010,497.960317294509
FDV27,OUT027,2316.323144747684
NCJ06,OUT049,2090.355361208168
FDN02,OUT018,3095.0905595721374
FDQ51,OUT049,861.844043936606
FDQ07,OUT017,3801.951015489217
FDS45,OUT049,1736.2416224539645
NCJ06,OUT045,2007.2372246519499
FDD36,OUT035,2004.3395583021847
FDY25,OUT045,3146.1122143696953
FDU52,OUT046,2417.250003338086
DRK47,OUT017,4022.0304915694514
NCL30,OUT017,2136.5478759305447
FDN22,OUT035,3904.5346722069303
NCF30,OUT027,3307.7614227028184
FDK03,OUT035,4399.1206356075945
FDT45,OUT017,907.2894402582144
NCC54,OUT027,5779.625547021438
FDP08,OUT018,2940.230206657526
FDU44,OUT046,2586.213718978124
DRG39,OUT035,886.8885378903123
FDU32,OUT049,2130.864677461906
FDY27,OUT049,2927.4415231474486
NCP54,OUT013,2023.4152040539723
NCZ41,OUT049,2161.528205284583
DRL49,OUT013,2160.616875183522
FDI05,OUT018,1056.6709768016012
FDY56,OUT045,3853.550379924689
DRC13,OUT013,2019.3784207797848
NCV29,OUT017,2993.1248880718363
FDR24,OUT049,1436.41592293145
FDZ34,OUT018,3014.5515918868464
FDP37,OUT035,2114.2167256745797
FDX08,OUT027,5009.808143698153
FDS57,OUT045,2109.6439342761
NCG18,OUT049,1708.2379918040212
FDK25,OUT018,2625.1464250476247
FDH53,OUT049,1252.0564423031117
DRI59,OUT018,3228.219361489569
FDA52,OUT046,2808.520695490956
FDT20,OUT010,95.56848636453122
FDE36,OUT019,416.3105648322587
FDI24,OUT017,2877.4639697782886
FDB28,OUT018,3033.86217135055
FDV11,OUT017,2863.79146113878
FDP01,OUT046,2384.4821144850307
FDD34,OUT027,4031.3931668102296
FDJ50,OUT027,1498.8382296296625
FDZ44,OUT013,1914.3090336834896
DRO59,OUT035,1217.40264484501
DRB48,OUT045,708.3419148532887
FDR21,OUT018,2808.3554160045965
NCE42,OUT010,571.624738758052
FDO23,OUT046,1442.1496358103254
NCE30,OUT018,3050.2135681654327
FDQ22,OUT035,708.8065063281272
FDY01,OUT045,1887.5909171136507
FDS08,OUT017,2875.4686695353103
FDG28,OUT018,3173.876339064027
FDQ51,OUT018,653.3894853351645
FDB05,OUT017,4235.420414829755
FDO56,OUT049,2001.271322389137
FDE02,OUT018,1278.5751459244498
FDN45,OUT017,3705.726443783758
FDS09,OUT013,778.1311154617764
NCA54,OUT018,2835.588760149088
FDP09,OUT010,671.1392385276978
FDC53,OUT045,1574.5978275817724
NCM55,OUT017,3134.5414123201776
FDL09,OUT018,2606.109648923864
FDA11,OUT019,390.1067402636742
FDA50,OUT045,1494.3015271913591
FDC23,OUT017,3041.618914370442
FDE22,OUT049,2681.2555355434183
FDD23,OUT046,3111.015008795253
NCA29,OUT049,2978.341766283503
FDK38,OUT046,2412.485780267947
DRC13,OUT046,2019.3784207797848
NCP43,OUT049,2923.6028128043286
FDX28,OUT049,1642.7805039078116
FDF08,OUT049,1436.41592293145
FDZ33,OUT046,2417.229135374169
FDD10,OUT049,2795.812008885432
FDO58,OUT017,2653.055742242429
FDI50,OUT017,4054.457245763222
FDO58,OUT045,2575.7843966214714
FDX08,OUT013,2953.802755808786
NCK17,OUT010,102.891137795478
FDF39,OUT035,4333.146914043274
FDU45,OUT010,441.07014651727513
NCJ18,OUT018,1479.2590881697834
DRC27,OUT019,633.6887345088743
DRC25,OUT035,1429.2050087779996
FDU59,OUT035,2595.7477709248387
FDU28,OUT035,3149.771819149887
NCP30,OUT046,713.369763767247
FDB39,OUT018,724.7715315810716
FDE41,OUT013,1314.0635654081877
DRH11,OUT010,237.72634847034084
FDA58,OUT045,3750.8887835572887
FDU50,OUT046,1899.9854925116
FDM34,OUT013,2046.5906252962252
FDM44,OUT027,2703.6937828181362
FDR39,OUT045,3043.344478633137
FDM25,OUT045,2814.7664828552165
FDQ49,OUT049,2499.9051128162027
DRH25,OUT018,698.8671490388592
FDM09,OUT027,4196.551791850888
FDL44,OUT019,415.9188878272183
NCR42,OUT018,488.9147970571827
DRL59,OUT046,851.1712376637886
FDX43,OUT013,2663.3081868110426
DRK47,OUT010,734.0408380400404
FDU48,OUT018,1618.8679259465532
FDY12,OUT045,778.8274338132425
NCN43,OUT018,1605.0804429244301
NCM55,OUT018,2989.7160956528783
FDQ21,OUT027,3274.38427729048
FDX13,OUT035,4239.640570954505
NCK30,OUT027,6061.823546775023
FDG20,OUT049,2937.1938387327814
DRG27,OUT017,732.6996858131495
FDY14,OUT018,3653.5555541115277
FDP59,OUT035,1673.954333212015
FDU60,OUT017,2749.8910927488564
NCC18,OUT019,415.79227023356117
DRJ39,OUT017,3665.897435833254
FDS07,OUT049,2006.3876429138268
FDM08,OUT027,5827.966865227748
FDP51,OUT045,1966.9846026312298
FDU16,OUT035,1363.8437609710013
FDH12,OUT013,1630.240552824089
DRE48,OUT010,619.0724809677062
NCL42,OUT027,6199.97282830708
FDR21,OUT045,2800.162121829678
NCW29,OUT035,2173.324472318426
FDO11,OUT013,4033.279129030016
NCM31,OUT049,2206.788861856736
FDV35,OUT019,395.81012162587285
FDF58,OUT017,1074.3837940443834
NCE43,OUT049,2849.9601654625217
FDA02,OUT035,2538.9491410707933
DRL37,OUT010,95.20989038464018
FDR24,OUT018,1263.5112383920803
FDW59,OUT049,1340.1129565834535
FDS22,OUT049,755.7154723827471
FDW24,OUT017,804.1146982538081
FDU24,OUT035,1587.5934919465428
FDA21,OUT027,5147.299896465422
FDH58,OUT027,2966.379932738869
FDW36,OUT018,1389.2986309594883
FDI45,OUT027,4708.450216253306
FDU01,OUT018,2998.363369585281
FDF35,OUT027,2722.9983427200364
FDU43,OUT019,599.1257350067588
FDE24,OUT019,410.2734951982271
FDK50,OUT049,2695.4783117390407
FDG31,OUT045,1026.1435344723238
FDC60,OUT045,1400.1102400162977
FDL36,OUT013,1370.2644174472348
FDP21,OUT013,3097.6749523582507
FDW16,OUT045,1371.6436304268914
FDX02,OUT017,3887.1011418446096
FDQ58,OUT027,3863.661554059002
FDT51,OUT046,1755.2404407935583
FDD59,OUT049,1256.1302028469465
NCM42,OUT018,1409.186130682036
FDA57,OUT018,512.7247202561823
FDZ48,OUT035,1933.2693733059225
FDE46,OUT045,2383.2764605704892
NCZ30,OUT019,344.06128990175375
FDB56,OUT017,3176.960279109014
FDA25,OUT027,2678.1300658285218
FDD20,OUT013,2020.0795076116651
FDL25,OUT013,1433.2844831694497
NCO18,OUT049,2952.6612285035962
FDJ45,OUT017,735.3930187405026
FDR12,OUT035,2779.049015388168
NCF19,OUT010,151.70304585625667
FDK25,OUT046,2705.4882713475035
NCR17,OUT046,1900.4429286785855
FDC52,OUT046,2425.8704562982807
NCA54,OUT017,2973.902159424208
FDR45,OUT010,828.4601076782437
NCM19,OUT049,2001.4779314914044
FDF39,OUT027,6343.347876138831
FDX23,OUT049,1558.023073645965
FDD58,OUT027,2562.7745814871673
FDX28,OUT013,1630.6484641766676
NCD31,OUT013,2592.9681538849827
FDU57,OUT018,2112.1631958215658
FDI27,OUT046,772.7988609960761
NCM42,OUT046,1631.415109084556
FDD32,OUT027,2172.018831503099
FDI34,OUT013,3748.2143199498573
NCM29,OUT049,2179.689406691277
FDG46,OUT018,1459.639445440097
DRC01,OUT010,153.10137530670312
FDB15,OUT027,6186.316059749764
NCA17,OUT027,3762.86121350273
FDF10,OUT046,2421.265918648356
FDR26,OUT027,4779.6182369760545
FDI02,OUT049,1943.7649298452188
NCM54,OUT010,515.1733112791663
FDF14,OUT013,2422.8853821827447
FDJ33,OUT010,476.0984123034624
FDM20,OUT035,4115.618713512568
FDC03,OUT027,5456.492382195984
NCX05,OUT046,1896.0612426871799
NCM41,OUT027,2442.984363953366
NCU29,OUT010,493.32436389819406
FDQ59,OUT017,1364.4790861363313
FDH46,OUT010,471.92640380160407
FDH09,OUT013,831.2003247195714
NCD06,OUT045,780.1163892539129
FDC15,OUT035,2466.5072628725566
DRD37,OUT027,1080.4785541563301
FDT28,OUT027,3750.13555980424
FDR28,OUT027,4108.7674445338625
FDT38,OUT017,1392.317127845106
FDV34,OUT027,1971.0793185556738
FDY52,OUT035,1075.0707789745868
FDB34,OUT013,1320.1035408792602
DRL23,OUT018,1397.6071445158527
DRB24,OUT046,2425.5205824663267
FDJ50,OUT046,855.4562398530309
FDQ49,OUT035,2506.8362866895714
FDP20,OUT035,2116.767460273482
FDV19,OUT027,4240.445781001047
NCR54,OUT045,3062.4694623668547
FDO09,OUT010,728.420364532041
FDS57,OUT018,1611.9497751802428
FDN10,OUT049,2003.8856547088014
FDV23,OUT049,2125.3173860891134
FDY28,OUT049,3566.4135410578515
DRG51,OUT013,2595.9532280005187
FDD45,OUT019,309.36191821146355
NCL18,OUT027,5467.939545859466
NCM29,OUT013,2078.022495029479
FDF17,OUT027,5505.777085485409
FDE22,OUT017,2673.8272445651623
FDQ22,OUT017,716.870579815005
FDS01,OUT013,2921.8129147157297
FDW35,OUT027,1025.671153207674
FDJ33,OUT046,2017.1409124357604
NCF54,OUT035,2892.808715405714
FDE09,OUT013,1683.6102951315406
NCE06,OUT045,2572.7231525176758
DRH49,OUT049,1248.7734018131005
FDY43,OUT045,2691.8705345660114
NCT05,OUT017,4222.031132479337
FDZ34,OUT045,3145.7954192226575
FDL38,OUT017,1434.2173248804008
FDZ31,OUT017,3127.2967163728404
FDR14,OUT035,878.217419551613
NCN54,OUT049,1257.5950693829743
NCC42,OUT027,3434.004716152082
FDK08,OUT017,1631.6955678382967
FDP59,OUT013,1594.7322096899943
FDV22,OUT035,2650.926411038312
FDD33,OUT035,3885.270092769821
DRE60,OUT027,6025.547173478344
FDK52,OUT046,3781.307468394042
FDA02,OUT017,2515.9178177305907
FDM56,OUT049,1735.6667662046389
FDE57,OUT035,2205.0144900839437
FDM32,OUT045,1370.069575914789
NCQ30,OUT027,3148.962615999937
FDQ27,OUT027,2596.605749583727
FDT60,OUT027,3217.6031614996427
FDU43,OUT049,3967.4210615371303
NCO55,OUT035,1706.3788563304693
FDG02,OUT045,2921.5564413704537
FDJ28,OUT013,3095.060620038586
FDP40,OUT045,1830.750268969313
FDJ38,OUT045,3099.5928130099646
NCC54,OUT017,3968.019921987123
NCZ41,OUT046,2025.5712091831272
FDK38,OUT019,433.664830108865
FDU52,OUT013,2417.250003338086
FDC40,OUT046,1231.5949004840902
NCR30,OUT017,1164.2050282507937
NCN18,OUT017,1936.233253743731
FDB50,OUT035,1342.217766172437
FDG04,OUT013,2942.647228696055
FDR26,OUT035,2845.3919000065166
NCT17,OUT018,3001.297147825555
FDX35,OUT027,4909.7521396689
FDS12,OUT046,2036.3110159556634
NCZ29,OUT027,3347.0623544187188
FDB38,OUT010,460.3569640314548
FDP12,OUT013,707.2413300813013
FDP22,OUT046,822.158680582216
FDS26,OUT018,3348.4840565952277
FDR52,OUT046,3067.9435729661395
DRJ13,OUT046,2570.615175316877
FDU48,OUT027,3421.455755032895
FDE29,OUT035,1054.8144281735672
NCT29,OUT049,2126.6308816078526
DRK37,OUT018,2973.5511959383884
FDK55,OUT046,1313.0105572066122
FDR07,OUT046,1459.5307904049453
FDO21,OUT027,5261.216414147297
FDK46,OUT049,4264.554640381824
FDB12,OUT045,1618.904685480536
FDT31,OUT027,4865.050021650531
FDJ33,OUT045,2005.8050450922083
FDC26,OUT027,2942.16850594248
NCQ02,OUT045,2892.2528366559677
FDP08,OUT010,499.3456358209903
FDB11,OUT027,5676.9027046696065
FDV55,OUT013,2424.5005654203173
FDW20,OUT049,2052.3234532725523
NCJ18,OUT019,305.91252565545096
FDC41,OUT018,986.3717718391771
FDE14,OUT027,2627.383750514558
FDG35,OUT013,2746.2660103829817
FDF45,OUT035,908.2070108875249
FDS19,OUT027,2183.0889694937086
FDS58,OUT019,423.7812695882849
FDA26,OUT017,3878.1801338714754
FDM32,OUT049,1348.1835969864246
FDL45,OUT046,2047.8139722132053
FDZ55,OUT049,2675.384521541033
FDY37,OUT049,2223.9498566796656
FDO46,OUT046,2955.4774105000984
FDQ60,OUT046,1951.1711805665802
FDA19,OUT018,1617.1449405799756
FDL15,OUT046,2427.1357657038993
FDM10,OUT018,2879.429656648397
NCL05,OUT017,740.0480691993049
DRK49,OUT010,97.14583926296645
NCE18,OUT027,6299.7436466984645
FDG40,OUT049,736.4520067196651
DRI59,OUT045,3687.897839154449
FDK28,OUT035,4258.0893009513975
NCD06,OUT019,170.13962025140052
FDO11,OUT019,868.8335479540387
FDK27,OUT046,1950.1498426273445
FDT43,OUT027,1361.7574704364738
FDD38,OUT018,1410.8278034484238
FDA16,OUT049,3681.7695242405466
FDL14,OUT027,3941.035831782632
NCM17,OUT049,765.4846541141404
FDD20,OUT045,2015.4980751749717
FDA40,OUT045,1303.7289892980557
FDL43,OUT045,1260.5273480378364
FDV15,OUT045,1618.904685480536
FDE52,OUT046,1370.4512749585774
NCL17,OUT010,494.2383315029818
NCJ31,OUT045,3672.283929037246
FDR60,OUT045,1258.1672410351157
NCA18,OUT035,1974.5334081101216
FDS21,OUT027,1805.0538315476658
FDW09,OUT035,1353.6944965337661
FDL26,OUT035,2517.3974034070584
FDS47,OUT018,1242.1038888346168
FDC39,OUT046,3364.5616285517417
FDT51,OUT035,1856.4762291968823
FDK40,OUT035,4255.374760603588
NCG19,OUT045,3581.4527905758
FDZ07,OUT046,980.1373382336064
FDF08,OUT027,2423.635582684948
FDO04,OUT013,853.9754326163876
FDK41,OUT018,1157.3645391418245
FDP15,OUT049,4293.886067493653
NCD43,OUT018,1414.328227129426
NCP18,OUT013,2423.5034269923804
FDZ51,OUT046,1440.3678438226043
DRH13,OUT035,1736.178651882388
FDF38,OUT045,708.6448009603577
NCI43,OUT045,778.2008947633637
FDM38,OUT027,1792.1339276734473
FDS03,OUT013,1031.5453023850462
DRJ47,OUT017,2882.0680178177836
FDT50,OUT010,511.77618602864544
FDV02,OUT046,2831.704112939653
NCG18,OUT017,1728.659821378142
FDW52,OUT046,2619.7528380740014
FDS40,OUT035,714.6369271701255
FDN31,OUT017,3205.783863705746
FDA37,OUT045,2004.7068569939256
FDA15,OUT046,4254.800485720311
FDL39,OUT046,2908.9210982239683
FDJ53,OUT045,2000.366666579348
FDX22,OUT013,3597.971003384082
NCZ42,OUT045,3915.5635276106477
FDD56,OUT027,4549.2605516182875
FDD40,OUT017,3085.845873454734
FDS50,OUT013,3653.723125527096
NCN14,OUT013,3103.0457982194725
FDT15,OUT013,3134.8255864914577
NCS18,OUT027,2595.7800319105545
NCO26,OUT010,452.8493781222488
FDF58,OUT018,839.3901794096894
NCB19,OUT013,1320.1195691471578
FDH26,OUT017,2217.835197011602
DRB24,OUT027,3892.859638898055
FDA49,OUT018,1181.0355462576247
FDB32,OUT045,1496.4952310705146
FDI36,OUT017,3224.6592414202946
NCA17,OUT010,495.11777697960184
FDH22,OUT013,2013.4957454278217
NCM26,OUT018,2130.680815006034
FDT15,OUT027,5260.593073618187
FDB16,OUT018,1186.8315034801194
NCP54,OUT027,3277.7199737327874
FDJ36,OUT013,1629.3965900427502
FDO28,OUT045,1942.0508569642934
FDU09,OUT013,858.615244827353
FDF29,OUT017,2150.031682050231
FDY08,OUT013,2097.095011153916
DRJ59,OUT018,486.23504630810856
FDT23,OUT027,2153.4219037237594
FDU15,OUT018,481.35965594773336
FDT47,OUT013,1528.8442763722774
FDI53,OUT019,420.34734810644613
FDR59,OUT018,3428.1384269249224
FDD53,OUT035,731.7059132543088
FDY51,OUT017,3689.9310286915584
FDT04,OUT049,743.8483548839213
FDU51,OUT049,2846.8111565073164
FDG14,OUT035,2518.9267656797983
NCU06,OUT045,3759.8684637177444
DRG25,OUT046,3095.060620038586
DRH49,OUT035,1361.860454263628
FDN15,OUT035,2197.853858721464
FDL43,OUT018,1056.2144436671822
NCT18,OUT049,3301.445493515238
NCB31,OUT013,3762.3277648937183
FDK57,OUT035,2004.2305688287
FDY04,OUT019,420.34734810644613
NCP54,OUT046,2023.4152040539723
FDF41,OUT013,3726.2527903833557
FDM01,OUT045,1620.420829701918
FDW03,OUT045,1661.6701243371494
FDF28,OUT045,2009.2552905172247
FDY37,OUT017,2233.8143025123773
FDQ03,OUT017,3904.2904968956477
FDP51,OUT027,3089.2518146070456
FDJ40,OUT017,1841.6012832110237
FDC32,OUT049,1496.8523374401113
DRI49,OUT027,2308.2469338942915
NCW54,OUT017,902.1925017238007
FDF09,OUT017,709.0001838948808
FDP45,OUT018,3042.613651207
DRJ23,OUT018,3001.6990660275883
FDS59,OUT017,1847.441563292015
FDY08,OUT046,2075.767181595643
FDX16,OUT049,2507.8842354020485
FDY16,OUT018,2993.3788718458354
FDK32,OUT035,2489.650015445926
FDQ22,OUT013,714.0556923265411
NCC31,OUT018,2131.506578329242
FDG58,OUT049,2535.4831114297986
DRF48,OUT013,3084.6610181237884
DRH36,OUT049,1099.4850140551512
NCR30,OUT035,1213.7535824016188
FDB03,OUT019,653.3340454475094
FDZ28,OUT027,3392.779041657793
FDR35,OUT017,3228.7359805623782
DRD15,OUT027,6288.925156406938
FDJ33,OUT019,342.545145680372
FDA56,OUT010,484.63053347133894
FDP56,OUT046,774.9721104874543
NCT30,OUT046,775.5167831421116
FDK15,OUT017,1703.718015110194
FDH44,OUT018,2114.0812582449807
FDV01,OUT013,2411.1659560095486
DRG03,OUT017,2487.4767659545473
FDG50,OUT027,2382.054473418259
FDR16,OUT010,547.1225784346583
FDZ60,OUT046,1619.3228141943925
DRG03,OUT045,2414.024745667841
FDS56,OUT018,3353.227876618729
FDU33,OUT045,775.3464900567336
DRD27,OUT035,1676.825384572441
FDW22,OUT046,3681.824913485132
DRA24,OUT045,2578.1896588619757
FDF38,OUT049,742.010845392386
FDX48,OUT013,2430.4714621462067
FDS58,OUT018,2395.004305659485
FDC32,OUT046,1433.5290854669001
NCQ29,OUT045,3965.4062374322766
DRK39,OUT018,1162.2229206483617
NCS38,OUT017,1978.2667811976144
DRO47,OUT013,1856.8932570033203
DRG27,OUT027,1065.292988819913
FDC57,OUT027,5537.946785732068
FDS55,OUT046,2414.614803054504
NCJ06,OUT018,1547.8106903322694
FDO01,OUT019,400.1065315014022
NCM55,OUT045,3064.9748996239914
FDC52,OUT049,2505.983692132243
FDQ15,OUT045,1259.1916224083027
NCT30,OUT027,1346.4223419878167
NCR42,OUT027,1016.4563022104744
FDD28,OUT035,899.3684555306049
FDQ34,OUT049,1712.195011154778
FDZ12,OUT027,3379.7774827242993
DRE13,OUT019,431.4973452862169
NCN07,OUT019,399.2914741119006
FDM28,OUT035,3015.6511332775867
FDI10,OUT017,2880.0783020979534
FDQ25,OUT013,2717.4387180148906
FDA38,OUT010,817.6651660676009
DRI13,OUT049,3597.26440759815
FDY20,OUT027,2477.2185434178145
NCZ53,OUT035,3171.3704763785
NCM31,OUT013,2434.000959386768
DRB01,OUT017,3115.0284691634874
DRF37,OUT046,4105.915465767117
NCF42,OUT049,2863.3146878114558
FDF16,OUT018,2112.1631958215658
FDB41,OUT013,767.5670921582765
FDR34,OUT013,3862.8406811439254
FDR15,OUT018,2133.6145932463082
NCV42,OUT019,245.5745494415715
FDW51,OUT035,3608.53235610054
FDU36,OUT017,1605.1853835123075
FDX60,OUT049,1280.4337083165
FDY03,OUT035,1967.6310830659104
FDW55,OUT045,3786.7247939712584
FDT01,OUT010,557.0473650210087
FDG58,OUT013,2419.864335657751
FDK21,OUT017,4441.370551030581
NCS41,OUT019,603.900399730242
FDS10,OUT045,3056.8696847089136
NCT53,OUT046,2616.1618936597033
FDJ28,OUT018,3004.672844010073
FDX44,OUT045,1318.1884599025423
FDT20,OUT018,509.409043929011
FDO44,OUT017,1758.232454416539
NCX17,OUT049,3421.9526959042832
FDY01,OUT017,1999.7631732592884
FDJ12,OUT027,5444.470682122808
DRK35,OUT018,494.4401092246623
FDD47,OUT019,377.18981553259033
NCM53,OUT035,1717.8055503002324
FDO45,OUT013,1324.9678848033755
NCM42,OUT010,471.7596530903027
FDE04,OUT046,2873.0707844574868
NCI30,OUT027,5994.865177099057
FDZ19,OUT013,2811.178411057006
FDW57,OUT013,2857.1538962512527
FDA25,OUT013,1633.8151451358256
FDT22,OUT046,913.9108721838421
FDP51,OUT013,1919.4905139565703
FDD48,OUT027,2968.2713633529006
FDY39,OUT035,3187.8797558488614
FDO48,OUT010,815.0764174699914
FDD23,OUT027,5143.964200023114
DRN35,OUT027,1036.469945628367
FDT01,OUT035,3505.489839299068
FDC20,OUT010,190.23225626343725
DRJ35,OUT035,1065.2645634222192
FDB32,OUT046,1498.9720724743488
FDL24,OUT046,2832.116272293005
NCV42,OUT035,1965.1275531809995
FDZ46,OUT046,1665.1925043025385
FDC15,OUT013,2396.503778890806
FDD08,OUT019,119.30321505001709
FDY50,OUT049,1428.3147955237241
FDD36,OUT013,1930.726270769106
FDG57,OUT027,1354.054398700175
FDL21,OUT018,507.6863514012346
FDN16,OUT027,2599.5253884698063
FDJ09,OUT027,1161.5208984425806
FDS01,OUT010,499.09009608373293
FDV33,OUT017,4218.101497132065
DRE12,OUT017,1931.716116525669
FDR07,OUT013,1459.5307904049453
FDP48,OUT010,647.719573046891
NCB55,OUT035,900.2565528454744
FDQ08,OUT013,954.2512436820459
FDR34,OUT035,4057.684238794741
FDO33,OUT046,1871.398886556082
FDP13,OUT045,711.940127383521
FDX12,OUT049,3945.950460224262
NCT06,OUT049,2847.8095041993342
FDR16,OUT019,655.1184114514931
FDE36,OUT046,2644.0973387574095
FDZ36,OUT049,3222.4153769443005
FDV13,OUT045,1320.246907992897
NCZ17,OUT035,715.8760626378672
FDU56,OUT045,3140.372438194195
FDM09,OUT035,2872.7086760324337
FDV02,OUT017,2891.83906739586
FDS34,OUT018,1437.907437534309
FDA11,OUT049,1554.7911161001907
FDP09,OUT017,3862.145099190121
FDB29,OUT027,2967.3737740543415
FDT19,OUT017,2885.496791842353
DRH15,OUT017,732.9880832709142
FDY38,OUT046,3706.489499720971
FDF14,OUT027,3766.1969099450375
FDN48,OUT010,526.2831079643826
FDQ12,OUT013,3858.0555554230864
NCJ43,OUT045,2820.759894863574
FDE17,OUT019,432.1486858874832
FDB05,OUT035,4211.73516541419
FDH10,OUT045,2499.0090553656814
NCR06,OUT017,735.6150282981802
FDU32,OUT018,1601.0768681809357
FDD56,OUT049,2937.1938387327814
FDO36,OUT018,2808.859186952853
FDH16,OUT010,511.60636023694195
FDX10,OUT018,495.09089148949977
FDZ37,OUT017,1420.0038485308778
FDU31,OUT010,648.6100814035863
DRC49,OUT049,2220.5656693757755
FDL15,OUT045,2423.584376030674
FDN32,OUT019,589.6355265206863
DRH59,OUT027,1995.4707064741174
NCU29,OUT049,2505.063590653739
FDR37,OUT019,609.803494847183
FDS14,OUT018,2225.9227617845945
FDU02,OUT027,6153.758905142404
FDJ08,OUT035,3155.1850915613754
NCZ06,OUT045,3747.610298372479
FDO31,OUT049,1279.5301910733144
FDH31,OUT018,1399.8106472196928
FDS58,OUT017,2658.9362725702126
NCA53,OUT027,1308.3289753946956
FDF50,OUT046,3058.8857736530817
NCW42,OUT049,3757.9454893461216
NCQ17,OUT045,2410.645067663651
FDK51,OUT018,3521.5479039933452
NCW41,OUT010,541.3760559647129
NCR29,OUT017,902.1925017238007
FDB08,OUT019,420.4455731459776
FDA40,OUT027,2385.9299706688735
FDL14,OUT018,2303.7384959130363
FDB47,OUT046,3567.168557148676
FDO03,OUT035,4034.138312383974
DRK13,OUT019,527.2558955261345
FDX13,OUT010,791.1910610220275
FDF52,OUT046,3116.716783180241
FDT11,OUT013,3087.9967145660958
FDB08,OUT013,2550.668640830473
FDQ28,OUT018,2112.6870052382355
FDD29,OUT045,4092.61573171224
NCQ29,OUT027,5824.028806059585
NCO02,OUT013,1031.5453023850462
FDR56,OUT010,590.2760199810378
NCM54,OUT049,2136.008537153767
FDP51,OUT035,1977.1942493303968
FDT38,OUT013,1313.8103030687585
FDZ20,OUT018,3484.258642446263
FDJ53,OUT013,2011.7025339229
FDX13,OUT049,4198.783908981524
FDP58,OUT035,3676.1823810489373
NCK31,OUT019,240.90579051616191
FDA35,OUT018,1574.556355122235
FDV37,OUT018,3016.2065110357603
NCO07,OUT027,4987.339229294131
FDA20,OUT045,3083.8213675681973
FDZ59,OUT035,2736.3869755909195
NCY17,OUT017,744.4792288230118
FDQ28,OUT035,2488.1338712245442
FDV35,OUT017,2481.169439991299
FDQ36,OUT013,706.5658433965262
FDD34,OUT018,2429.0973524825113
FDK51,OUT045,4211.367085661634
FDV31,OUT035,2863.9163912569625
FDR04,OUT035,1608.6827971793607
FDR14,OUT049,904.7932043433996
DRC36,OUT010,448.48439524335276
FDE39,OUT019,340.3718961889938
FDP57,OUT049,1709.3437478227104
FDE57,OUT046,2115.94348398619
NCN18,OUT046,1748.5659729652616
NCQ05,OUT018,2136.4664800141563
FDW47,OUT035,2062.096817666366
FDV46,OUT035,2186.4784842247323
NCP29,OUT045,996.2975937747009
FDE09,OUT018,1486.8387525330006
NCU06,OUT027,6075.026757776124
FDT19,OUT010,405.3681936644609
DRF15,OUT017,2504.139227781523
DRI51,OUT013,2706.5268635549774
NCX54,OUT013,1631.756697045471
DRE01,OUT013,3782.9625872631914
NCB07,OUT045,3031.106873207757
FDU50,OUT035,1972.639100574619
FDG40,OUT035,706.5382624494529
FDW10,OUT018,2722.071314592112
FDX51,OUT013,3095.060620038586
NCP17,OUT045,1027.7457079899566
FDP21,OUT035,3186.9569645687397
FDL04,OUT045,1613.8115711542277
FDV23,OUT013,2014.5265801160958
FDF24,OUT046,1283.8432022477373
FDH56,OUT027,3168.9583511602928
FDB51,OUT049,983.8864821936038
FDI58,OUT027,2486.900971853897
FDR20,OUT013,774.8096934445475
FDC51,OUT018,1602.907193433052
FDB16,OUT027,2304.6872939964933
FDE40,OUT049,999.2329496532948
NCM17,OUT035,739.4508929840554
FDU56,OUT035,3176.550304981078
FDS32,OUT019,441.9445498539686
FDX02,OUT049,3821.809816656612
FDT39,OUT027,3797.2406088553535
FDE35,OUT017,945.0372156766656
NCI42,OUT019,718.5199360430129
DRL23,OUT046,1626.3634984293178
FDA10,OUT046,2013.2820376502675
FDA11,OUT013,1504.365271090502
NCM06,OUT046,2417.250003338086
NCT05,OUT035,4176.407768783198
NCQ02,OUT010,532.4167002880946
NCY06,OUT049,2199.857619081471
FDY56,OUT035,3885.584997623228
FDL02,OUT035,1715.3099091943434
NCI06,OUT035,2937.7473446319664
FDQ14,OUT045,2405.858873144254
FDQ12,OUT017,4034.138312383974
FDP36,OUT046,775.5167831421116
FDK21,OUT027,6104.817604453923
FDO40,OUT045,2423.920127397013
NCK54,OUT019,263.67620119179844
FDY09,OUT018,2800.3998009466654
NCW30,OUT049,4145.043136410342
NCC55,OUT027,1018.3229621937596
FDE58,OUT018,1483.560958495922
FDR39,OUT013,3093.317460661806
FDU28,OUT049,3141.2554331584856
FDH08,OUT017,4025.1003239372576
FDG35,OUT045,2751.3299670012398
FDG22,OUT049,746.6535324766747
FDC34,OUT035,2531.2083083352177
FDP15,OUT018,3391.629158412935
FDK34,OUT010,826.9439634568619
FDU45,OUT035,1995.509124645235
FDQ04,OUT027,1043.166697836708
FDX22,OUT018,3069.4086399180887
FDB45,OUT017,1691.7029201505102
NCH43,OUT027,5208.366292177525
DRE60,OUT046,3610.093882101801
FDD17,OUT027,6183.214884397369
NCM54,OUT017,2136.5478759305447
NCH55,OUT013,2045.1996398935405
NCT06,OUT017,2693.9870984347854
FDA48,OUT027,5168.8705869032165
FDY58,OUT027,6339.778870984983
FDO25,OUT045,3467.872280531154
FDN50,OUT045,1497.9203364222883
FDH35,OUT035,2731.6416265511384
FDK09,OUT045,3708.0376368836432
FDO16,OUT013,1331.2123861986295
FDW11,OUT045,1031.0511169307104
FDU47,OUT027,3473.349044801965
NCQ42,OUT010,514.0441671057347
FDK55,OUT027,2388.1675641171464
FDN08,OUT049,2006.1810338115592
FDT57,OUT045,3898.9161057214387
FDJ12,OUT018,3233.8739745086295
DRL59,OUT017,865.1124624573914
NCN53,OUT046,729.4679684948388
FDO51,OUT010,93.40364692006007
FDK56,OUT017,3127.2967163728404
FDY12,OUT035,876.2803982689019
FDU15,OUT035,711.2289686259339
FDQ19,OUT046,3950.13955378037
DRF15,OUT045,2410.2931575086336
DRE25,OUT019,390.1067402636742
FDK57,OUT018,1501.9835896232878
FDD33,OUT010,667.0686750619016
FDR34,OUT027,6359.225736746193
FDU04,OUT045,2013.7955693145034
FDE35,OUT019,353.90913339991516
NCD31,OUT035,2676.295902773389
FDJ56,OUT035,1718.956341040695
NCU53,OUT046,2617.678037881085
FDD39,OUT035,3720.299196175955
NCU17,OUT019,331.7418950362865
FDJ20,OUT046,2011.4145035142487
NCW41,OUT018,2345.280041676981
FDL52,OUT035,734.7361740024488
FDS39,OUT035,2217.986645954518
DRJ47,OUT045,2794.570965078491
FDP13,OUT010,78.81321368686473
DRK39,OUT010,478.8556074134968
FDF28,OUT010,512.3492650859706
FDB09,OUT045,2023.6471441206359
FDM51,OUT046,1555.9886402451573
DRM49,OUT018,633.7868076513805
DRF23,OUT013,2801.979850502998
DRH01,OUT035,2866.5914817846674
FDH12,OUT027,2646.426671074811
FDA28,OUT019,339.72109948717616
FDW37,OUT018,1242.1038888346168
FDF02,OUT046,1629.3965900427502
DRL37,OUT046,717.8484151202306
NCF43,OUT046,2112.6077875438828
FDH08,OUT010,810.233501018495
FDR34,OUT019,788.9477763571517
NCK19,OUT049,3202.538839139492
NCD55,OUT018,507.3048908043583
FDT27,OUT049,3838.129563526386
FDQ57,OUT045,2413.982151397605
FDA47,OUT035,2645.546065547225
DRG15,OUT027,1823.698563389676
FDE05,OUT018,2133.0907838296384
FDN46,OUT046,1632.8548851437536
FDX27,OUT027,2520.9847400438152
FDT51,OUT045,1743.9045734500053
FDU33,OUT013,717.3376864283289
FDJ16,OUT027,1731.0596366706204
FDD20,OUT019,347.39698634406113
FDT36,OUT049,746.3003115673536
DRF15,OUT027,3755.434605345165
FDN52,OUT010,506.2691097105494
FDC22,OUT027,5504.333837511126
FDX15,OUT045,2558.4647848575264
FDT13,OUT013,3105.9802248166643
FDU04,OUT017,2147.2052984132306
FDU31,OUT019,637.6366802631453
FDW59,OUT027,2323.0553435446755
NCO29,OUT046,2615.716054799814
FDL15,OUT035,2513.7174784185245
FDI41,OUT049,2504.7213044150635
FDQ48,OUT049,1647.2929829425957
DRI39,OUT013,855.1166184569804
FDI08,OUT013,4221.394026019083
FDC21,OUT049,1843.2884400770283
FDF58,OUT035,1086.586405476692
FDS08,OUT010,465.50560102527277
FDE47,OUT045,2012.0793367104204
NCP18,OUT019,437.1644756937686
NCR41,OUT013,1505.658035712912
FDA27,OUT013,3856.261459382261
FDA43,OUT035,3153.3006413695716
FDA49,OUT045,1314.4032475480478
NCE55,OUT018,2780.97039478835
DRM49,OUT027,1198.93030350298
FDF22,OUT027,5437.561377969983
FDQ15,OUT018,1073.195502425402
NCS54,OUT017,2941.6878931195665
NCY05,OUT013,708.0935448548763
FDR45,OUT046,3898.426313221511
FDK57,OUT049,2125.20843065333
FDF41,OUT010,832.8279962666657
FDV21,OUT046,2040.4414924967098
FDD51,OUT046,767.2482575745598
FDF33,OUT046,1735.2972548952164
FDA38,OUT046,3867.193476965378
FDR56,OUT045,3062.4694623668547
NCN41,OUT017,2112.493611248071
FDC60,OUT027,2392.546973668567
FDB47,OUT045,3564.199883806528
DRH01,OUT013,2823.3391031098304
FDW08,OUT046,1634.1903494850346
FDF38,OUT027,1076.8529838091858
FDY32,OUT017,2637.6569002045417
FDG34,OUT049,1735.4588321031902
FDG47,OUT019,773.6307111376431
NCF18,OUT035,3128.4288703631746
FDL39,OUT019,465.7828943345209
NCH55,OUT035,2139.883572372852
DRJ35,OUT049,998.6672025630929
FDS44,OUT035,3933.013344401344
DRE01,OUT018,3418.4485936368887
FDY39,OUT013,3078.8947228757274
FDY32,OUT018,2413.4276860439877
FDR33,OUT027,2898.8458729081563
NCP50,OUT049,1275.3836862643705
FDZ47,OUT018,1257.12339063175
FDU57,OUT049,2502.826082309715
FDY44,OUT013,3095.060620038586
DRH59,OUT018,942.7597047723659
FDB03,OUT027,6129.600139155577
FDY46,OUT045,3026.23042654479
FDM39,OUT045,2808.9480663558993
FDY36,OUT035,1184.1021831916294
NCM55,OUT035,3128.7751170721162
FDJ50,OUT010,228.32147712411444
DRL60,OUT013,2419.466643718193
NCJ54,OUT049,3947.202343126539
FDX59,OUT017,715.6276187068918
FDI07,OUT013,3064.664863562183
DRF51,OUT010,71.23286616467223
FDM14,OUT017,1784.7449203741155
FDP21,OUT045,3094.7062790161026
FDE40,OUT035,1095.9219540764213
FDE05,OUT035,2508.537649815946
FDM13,OUT027,3430.665082129514
FDC34,OUT027,3791.8363022142075
NCI55,OUT018,1607.8023144210144
NCE43,OUT018,2605.7077307218306
FDW58,OUT018,1410.8278034484238
FDG60,OUT045,3873.964617350313
FDV31,OUT017,2863.9163912569625
FDR47,OUT013,3063.4795666951054
FDM60,OUT019,136.09529089824923
NCF06,OUT018,3268.7892428173013
NCN26,OUT027,2969.835648905981
FDQ59,OUT049,1376.8081227230437
FDF09,OUT046,705.5411700097641
NCS06,OUT017,4299.904926488026
FDT44,OUT046,1896.0612426871799
FDI19,OUT017,4116.3036073411495
FDT22,OUT017,1034.0095611307597
NCF54,OUT027,4391.207252485141
DRG25,OUT045,3092.091946696438
FDB59,OUT017,3198.9566579699685
FDQ37,OUT017,3201.832327024197
FDP56,OUT035,814.2058991619086
FDW44,OUT035,2902.150530825015
FDJ26,OUT010,547.266625232293
FDU43,OUT018,3200.6824940188
FDW33,OUT045,1621.5190178002006
NCX53,OUT027,3478.654850784047
FDN56,OUT010,497.10589920039024
DRF15,OUT049,2499.8221289864287
FDO33,OUT017,1970.245415385575
FDZ39,OUT010,483.3560750783785
NCJ19,OUT017,900.2565528454744
FDU01,OUT035,3168.12138852524
FDT12,OUT035,3867.153162944956
NCM18,OUT018,842.4068938195993
FDP19,OUT017,2125.721678517588
NCR42,OUT049,749.902361022664
FDN10,OUT046,1916.9233660031541
FDG44,OUT017,905.4244592695749
FDQ10,OUT046,2831.311866148118
DRH13,OUT049,1701.2152512455789
FDT52,OUT013,3896.954955917053
FDM56,OUT045,1734.3645638516848
NCO43,OUT010,505.4071207855137
NCV29,OUT035,2892.5119518087185
NCF06,OUT013,3937.079712100285
FDO50,OUT035,1505.3208740261377
FDT59,OUT013,3839.9056983128985
FDX40,OUT027,1052.889365941328
FDE50,OUT017,3184.4292408381216
FDX51,OUT017,3242.4832379545583
NCD30,OUT018,1281.906318099768
FDK15,OUT013,1630.240552824089
FDL12,OUT045,983.4479889047365
FDK46,OUT017,4235.882175967825
DRH49,OUT010,473.45619486379763
FDQ57,OUT046,2422.080976037858
FDY59,OUT017,1530.1313082154782
FDO09,OUT018,3384.548929105536
NCG30,OUT035,2114.2167256745797
FDM09,OUT017,2742.467198805447
NCN17,OUT027,2604.085303037745
NCS42,OUT013,1371.1083802285737
FDD02,OUT019,262.1600569704167
FDE34,OUT013,3097.979210298563
FDU38,OUT045,3101.3100742028787
FDB33,OUT046,2544.4689700740514
NCJ29,OUT017,1400.8032376614694
FDZ27,OUT035,818.2103708920357
FDI40,OUT013,1551.6484498305797
FDG22,OUT013,702.381716150993
FDT51,OUT017,1856.4762291968823
FDF20,OUT018,3046.0809510182844
FDV50,OUT035,2092.2630605261375
FDT02,OUT049,740.7053317795107
DRC49,OUT017,2475.466744716705
FDF26,OUT049,2490.701874861194
FDV52,OUT035,1982.8523798494564
FDX59,OUT049,745.9882759111764
FDV25,OUT035,3867.6276490706214
FDW23,OUT027,1046.7777740179122
FDE53,OUT018,1397.1608982466487
FDA19,OUT017,2153.913028531736
FDH22,OUT046,2035.2801812673893
NCO41,OUT013,1508.3150677514475
FDX12,OUT017,4096.927230966998
FDF17,OUT013,3076.4888457171405
FDS11,OUT045,3677.4123681094375
FDR51,OUT035,2440.100345970038
FDT49,OUT010,463.3573092005659
FDC56,OUT013,1974.2836867005954
FDR13,OUT027,2985.6682007563004
FDQ60,OUT035,2049.1391797092506
FDN38,OUT049,4322.5683417537675
NCL29,OUT013,2508.272608606352
FDO13,OUT027,4147.167143280307
FDE26,OUT018,2135.1945191617683
FDA31,OUT010,392.79420322441086
FDX14,OUT035,1166.8255382017
FDA34,OUT045,2862.8169472154127
FDF26,OUT013,2418.7661475594678
FDE38,OUT045,2693.053124313427
DRI11,OUT046,1900.4429286785855
FDQ60,OUT027,3050.760929860925
FDL21,OUT027,1013.409099939795
DRC12,OUT027,5452.958742010377
FDC47,OUT046,3743.4732395199976
FDE57,OUT045,2069.283154915779
FDT14,OUT045,1960.7745698656643
NCZ53,OUT046,3091.6418815740344
FDE28,OUT018,3407.3238607164913
FDR19,OUT035,2482.870803117674
NCF54,OUT019,469.5427464203742
FDZ08,OUT046,1290.7732513734763
NCJ05,OUT018,2130.680815006034
FDF59,OUT046,2040.3477992298508
NCO05,OUT035,1725.0432797634514
FDW24,OUT018,647.7679853875096
NCX42,OUT018,2602.537999925138
NCA53,OUT035,820.7107974644082
FDI45,OUT019,459.12226708114724
FDG46,OUT046,1880.4112932194098
FDM20,OUT010,838.6946600011509
FDW11,OUT010,313.6707263239622
FDX08,OUT035,2951.128685297469
NCK17,OUT035,738.5369345512803
FDK32,OUT018,2129.755087387331
NCA42,OUT035,2643.349784379973
DRI01,OUT035,2890.007213733845
NCL55,OUT049,4165.709339485281
DRE25,OUT018,1244.9800735405804
FDD14,OUT017,3093.4330744384292
FDB10,OUT046,3897.725788474018
DRN11,OUT035,2482.870803117674
FDP38,OUT018,653.3352018192825
NCA30,OUT017,3096.456223794575
FDT15,OUT017,3168.0347799361925
NCP55,OUT018,727.3262416693261
FDF12,OUT035,2487.6100618078744
FDM21,OUT018,3163.1433445110415
FDX56,OUT035,3781.5254503890515
FDF10,OUT017,2485.4851354373386
FDT32,OUT045,3057.322967217483
FDM51,OUT018,1401.9186621367587
NCR50,OUT018,2137.06682013819
FDI19,OUT049,4016.953770973848
FDX21,OUT017,1700.9249585788893
FDR31,OUT035,2491.473553967156
FDY02,OUT013,4036.4351285920097
NCA29,OUT045,2810.3484932911233
NCX17,OUT046,3250.9348430659034
FDM12,OUT045,3092.336892613083
FDI53,OUT027,3844.895093018082
NCU30,OUT049,2773.1323658245005
FDC56,OUT027,3337.792765985161
FDK27,OUT018,1605.0804429244301
NCK18,OUT017,2794.3428953625194
FDB52,OUT019,909.1454209481916
DRG25,OUT027,4894.435721190353
FDZ13,OUT049,902.6110259540579
FDB57,OUT019,789.9766146482515
FDR40,OUT046,1281.7575057017089
NCO14,OUT019,138.90039056030133
NCN19,OUT045,2937.317123798879
FDQ28,OUT019,437.8649541001795
FDO13,OUT018,2478.47408521467
FDK48,OUT013,1259.2264997366776
FDU07,OUT018,2112.6870052382355
FDW20,OUT046,2012.9306477356306
FDV12,OUT010,509.87351519291065
FDH24,OUT013,2526.7842096708337
FDV59,OUT049,3600.7395178745096
FDK57,OUT045,1965.562151676707
FDL16,OUT027,1208.1181291962714
NCQ17,OUT046,2417.250003338086
FDJ15,OUT018,3004.672844010073
FDX24,OUT049,1495.773126402592
FDT47,OUT046,1524.873284690864
FDT10,OUT049,1003.5369523167955
FDZ37,OUT018,1192.3804491560154
FDW43,OUT027,6612.176182942134
DRN36,OUT017,1586.846228437555
FDJ14,OUT045,1250.133500778885
FDA32,OUT013,3455.9871521426944
FDJ38,OUT019,634.5907906526236
FDQ57,OUT017,2491.740538348921
NCQ41,OUT019,596.8417068830709
FDG56,OUT049,990.4865658159539
DRC13,OUT027,3282.272245567094
FDV55,OUT035,2497.6417310741417
FDQ49,OUT045,2525.760314089672
FDE29,OUT010,284.64466631645746
FDR03,OUT013,3538.9569189106087
FDD45,OUT049,1497.2892706239738
FDN38,OUT010,666.322786791905
FDT56,OUT046,855.3539190700324
FDT48,OUT045,3114.3833753481786
FDU03,OUT049,3001.1279171060874
FDC56,OUT010,413.17130198227005
NCO43,OUT027,2553.403679462559
FDQ27,OUT017,1771.4322863509115
FDR03,OUT046,3327.8538177047544
DRH23,OUT010,208.93433911327247
FDG22,OUT045,716.3217931088952
NCJ42,OUT013,1626.3634984293178
FDR24,OUT046,1373.1668283189283
FDW60,OUT035,2905.228983108556
FDJ08,OUT013,3065.438135709003
DRL59,OUT018,689.561091169864
FDG60,OUT010,645.8641799304562
FDW27,OUT017,2491.997363383826
FDX14,OUT018,1080.614483352764
FDC20,OUT013,855.4562398530309
NCS29,OUT018,3240.9391940580986
FDJ56,OUT046,1630.240552824089
FDB20,OUT019,356.99540230749795
FDL28,OUT027,6116.46226611563
FDW01,OUT018,2112.1631958215658
FDL03,OUT046,3000.026695502718
FDX22,OUT049,3802.926442789498
FDJ21,OUT035,2519.6675071804966
FDR31,OUT045,2404.386955627694
FDG21,OUT035,2576.0660055517947
FDS22,OUT027,1025.9473694133658
FDK08,OUT035,1657.790200883364
FDE17,OUT018,2114.0812582449807
NCN30,OUT017,1605.5699675812236
FDT50,OUT046,1503.9078349235162
NCX42,OUT049,2745.898855153187
FDJ12,OUT035,3756.7380398870096
NCA18,OUT027,2977.3152023599987
FDP23,OUT019,683.256840593125
FDX12,OUT013,3865.8868653437476
FDN40,OUT018,2098.9586058317527
FDV48,OUT035,1345.9749748598138
NCY54,OUT013,2769.460405795673
FDL16,OUT010,112.40553472823112
FDR45,OUT018,2990.4047673114533
FDJ52,OUT046,2561.0682427452707
DRG01,OUT017,1341.5017250514877
FDP52,OUT013,3932.6974936704873
FDU58,OUT017,3147.3103832511024
FDL02,OUT045,1616.6356173474235
FDG28,OUT013,3872.4167735592005
FDA19,OUT035,2120.472128586162
FDW46,OUT027,1960.5294540743055
NCD43,OUT049,1709.152539067191
DRG39,OUT013,818.7623749948419
NCF55,OUT049,753.5685473489009
FDJ07,OUT046,1900.4429286785855
FDE08,OUT046,2410.0468999473483
FDP56,OUT019,178.67167394493356
FDT45,OUT045,860.0692160081084
FDF17,OUT018,2939.1964432187083
FDX44,OUT046,1318.4037558227653
FDM28,OUT027,4909.594267966666
FDI36,OUT049,3154.904856315398
FDS07,OUT045,1894.2885416081133
FDD36,OUT045,1895.8046858294952
FDW11,OUT046,981.6144150927254
FDN40,OUT049,2526.1933589628616
NCQ18,OUT049,1571.1342484782604
NCQ54,OUT017,2806.6012105482255
NCS42,OUT045,1423.7731330751276
DRH39,OUT010,461.87682189789166
FDC09,OUT027,2703.6937828181362
FDT08,OUT010,495.8450029509998
FDC08,OUT035,3942.5246452987676
FDT20,OUT017,712.5866962317907
FDS35,OUT035,1108.6721079920048
FDX58,OUT018,3017.8835820718014
FDW58,OUT046,1631.9508261025067
DRD27,OUT046,1577.4898205362176
FDH32,OUT019,297.74608488227597
FDS26,OUT035,4120.743048235828
FDQ31,OUT046,1321.6357133685397
FDP11,OUT018,3101.9888466096813
FDD58,OUT017,1660.4045332030284
FDM33,OUT045,3359.300627259536
FDZ16,OUT049,3196.960688171037
NCS29,OUT010,831.2653267282114
NCM18,OUT019,344.43954121210527
FDP11,OUT049,3684.339096635857
NCC42,OUT017,2201.6787936416363
DRM23,OUT046,2812.2308629433087
NCN55,OUT027,6016.093415517513
FDK46,OUT013,4096.574316584045
FDR01,OUT046,3071.939301332323
NCA05,OUT045,2380.137332004713
NCP43,OUT017,2908.378860685714
FDR12,OUT010,438.1460520170016
FDQ01,OUT013,3735.2369520320403
FDM13,OUT046,2067.6228931146816
FDQ19,OUT017,4074.587044713852
FDK56,OUT019,526.1567127762063
NCX06,OUT010,676.7344981174011
FDO56,OUT027,3162.286559682481
FDU45,OUT045,1869.2509811278064
FDI16,OUT019,248.2846488743562
FDL32,OUT046,1896.0612426871799
FDA07,OUT046,2019.3784207797848
FDA14,OUT045,2408.3795121970597
FDV46,OUT027,3429.771870651734
NCO07,OUT035,3516.2244957361313
NCP41,OUT046,1630.8421497823012
FDY60,OUT018,1640.9923180630333
FDN38,OUT017,4040.028371961494
FDO15,OUT046,1089.324169081064
FDT60,OUT013,2018.5633633902833
FDA55,OUT035,3895.6166668894953
FDE02,OUT010,510.7174779742495
DRJ39,OUT049,3781.6102574435627
FDV34,OUT035,1184.0556742910187
FDS20,OUT027,5158.27370549632
FDF02,OUT027,2743.532341921477
FDW40,OUT017,2195.447165548182
NCB43,OUT046,3035.886189357079
FDR58,OUT017,1466.8380832544608
DRJ59,OUT035,730.4530430270618
NCD30,OUT017,1672.41821201132
FDE14,OUT017,1614.6057064054742
FDC28,OUT018,1384.898543972353
FDU16,OUT018,1164.723915052232
NCD19,OUT035,908.1527273716429
FDU21,OUT046,710.4003350556234
FDV59,OUT027,4780.9627621057125
FDU03,OUT045,3105.3585127985953
FDC33,OUT010,603.6339951453441
NCR42,OUT035,710.7200362485054
DRH59,OUT035,1166.337946472803
NCM31,OUT035,2187.9503942351535
FDS50,OUT035,3873.0162464551454
FDP39,OUT046,842.8595495114456
FDQ55,OUT013,1912.298876779963
FDV36,OUT019,340.0245066275663
FDI05,OUT027,2243.3968727186107
FDS45,OUT027,2595.897861250132
FDA39,OUT045,706.6562434310558
FDC37,OUT010,480.242494871941
FDJ60,OUT027,4193.923176111058
DRQ35,OUT046,2016.0427243374777
NCJ06,OUT046,1957.5132069448698
NCY42,OUT018,2117.2543695060895
DRM37,OUT049,3207.5233368789372
FDR14,OUT045,799.5269101991502
FDE51,OUT049,751.6527281605171
FDT33,OUT017,2770.7644128790394
FDR08,OUT013,1870.0768580920146
FDE36,OUT010,460.82894203086164
FDL22,OUT019,398.25747901435767
FDR44,OUT013,2066.1067488933
FDI56,OUT019,313.5628603012014
FDE47,OUT010,515.1733112791663
FDV27,OUT010,504.57155740552196
FDV10,OUT049,755.5111886687869
FDC40,OUT045,1258.896402415431
NCX41,OUT013,3541.647477272289
NCQ38,OUT027,2523.671982482689
FDV12,OUT027,2601.6516505981813
FDE52,OUT017,1408.1834055761146
FDG20,OUT027,4651.942047685787
FDV16,OUT027,1035.2975845823348
FDI32,OUT017,1979.1360359089185
FDJ32,OUT049,1000.1833467844747
FDN39,OUT018,2613.354344871201
FDY34,OUT017,2788.894892356528
FDC14,OUT035,740.443779823397
FDA55,OUT017,3967.057369865193
FDZ50,OUT010,622.79547737257
DRG13,OUT049,2749.2600620619214
FDP01,OUT013,2384.4821144850307
NCG54,OUT017,2888.0982443862094
FDM13,OUT045,2056.287025771129
NCO18,OUT027,4818.2076989904535
NCW41,OUT013,2445.6953260772348
FDM52,OUT027,3766.1969099450375
NCF55,OUT035,718.6972838129623
FDT09,OUT046,2089.8319342302457
NCM19,OUT035,1844.4253294042194
FDW12,OUT018,2112.1631958215658
FDP15,OUT019,686.0841267375553
FDK36,OUT045,778.6099382395793
FDZ25,OUT035,2931.9561118495603
NCW06,OUT049,3245.016219018652
FDW60,OUT046,2896.6160045198003
DRC49,OUT013,2414.614803054504
NCT17,OUT035,3171.3704763785
NCN06,OUT018,2469.625967181452
FDC45,OUT013,2800.407964102515
DRJ47,OUT019,458.90847181245306
NCF06,OUT045,3984.69191029303
FDE21,OUT010,421.8622595249309
DRG27,OUT013,715.0175835029698
FDW40,OUT049,2224.6024526499627
NCO53,OUT046,3008.5740025480263
FDE23,OUT049,758.4666859990242
FDQ16,OUT046,1669.4408496398983
FDS26,OUT045,3955.5130246930435
FDZ13,OUT010,125.50103204194808
FDS14,OUT049,2532.211673840137
FDC10,OUT045,1904.0713544382193
FDY16,OUT049,3156.4554291249437
FDJ20,OUT035,2119.7027825484256
FDV43,OUT035,730.1114043544293
FDZ32,OUT027,2692.6679230510404
FDR23,OUT046,2795.7273548622165
FDN24,OUT035,885.0824755600202
FDE34,OUT027,5209.953040697287
FDU31,OUT013,3459.405890607246
FDW33,OUT018,1397.9417154694033
FDU26,OUT046,1903.075955111079
FDE20,OUT027,4180.105879121219
NCW05,OUT035,1701.5850968881848
FDB22,OUT018,2113.6793400429474
FDO56,OUT046,1900.4429286785855
FDA19,OUT027,3587.970934780329
DRI39,OUT045,858.4272691281111
FDH52,OUT018,832.2225848275518
FDZ50,OUT035,3177.598910040501
NCN42,OUT035,2519.2846331434766
FDB53,OUT013,2418.6515863286913
DRG11,OUT017,1743.020964902246
DRK11,OUT027,3703.8409456231843
FDQ60,OUT017,2089.3820731247515
FDT36,OUT017,706.7407244268351
DRG25,OUT018,2973.7246780299424
DRJ23,OUT046,3062.0899352221104
FDG05,OUT035,2622.422196371901
NCK06,OUT018,1610.69856626326
FDU52,OUT017,2488.1338712245442
FDW07,OUT018,1184.4215362768605
NCM17,OUT045,718.9855639487324
FDA22,OUT045,2743.3065405643188
NCA41,OUT018,2964.0303571174095
FDF38,OUT035,741.2016715930783
FDH52,OUT046,977.4156128234092
FDY58,OUT019,844.250719973082
FDZ16,OUT045,3056.8913113983995
NCM18,OUT017,1058.7268831022068
FDA22,OUT018,2604.7132147095754
NCJ43,OUT035,2869.1732228039637
FDI34,OUT027,6232.828329032023
FDG56,OUT046,982.0732871119327
FDS34,OUT046,1890.779916947164
DRC01,OUT035,811.4722608380185
FDQ04,OUT035,731.7811602426173
FDK04,OUT035,898.8237828759476
FDT51,OUT049,1838.1567766584876
FDV26,OUT017,3205.3606442841465
FDS04,OUT049,2220.5656693757755
FDW43,OUT018,3291.067838548429
FDQ28,OUT010,501.561271163696
NCK06,OUT017,2142.8657564102655
FDS23,OUT018,1611.5686253552835
FDZ36,OUT019,573.9736574603461
FDE56,OUT018,840.470944941273
FDW10,OUT027,4623.440891920229
NCN14,OUT045,3035.9710620161404
NCQ18,OUT045,1496.4747766827372
FDW08,OUT017,1707.8950005518511
FDU43,OUT035,4065.1709240556033
FDR33,OUT010,475.4362189480693
FDM24,OUT010,488.16305266887366
NCZ05,OUT046,1630.240552824089
NCV41,OUT035,1972.1985259273072
FDV11,OUT018,2804.286104246862
NCY05,OUT035,714.5183350320104
FDV44,OUT018,3001.297147825555
FDW32,OUT049,1337.3142260719396
NCU18,OUT027,3470.6976661134477
NCC43,OUT035,4146.152682673133
FDW19,OUT013,1756.779741681106
FDN31,OUT035,3205.783863705746
FDI48,OUT045,785.4028177252507
FDS24,OUT017,1413.988658748912
FDF46,OUT049,1994.867288509402
DRG23,OUT017,2487.6100618078744
FDG14,OUT018,2129.755087387331
NCY30,OUT049,2938.6233549077183
FDO28,OUT018,1558.4852700139245
DRD24,OUT035,2192.871172992774
FDI33,OUT049,1434.0508176808157
FDN32,OUT046,3148.0260979125783
FDR16,OUT045,3448.636098411572
FDF26,OUT046,2418.7661475594678
NCN29,OUT018,653.7166624161588
FDE20,OUT045,2697.6914450570607
FDA46,OUT046,3068.0524680286676
FDU28,OUT045,3035.9710620161404
FDQ48,OUT045,1574.321998258408
FDV36,OUT013,2032.4521411701705
FDR14,OUT018,699.0570119730622
FDP23,OUT017,3690.001402436165
FDP56,OUT013,782.09216705412
FDK48,OUT010,462.60617163734366
FDR48,OUT046,2417.250003338086
NCY29,OUT049,930.0572419562578
FDM22,OUT018,723.0193663884464
DRJ01,OUT013,2577.0156244746163
FDZ43,OUT045,3925.753975892726
FDV03,OUT035,2496.64939626943
FDX11,OUT027,4953.710121740584
NCA41,OUT027,5452.958742010377
FDE38,OUT017,2754.9733838239754
FDI27,OUT018,650.1780684435123
FDN32,OUT013,3160.6972038164977
NCN43,OUT017,2146.295971518934
FDB47,OUT027,5594.750977882545
FDV03,OUT017,2496.64939626943
NCN30,OUT045,1497.9203364222883
NCV54,OUT010,503.88717396892844
FDV07,OUT013,1683.6102951315406
FDP07,OUT049,3120.7090113598742
FDK48,OUT018,948.5959932642295
FDM15,OUT019,432.1486858874832
FDY19,OUT027,3156.7803782074543
FDK46,OUT046,4094.5003537792672
FDY11,OUT045,1037.5432379472938
FDH09,OUT046,868.7548267110012
FDO08,OUT027,4151.670919761773
FDU14,OUT013,4058.1522361173857
FDD22,OUT027,3036.2264630607588
FDM27,OUT017,2573.1578826710224
FDL02,OUT027,2746.280169754994
NCA17,OUT035,2502.976780830594
FDE38,OUT019,402.56597344494503
NCG07,OUT049,3245.016219018652
DRC27,OUT013,3840.3381194399412
FDA27,OUT035,4055.011459941288
FDW40,OUT045,2107.0296019564353
DRI11,OUT013,1900.4429286785855
FDN50,OUT046,1503.4507238273322
FDR12,OUT046,2828.6975338284533
FDT34,OUT027,2688.0189108423097
FDW11,OUT035,1070.1721458806057
NCO30,OUT027,5108.135686634771
FDZ34,OUT017,3231.5489542547484
FDU45,OUT017,1972.8631568663948
NCD42,OUT035,720.2056671147404
FDX25,OUT045,2873.0602610411124
NCR29,OUT046,856.0009125076882
FDX43,OUT019,421.8221613328642
FDB04,OUT010,506.919906412367
FDR49,OUT027,1471.519989267318
FDS39,OUT018,1640.9923180630333
FDW58,OUT045,1625.8538330135539
FDG22,OUT019,119.30321505001709
FDG31,OUT017,1077.467174854528
NCV53,OUT027,6027.880641834528
DRJ37,OUT035,2475.466744716705
FDV07,OUT035,1845.497861271437
FDW52,OUT018,2534.0400742380375
FDT15,OUT045,3085.337511789579
FDD02,OUT018,1488.0096277717407
FDM16,OUT035,1175.8457705631515
NCE55,OUT046,2805.92798036932
FDB57,OUT018,3238.3528539335634
FDQ04,OUT013,714.0990579324376
FDQ47,OUT019,107.7801305211432
FDY14,OUT019,828.1722637292572
DRK37,OUT017,3143.6245244913334
FDO25,OUT017,3696.650903334214
FDL57,OUT046,4136.8428063533665
NCK29,OUT018,1549.7990746441474
FDK46,OUT027,6220.8927627295625
NCB43,OUT010,499.3456358209903
DRE01,OUT027,5912.76778768067
FDC46,OUT018,2972.7830400723888
FDQ23,OUT045,1628.5603697060787
FDX38,OUT049,866.2228717072919
FDG60,OUT018,3260.813502664154
FDW55,OUT017,3856.815928256018
FDP39,OUT013,776.805738582782
FDB20,OUT018,1065.6333964992107
FDV21,OUT017,2128.3360108372526
FDZ02,OUT013,1496.624805167351
FDP19,OUT027,3628.084738800013
FDA38,OUT035,4037.9298797467054
FDH22,OUT045,2023.9443139238365
DRM11,OUT045,4131.281974126596
FDO12,OUT027,5076.117232284624
FDT14,OUT049,2083.7083424532616
FDW34,OUT010,826.9439634568619
FDG04,OUT027,4445.585339556732
FDW59,OUT018,1191.3079172887979
FDR33,OUT018,1398.545662498539
FDP32,OUT013,2034.1819931691066
FDL13,OUT027,5800.503515769126
FDD22,OUT013,1901.5411167768682
FDV40,OUT027,1955.9695395063668
NCD55,OUT046,712.4285856684066
FDQ20,OUT010,98.42619069717554
FDD28,OUT045,855.9428443309658
FDC39,OUT045,3457.423771525752
NCR17,OUT049,1997.8156062220246
DRO35,OUT018,1484.7542957034293
FDF40,OUT049,4153.070738236518
FDR31,OUT018,2116.0266879808482
NCQ41,OUT017,3138.497961810321
FDP38,OUT046,774.9721104874543
NCU54,OUT027,5515.697570761046
FDG22,OUT018,490.58434832073243
DRK59,OUT013,3684.9976827058435
FDC37,OUT046,1633.8151451358256
NCO42,OUT013,2357.444793289727
NCT42,OUT017,2504.3626678154865
FDX27,OUT035,1575.8115682907514
FDV40,OUT018,953.3852111216986
FDT45,OUT027,1673.4494006477735
FDS47,OUT019,429.98120106483515
FDR45,OUT035,4100.438094508163
FDB03,OUT045,3719.5596170522845
FDO49,OUT035,886.4374313120775
FDU60,OUT027,4204.046861985044
FDB26,OUT018,689.5068076539819
FDB46,OUT017,3528.5406776559194
FDQ37,OUT019,612.1404349983127
FDN03,OUT017,4224.034443408858
NCX30,OUT045,4189.007169064237
FDK32,OUT019,435.6483314723869
DRM47,OUT013,3088.306185131727
NCO02,OUT046,1069.2807740922524
FDP04,OUT013,1020.3902982048742
NCO43,OUT049,1751.1655647851576
FDD59,OUT013,1273.9801207286187
FDQ10,OUT017,2904.7648631446796
FDW45,OUT035,2519.6675071804966
NCK30,OUT049,4057.654658350984
FDU31,OUT018,3074.6781550838623
NCQ17,OUT019,399.8469049000603
FDN01,OUT017,2877.6777650469826
FDZ19,OUT049,2930.518418585509
DRG37,OUT017,2509.8902980120215
FDE32,OUT045,698.2158286794911
FDO34,OUT049,2802.847420646369
FDM04,OUT019,177.55700017782266
FDZ25,OUT049,2936.478188202749
FDU08,OUT049,1642.8444207122088
NCW30,OUT045,3979.3906142547626
NCM18,OUT013,982.0732871119327
FDS22,OUT035,737.9564670527327
NCH18,OUT017,4043.6159479053363
FDC23,OUT013,2875.8961703352466
FDY46,OUT013,3026.1455538857285
NCU06,OUT046,3706.687281245861
FDX57,OUT045,1503.5076640954771
FDX36,OUT027,5257.722588929538
FDL16,OUT045,777.2923430607171
FDT16,OUT010,906.0193625290417
FDN16,OUT018,1388.9232790150113
FDC03,OUT046,3086.7900409103454
DRF60,OUT013,3916.8970379677094
FDS27,OUT027,5432.613678811574
FDP33,OUT010,710.408454657689
FDJ36,OUT018,1392.0754241599013
NCR42,OUT013,705.3746700980159
FDV14,OUT017,1399.3994808197756
NCP42,OUT035,3171.1246379038353
FDB50,OUT027,2343.072305303602
NCC30,OUT027,4602.043297442079
FDA23,OUT018,1405.374378303871
FDW16,OUT017,1455.2038667580177
FDQ52,OUT010,619.0980621074182
FDB58,OUT049,2268.5264250596615
NCP29,OUT049,1052.8141632961135
NCM05,OUT045,4172.913785306588
FDO25,OUT013,3424.6554548040936
NCM54,OUT046,2041.8639434512327
NCL54,OUT046,2825.361837386146
FDL39,OUT010,480.7138485950514
FDF53,OUT018,2814.4070717086174
NCQ42,OUT035,2139.883572372852
FDF58,OUT013,996.6727352902427
FDZ04,OUT035,1107.478159660435
FDE26,OUT019,440.4284056325869
FDS60,OUT017,2668.866971652961
FDV58,OUT017,2775.3987264379934
FDM04,OUT045,820.1332735234847
FDE08,OUT035,2502.976780830594
NCB43,OUT049,3178.7483152982004
FDU11,OUT010,489.0325960476411
FDF22,OUT019,580.8812253510571
FDE24,OUT013,2115.1284265966883
DRJ49,OUT046,2078.022495029479
NCQ53,OUT035,4215.004477745007
NCL41,OUT013,705.6822122169336
FDR22,OUT013,1746.634072016975
FDH04,OUT035,1545.2509605809948
DRH15,OUT045,712.5227542355914
FDY40,OUT049,866.7737514723015
NCI17,OUT035,1584.3615344007685
NCC18,OUT013,2795.809891034222
FDY28,OUT027,5504.08075708182
FDB45,OUT027,2695.871887981916
NCL30,OUT018,1640.8385161837552
FDM10,OUT017,3536.6670034729495
FDH22,OUT027,3307.043855399753
NCZ53,OUT017,3171.3704763785
NCI18,OUT013,3402.819132485948
FDH14,OUT027,3480.8028654433233
FDR36,OUT027,1063.7098039849368
FDW01,OUT045,2410.5527616884383
FDK02,OUT027,3093.838865961758
FDJ02,OUT018,2147.60909580412
FDU55,OUT013,4514.094901603568
NCV18,OUT027,2390.489885236812
FDH14,OUT018,1628.377823846398
FDZ37,OUT045,1372.4092285297324
FDX49,OUT049,3860.106320476887
NCD43,OUT046,1631.756697045471
FDZ07,OUT013,980.1373382336064
FDK43,OUT035,2139.883572372852
FDR32,OUT018,3206.126045353952
FDT39,OUT013,2424.3985387817206
NCV54,OUT017,2076.5245668579796
FDF38,OUT018,507.3048908043583
FDV60,OUT046,2973.8229496376866
FDH44,OUT027,4004.786128003629
FDS21,OUT046,979.7185789398386
NCL41,OUT045,707.4224224001555
FDM46,OUT017,1586.975866720433
FDU27,OUT045,776.7553350238128
NCJ54,OUT017,3930.00200800087
DRG51,OUT018,2534.9171334365083
NCA29,OUT019,424.97101785730763
FDR47,OUT045,3063.564439354167
NCL19,OUT027,3470.065795675553
DRG01,OUT049,1239.541978941502
FDG10,OUT046,861.6297067994641
NCV05,OUT049,2508.3970434168477
NCH18,OUT019,643.9821718811594
FDV14,OUT018,1183.867623042311
DRJ23,OUT035,3154.623659813576
DRJ11,OUT046,3046.3419125062746
FDZ03,OUT017,3147.672167770605
FDI27,OUT010,148.24084092420804
FDJ14,OUT018,1121.211875584256
FDU32,OUT017,2093.230095816047
FDD47,OUT027,4160.836583888909
DRF36,OUT035,3172.1993151579054
FDM21,OUT046,4044.046456423918
FDV10,OUT018,513.3560935709702
FDH60,OUT018,2947.4749026048635
FDX47,OUT010,495.3954651029518
FDT19,OUT019,415.79227023356117
FDO11,OUT045,3997.242575420682
FDH24,OUT027,4037.4068913576994
FDL02,OUT018,1383.7324718310101
FDB02,OUT049,2911.6431933271706
FDA43,OUT046,3086.7900409103454
FDG52,OUT045,777.2923430607171
DRC12,OUT013,3076.5436006950795
FDY37,OUT018,1645.7222530598112
NCU18,OUT045,2107.0296019564353
FDU09,OUT035,904.8068340434654
DRJ25,OUT027,1366.931054813904
DRE12,OUT018,1409.0720227346164
DRL47,OUT017,2120.1031567157893
DRK01,OUT046,1502.84912686912
FDC22,OUT019,526.1567127762063
FDG44,OUT013,853.6046289076677
FDW04,OUT035,2152.3968843103544
FDK09,OUT049,3857.875973804489
NCN43,OUT035,2146.295971518934
FDG04,OUT049,2989.1297146760153
FDH32,OUT010,422.8386507219512
DRI47,OUT017,2521.5098056865213
DRE15,OUT013,1091.6880864328068
FDY11,OUT035,1162.7871533525165
FDO60,OUT049,757.0038697986466
FDQ20,OUT018,510.41887033389514
FDO57,OUT027,3971.3471384370023
FDT14,OUT019,284.25027322592643
FDA57,OUT049,754.7059545942918
DRN35,OUT017,716.245348415985
FDJ03,OUT046,774.6324890914038
FDX28,OUT017,1707.8592995502654
DRE25,OUT045,1422.9291702937887
FDR09,OUT046,3987.3336896531464
FDB23,OUT035,3716.984629685146
FDO08,OUT045,2577.884463746996
FDQ23,OUT049,1709.3547912497397
FDW04,OUT013,2069.7519159012386
DRK13,OUT010,536.2314264509606
NCL17,OUT027,3420.598689496943
FDY21,OUT035,3086.2805545532924
FDJ38,OUT027,4883.051741584399
FDA37,OUT019,373.39495208775736
FDV43,OUT013,713.4298600271553
FDL36,OUT046,1438.0077368198836
FDD53,OUT045,712.5295396596563
FDZ19,OUT010,433.4381932826524
FDV21,OUT045,2027.5894809317751
NCL54,OUT018,2822.787684564299
DRI47,OUT027,3778.9472203684145
DRG03,OUT049,2536.248457114324
FDG21,OUT013,2515.5375760453294
FDW03,OUT018,1439.5983111377411
NCI55,OUT046,2024.0966080657581
DRC36,OUT019,431.00392877859906
FDH22,OUT017,2103.1026585877617
FDV20,OUT045,2025.6859640492091
NCU41,OUT027,5275.630786264011
FDN46,OUT027,2675.56012602175
FDK50,OUT045,2581.2201601893034
NCA05,OUT027,3766.1969099450375
DRH01,OUT018,2803.4103330638386
FDT08,OUT018,2129.755087387331
FDM08,OUT018,3247.4840854816116
FDZ07,OUT035,1051.969152400944
FDS22,OUT017,823.0522362189607
FDV35,OUT027,3753.0387090214463
FDI28,OUT010,478.73813339628805
FDW58,OUT027,2583.475163306138
FDT52,OUT045,3902.3065174637272
FDY34,OUT046,2626.907449190945
FDR10,OUT046,2593.1983324573994
FDK57,OUT017,2063.598504584812
FDR02,OUT027,2630.5931057873026
FDX49,OUT046,3707.9466751487007
FDQ20,OUT046,714.2536097572731
DRK23,OUT045,4143.76119922199
NCW06,OUT046,3088.306185131727
FDR31,OUT017,2491.473553967156
NCE43,OUT013,2696.163006522952
DRO59,OUT027,2166.970145249345
FDN09,OUT049,4013.7098851163382
FDR11,OUT046,2563.9856769210537
FDO57,OUT013,2529.2368994781305
NCX18,OUT017,3070.6812979596075
FDB05,OUT018,3471.7486094339747
FDQ08,OUT018,839.1172858445772
NCG43,OUT035,1578.4952430912665
FDJ56,OUT013,1630.240552824089
FDA13,OUT010,85.0938331642468
FDO56,OUT017,1992.1252996758863
FDB37,OUT018,3295.1993693847767
FDZ02,OUT018,1266.345525792185
FDQ24,OUT046,4175.001238075521
FDM16,OUT013,1087.0874930700436
FDU35,OUT049,1655.9633982866685
FDT35,OUT035,2742.521466683336
NCX30,OUT049,4063.687127038551
FDG04,OUT017,3062.793677080148
FDI12,OUT035,1395.9381135529106
FDE35,OUT035,1081.196911614276
NCP14,OUT027,2669.4875791307
NCY53,OUT045,1729.5224517932143
FDP49,OUT017,901.6478290691433
FDQ04,OUT017,732.069557700382
FDM39,OUT035,2921.6789769894394
FDO58,OUT019,420.34734810644613
FDC56,OUT017,2019.2415247946278
NCQ54,OUT046,2726.3413507995506
FDV10,OUT027,1034.840424701271
NCK17,OUT046,720.5664347833359
NCF55,OUT027,1018.3229621937596
FDV33,OUT013,4103.614934245224
NCH29,OUT019,382.44070359543235
FDA37,OUT027,3290.6666926202283
FDH46,OUT018,1400.0848187924787
FDS25,OUT035,1836.0635655800581
FDH04,OUT027,2375.0838846065726
FDX52,OUT046,3091.6418815740344
NCD42,OUT017,720.2056671147404
FDW47,OUT017,2116.767460273482
FDL25,OUT027,2528.4175199708675
NCJ06,OUT010,506.7948130696842
FDY09,OUT013,2834.7306046126696
FDS40,OUT046,700.5888560319352
FDH41,OUT017,3475.0281963910875
FDG38,OUT035,1407.6927263208258
FDU03,OUT027,4888.96846039065
FDV20,OUT046,2033.9682853915524
DRB13,OUT045,2906.9916695844367
NCQ30,OUT013,1975.7998309219772
NCH06,OUT013,3735.5839095208253
FDU50,OUT018,1442.9154550430178
NCO42,OUT019,420.1435129566087
FDW09,OUT018,1063.8628532689095
FDH04,OUT013,1373.032435802534
FDC21,OUT045,1621.6535601191003
FDL21,OUT049,751.1304019397218
FDM46,OUT010,519.1125547435853
FDT22,OUT019,332.10730071910575
FDB28,OUT035,3144.8907091208985
FDI12,OUT018,1181.0125101777924
FDA28,OUT045,2027.7040299144837
FDF59,OUT013,2040.3477992298508
FDM45,OUT027,3207.042585202631
FDQ56,OUT017,1365.02069008983
FDR46,OUT049,2522.956157229733
FDT01,OUT013,3332.803452393576
FDD16,OUT027,1974.7159918493758
NCU30,OUT010,481.7574959619111
FDM40,OUT010,456.220282302863
FDI56,OUT035,1516.9512709520404
NCS30,OUT013,2032.6658489477247
FDU08,OUT017,1681.202136767659
FDX51,OUT027,5619.9414183369545
FDA43,OUT045,3075.6491951615494
FDX59,OUT010,87.69937311015806
FDC37,OUT018,1402.688154786443
FDP58,OUT013,3482.4992535764572
NCY42,OUT035,2204.258246548035
FDF21,OUT018,2997.9614513832475
FDU10,OUT027,1024.3254154648466
DRL47,OUT018,1593.967798908925
FDA58,OUT018,2905.5156439989723
FDJ22,OUT049,3125.362888452251
FDK50,OUT046,2557.649504280719
FDO38,OUT035,1337.4240067301525
DRF60,OUT035,4100.156639729099
NCZ42,OUT019,828.4959850892918
FDD35,OUT049,2014.971642202198
FDL25,OUT045,1427.7540957644057
FDJ16,OUT013,853.1768663144925
DRK59,OUT049,3881.505227033574
FDI50,OUT046,3906.0582549573064
NCB19,OUT045,1319.9042732269347
DRI37,OUT035,1017.3159628415998
FDA14,OUT027,3738.1428122050866
FDC08,OUT018,3249.479205639736
FDS45,OUT046,1675.620324000367
FDI21,OUT049,1064.4818484094947
DRJ47,OUT035,2882.0680178177836
DRE37,OUT027,4790.899342017559
FDT55,OUT018,2388.2929130326597
NCG42,OUT027,3420.2391796408956
FDA31,OUT049,2932.9295573639015
NCW42,OUT046,3632.9507628727333
FDF50,OUT017,3107.7256040498037
FDK56,OUT049,3202.538839139492
FDX10,OUT035,716.1244729812511
NCK07,OUT027,4096.842692983058
FDZ49,OUT017,3702.319028820244
FDR33,OUT013,1666.7086485239204
FDO44,OUT018,1472.8103589285631
FDA20,OUT046,3086.7900409103454
NCL30,OUT045,2025.6859640492091
FDI05,OUT019,402.1149805533622
FDQ12,OUT018,3256.86942369669
FDH47,OUT017,1628.3868483609992
FDH34,OUT018,2974.6998771543786
FDF29,OUT046,2082.0592783036664
FDG40,OUT018,482.9971548833873
NCE18,OUT017,4380.496616265464
FDP21,OUT010,615.7367845253988
FDY50,OUT013,1336.7066302395253
FDB36,OUT049,2177.009367103323
NCZ29,OUT049,2178.139670640052
FDU20,OUT018,1484.956612435622
FDO56,OUT013,1900.4429286785855
FDW31,OUT049,3156.4210005367795
DRH59,OUT013,1088.3953950418575
NCB30,OUT017,3174.6973711949513
FDK43,OUT027,3409.7573714749824
FDW43,OUT045,3858.457288464188
NCL19,OUT017,2217.986645954518
FDJ27,OUT046,1629.3965900427502
FDC45,OUT046,2681.7473925605223
FDY40,OUT035,817.1106333117096
NCM41,OUT035,1527.1674277776697
NCK18,OUT019,412.57613771554884
FDP37,OUT049,2180.939321938807
FDA27,OUT027,6113.686775997841
NCX30,OUT035,3743.0840726988213
FDR09,OUT017,4199.361217470179
FDG08,OUT027,4667.636191159061
NCU30,OUT013,2621.0137343233923
FDB16,OUT017,1402.363361257584
FDM16,OUT017,1175.8457705631515
FDC48,OUT013,1290.782273166741
NCF18,OUT046,3049.0259012221363
FDU46,OUT018,1188.974253149517
FDH41,OUT018,3002.528388537794
NCN42,OUT010,499.96961764329075
FDU49,OUT046,1315.9835525601366
FDB20,OUT027,2156.4226569868283
FDG50,OUT019,399.7736232357394
FDW20,OUT045,1995.93393533606
NCO55,OUT049,1748.615922488361
FDX48,OUT046,2430.4714621462067
FDU48,OUT046,2066.505079958627
FDR48,OUT019,390.0938534131765
FDK27,OUT013,2027.955482851251
FDT35,OUT013,2621.144851695216
FDN12,OUT049,1742.7521202113228
NCE31,OUT019,107.20963887192701
FDL21,OUT017,738.283644133727
FDV56,OUT017,1733.8181449850567
FDR16,OUT017,3564.5340478518374
NCP41,OUT049,1729.9024398731274
FDJ27,OUT013,1629.3965900427502
FDA07,OUT017,2123.836529803282
FDK55,OUT049,1427.0006738072493
FDM33,OUT049,3884.4687208361715
FDY46,OUT046,3026.1455538857285
FDD36,OUT046,1907.1405531730481
FDB12,OUT027,2665.537782469755
FDF28,OUT019,370.5709058945615
NCE07,OUT019,445.2802462962759
FDW50,OUT027,4072.3481513983816
NCW18,OUT017,4007.713936963332
NCJ17,OUT019,433.93099772578074
DRZ24,OUT010,503.88717396892844
FDS07,OUT035,1978.7103935517787
NCW05,OUT010,464.7733008888907
FDZ22,OUT018,1169.9633865715125
FDK02,OUT046,1907.1405531730481
FDZ45,OUT027,5478.757651573565
FDL25,OUT046,1365.541163796801
FDS08,OUT045,2811.121315847278
NCZ42,OUT027,6472.178746831293
FDX57,OUT035,1601.6038778483892
FDF21,OUT046,3088.306185131727
FDJ56,OUT018,1277.880624803496
FDX10,OUT013,710.7791068307616
DRG48,OUT035,2495.638089188869
DRN37,OUT046,2686.0495770217094
NCY41,OUT018,492.2964769983121
FDN28,OUT045,1620.8287410544965
FDE34,OUT045,2867.1590683158915
FDR10,OUT045,2616.7689883659837
FDC32,OUT017,1511.0849796425384
DRG13,OUT046,2628.268363118887
FDP59,OUT049,1659.5437687722224
NCT53,OUT010,433.99814460273785
FDL57,OUT027,6095.872364705285
FDN32,OUT010,630.2150967576698
FDK09,OUT018,3076.8853459885227
FDA52,OUT010,402.66608023638395
FDC57,OUT049,3146.2399308979307
FDI09,OUT035,3975.504588359037
NCB07,OUT046,2942.189283498957
FDP26,OUT035,1705.2781387063087
FDP40,OUT027,2974.543201203623
FDL15,OUT013,2424.5005654203173
FDV07,OUT046,1750.0821171866435
FDS03,OUT017,1113.2212269034844
FDE50,OUT049,3145.1091216939076
FDQ15,OUT017,1333.959673079221
FDQ33,OUT010,495.8450029509998
FDT22,OUT013,858.615244827353
DRO35,OUT035,1994.7861408961614
FDJ41,OUT049,4202.734988456311
FDQ27,OUT035,1771.4322863509115
FDC26,OUT017,1960.981531965518
NCF43,OUT027,3472.2138103348293
NCR50,OUT035,2524.966766167061
FDE39,OUT018,1538.5866071061434
FDN49,OUT027,1075.3866099672398
DRG11,OUT035,1710.6833457434611
NCA18,OUT049,2021.7133409349874
FDM36,OUT018,2809.4696420239447
FDW32,OUT017,1390.0718222434086
NCQ18,OUT010,509.87351519291065
FDX14,OUT027,2132.639599739931
FDD46,OUT017,2472.2805454475256
FDI34,OUT019,645.6602130504149
NCJ17,OUT035,1395.9381135529106
FDB52,OUT035,4054.3475080283342
FDV55,OUT018,2141.440598379928
FDC57,OUT046,3058.754238779803
FDB29,OUT046,1902.4251584092615
NCO43,OUT035,1761.8549948836585
FDG44,OUT045,856.9152795787985
FDJ34,OUT045,2027.5894809317751
FDH40,OUT049,1331.6751004664816
NCD07,OUT027,2990.0383853926915
FDB41,OUT017,809.990576745044
FDH47,OUT018,1265.3031400932703
DRK37,OUT035,3143.6245244913334
FDM25,OUT019,431.00392877859906
NCX06,OUT045,3112.506422072313
NCS05,OUT017,2186.2966281890012
FDS39,OUT045,2111.2633978104886
FDC47,OUT027,5591.992328308366
FDG20,OUT013,2807.312887979024
DRL23,OUT017,1728.659821378142
FDY33,OUT013,2559.448779210882
NCH18,OUT045,3885.598645522917
FDX47,OUT035,2495.333059826133
NCB06,OUT045,2561.0574999791625
FDP36,OUT049,871.9806594778959
FDW44,OUT018,2826.1233810066065
NCU41,OUT018,2996.8472253638993
NCS17,OUT046,1497.5265127347977
FDD46,OUT035,2472.2805454475256
FDE45,OUT017,2935.7377321401996
FDI09,OUT017,3975.504588359037
NCJ54,OUT010,677.194302202802
NCA29,OUT018,2826.1233810066065
NCN41,OUT027,3270.247678700484
FDY34,OUT035,2714.271981353538
NCG55,OUT035,1992.8947923255705
DRM49,OUT046,714.4556252399494
NCB42,OUT049,1990.9992033351605
FDE58,OUT045,1891.6855575200982
DRJ25,OUT013,781.9898462711215
FDS47,OUT010,508.2491931224064
FDY21,OUT049,3145.6417193337525
NCI54,OUT013,1754.8883931105152
FDO24,OUT017,2615.0902225600644
FDY43,OUT035,2755.6159901229585
FDF35,OUT018,1392.0754241599013
NCP29,OUT019,370.3003443701956
FDN28,OUT027,2588.5901188486764
FDJ50,OUT018,689.5068076539819
FDQ14,OUT027,3752.0989089028576
FDC37,OUT035,1718.5058538189537
FDN08,OUT046,1912.7928894621077
FDD04,OUT035,2181.9136525844924
FDW34,OUT018,2980.910099723754
FDP04,OUT017,1119.7606697611902
NCG07,OUT017,3168.0347799361925
NCN14,OUT018,2982.8733179075743
FDJ16,OUT045,856.4875169856233
NCM42,OUT045,1655.9904064064772
NCF19,OUT046,776.2610659281247
FDY21,OUT018,2945.8288971951383
FDY19,OUT035,1992.8947923255705
FDV09,OUT045,2421.4376731363436
FDA28,OUT013,2037.5237530366549
FDC38,OUT018,1610.8895376683931
FDL28,OUT045,3847.8137879299607
NCH43,OUT049,3468.947449647145
NCN53,OUT045,726.9731392274603
NCW05,OUT017,1684.6730499582552
NCO30,OUT018,2973.692632283739
FDT04,OUT019,92.19068509178034
FDB27,OUT018,3022.093342167365
NCK07,OUT013,2674.862757906035
NCA53,OUT013,774.9721104874543
FDB33,OUT018,2417.6266594212557
FDU37,OUT017,1345.7397847646153
FDR13,OUT035,2005.8501119820448
FDE45,OUT049,2954.616845278056
FDV37,OUT017,3134.628858088472
FDX44,OUT019,313.5628603012014
NCL06,OUT017,4044.586115145137
FDJ28,OUT045,3092.091946696438
FDX55,OUT049,3554.952297545563
NCK17,OUT018,516.731695359958
FDH52,OUT035,1066.1738903165162
FDN13,OUT027,2674.7471095663736
FDK44,OUT018,2804.4110343650445
FDU16,OUT046,1285.3369361946538
FDZ07,OUT017,1029.459279932769
NCN06,OUT027,3921.092885836201
FDH02,OUT010,506.0877016269037
NCW18,OUT045,3885.271289981599
FDH57,OUT013,2074.6037565649276
FDV35,OUT045,2407.614566336323
NCU29,OUT013,2419.466643718193
NCP02,OUT046,855.4562398530309
FDN44,OUT013,2565.105026019458
FDX03,OUT018,513.2184126871266
FDR11,OUT010,443.7114338776444
FDA36,OUT046,2952.872884260039
FDP58,OUT027,5351.094168591423
FDH31,OUT045,1500.1238391261284
FDH34,OUT035,3173.9848086981647
FDS13,OUT035,3985.4627837642834
FDT01,OUT018,3128.3510834532467
FDY09,OUT049,2917.7826786835462
FDV33,OUT027,6114.069559036753
NCW29,OUT010,515.1733112791663
NCN17,OUT045,1620.420829701918
FDX01,OUT046,1900.4429286785855
FDL03,OUT049,3146.2399308979307
DRL59,OUT049,919.685281006566
DRM11,OUT027,5127.136371164375
FDA43,OUT049,3197.8350202509077
FDZ56,OUT010,438.1460520170016
FDI44,OUT018,1070.7460157004414
FDB50,OUT013,1265.625783122584
FDU15,OUT019,124.95595589895241
NCJ19,OUT019,278.5043596559392
FDD48,OUT013,1900.4429286785855
NCW42,OUT035,3793.1052312894726
FDL24,OUT017,2915.12268669559
NCB30,OUT013,3029.5786418546422
FDK25,OUT013,2711.564917574559
FDW28,OUT049,3166.126787471938
FDD47,OUT017,2935.4332282002897
FDK16,OUT019,391.232490731424
FDW37,OUT046,1433.5290854669001
FDA48,OUT035,3762.2916083601663
FDA14,OUT017,2485.436812316496
FDV15,OUT013,1630.240552824089
FDN22,OUT049,3802.4874242613832
NCD55,OUT045,709.9337564010281
FDY43,OUT013,2690.0863602958966
NCU05,OUT017,1323.249257317318
FDF10,OUT035,2485.4851354373386
FDR39,OUT018,3000.7522884628324
FDG40,OUT013,700.1134722723187
FDZ28,OUT019,370.5709058945615
FDE02,OUT045,1497.318739464076
FDU60,OUT049,2768.6314124813234
FDM21,OUT013,3976.2847071915626
FDV52,OUT019,250.7669161761827
NCW06,OUT013,3088.306185131727
FDX36,OUT035,3833.8138597250236
FDT35,OUT027,4151.6186754811915
NCL19,OUT010,581.3242009075221
NCD31,OUT046,2623.171576538553
FDE53,OUT019,341.7509154990277
FDW58,OUT019,349.73328529913823
DRF48,OUT046,3084.6610181237884
FDW57,OUT035,2866.530723576627
DRH13,OUT017,1722.4533800783051
FDT33,OUT013,2696.0211872622
DRK47,OUT027,4801.025504207568
FDY22,OUT010,515.1662928136878
FDC35,OUT019,608.7850580363345
FDO03,OUT013,3843.9783706046683
FDF24,OUT045,1274.3664217666078
FDF56,OUT018,2844.2571992697835
FDD28,OUT013,852.6321936598351
FDG53,OUT027,3480.8028654433233
FDO27,OUT019,382.44070359543235
NCF54,OUT018,2833.9303003542627
FDC20,OUT027,1711.9909719455807
FDU10,OUT046,715.8581156720538
DRA24,OUT018,2419.463968510441
FDA02,OUT010,477.34949026593495
FDG10,OUT017,913.9990172370818
FDW39,OUT010,487.7515549734401
FDP04,OUT019,391.84468389598067
NCM55,OUT013,3067.9435729661395
FDG47,OUT045,4265.51737715327
NCU41,OUT017,3177.6601943384226
NCK31,OUT017,858.8804577200041
FDZ46,OUT045,1653.8566369589855
FDU13,OUT027,3496.438541152869
NCF19,OUT045,779.5717165992554
NCJ43,OUT013,2825.0523668205146
NCJ05,OUT045,2409.130710557705
FDS04,OUT027,3358.8683137820976
FDX28,OUT010,477.9015315859554
FDB41,OUT027,1189.586797484662
FDG53,OUT046,2112.6077875438828
FDL15,OUT010,509.3581201524354
FDQ08,OUT049,992.9701870733073
DRN36,OUT013,1506.4237191808566
FDI46,OUT013,3954.5750489767747
FDG16,OUT027,5327.661668092908
FDV32,OUT013,992.9869431035706
FDF44,OUT010,512.0911794558834
FDK04,OUT018,725.8405826716236
NCA41,OUT013,3100.15740661892
FDD51,OUT017,727.4066248556935
NCZ53,OUT045,3088.6732082318863
FDP01,OUT027,3768.033757325162
FDY25,OUT049,3004.612310209209
FDB17,OUT018,2848.0867586218933
NCV54,OUT018,1517.6361311011603
FDJ32,OUT017,1099.4864797914684
FDA37,OUT049,2102.0274373866782
FDG35,OUT035,2938.6825087611082
NCM05,OUT018,3572.3417317614353
FDG45,OUT046,3541.5831012121935
FDH28,OUT013,704.123830417339
NCE18,OUT049,4295.82083985403
FDH38,OUT045,1897.4973424877217
FDR56,OUT013,3003.330302604551
FDH17,OUT027,2412.2757917566014
FDD39,OUT049,3606.1370251627877
FDB41,OUT049,868.6969252911597
NCR53,OUT046,3541.604640021888
FDX46,OUT017,904.8068340434654
FDV28,OUT049,736.9273904792815
FDA08,OUT018,2494.549832559053
FDH45,OUT017,730.1114043544293
NCS38,OUT010,452.8493781222488
FDD40,OUT010,613.435783268988
DRM59,OUT035,2521.525874629279
NCJ43,OUT018,2796.113259117237
NCN29,OUT013,779.2883447975311
NCC19,OUT045,3058.824295358916
FDR56,OUT035,3222.7273544503123
FDZ43,OUT049,4028.704467518137
FDJ32,OUT010,258.686866728243
DRH03,OUT017,1524.9941782862916
NCZ54,OUT035,2642.3961588947423
FDE26,OUT017,2501.334874114033
FDS03,OUT045,1025.3992516863107
DRZ24,OUT019,322.63516997614624
FDO48,OUT027,5248.321083319759
FDW39,OUT049,2934.173463996516
NCK05,OUT049,1013.1785594504438
NCK30,OUT017,4189.3122007841985
FDT27,OUT018,3135.79459377201
FDS08,OUT019,479.5748446023117
NCJ19,OUT049,926.658476877554
FDC58,OUT045,715.7125007384792
DRE37,OUT013,3065.438135709003
FDW02,OUT035,2159.0367802624305
FDJ02,OUT010,508.50376296234515
FDX09,OUT045,2815.8646709534996
FDT31,OUT010,613.435783268988
FDI24,OUT049,2953.467237124186
FDY09,OUT045,2817.3808151748813
FDV28,OUT045,696.1282673629025
DRM47,OUT049,3207.5233368789372
FDT52,OUT019,659.4337309182201
FDI48,OUT018,723.0193663884464
FDY55,OUT017,4521.252338011484
FDU48,OUT013,2066.505079958627
FDN25,OUT045,858.7668905241616
FDP20,OUT049,2163.0443495059644
FDJ15,OUT013,3095.060620038586
FDD04,OUT018,1603.8827477924774
FDY58,OUT045,3866.021449289425
FDR37,OUT018,3063.20893595515
FDF44,OUT013,2071.26806012262
FDD32,OUT045,1286.097526984042
FDR57,OUT017,2510.919548016373
DRG39,OUT027,1656.763920437845
FDX15,OUT017,2623.60574760495
DRN37,OUT045,2622.936427066813
FDW40,OUT027,3468.077211744833
FDB32,OUT049,1537.569754613639
FDM40,OUT018,1644.3941014852164
FDE39,OUT027,3146.7893665085585
DRH49,OUT017,1361.860454263628
FDT46,OUT049,867.5547373512226
NCF06,OUT035,3940.0708839880394
FDP07,OUT017,3116.832409956039
FDC04,OUT013,3896.954955917053
FDZ32,OUT017,1725.0432797634514
FDD50,OUT045,2676.205372754666
FDU56,OUT017,3176.550304981078
FDV34,OUT017,1164.9410533414136
NCY41,OUT013,706.15759597655
NCK18,OUT046,2640.6578017589086
DRH25,OUT049,909.1916668895435
FDT57,OUT046,3953.400825331523
FDV56,OUT018,1402.7654681227675
FDV12,OUT045,1499.3771875544307
FDN52,OUT017,1383.8387499511448
FDX38,OUT035,812.0326496705304
FDE47,OUT018,1593.967798908925
NCO07,OUT013,3393.9635726738293
FDV09,OUT027,3752.12414373496
FDZ23,OUT019,573.9736574603461
DRH51,OUT018,1182.2482867854824
NCY54,OUT045,2765.1679338387326
DRG49,OUT013,3962.679649366598
NCC19,OUT049,3233.3563011319347
NCV53,OUT045,3995.717789004441
FDZ47,OUT019,336.3611929763792
NCO26,OUT018,1482.4096992458442
NCP02,OUT045,983.550309687735
NCW30,OUT018,3291.3530245332977
NCN55,OUT046,3895.4388116956716
FDB20,OUT010,370.7775477241006
DRL11,OUT013,2488.5193807184714
DRD60,OUT045,3125.6654585551464
FDW14,OUT010,506.919906412367
FDL27,OUT010,365.8300264881934
FDU09,OUT018,733.9850355187879
DRH36,OUT027,1975.3261097563689
FDP34,OUT027,3723.702909141206
FDE04,OUT017,2901.620948585802
FDZ57,OUT027,3420.2391796408956
FDF02,OUT010,476.64965745203796
FDG28,OUT045,3877.7683351058745
NCI31,OUT046,701.4861459819373
FDT43,OUT013,809.0440484915385
FDU20,OUT046,2018.9382844588433
FDD53,OUT013,710.6058138339596
FDW15,OUT045,2410.5527616884383
NCT53,OUT045,2581.6659990491926
NCG55,OUT027,2963.344633513786
FDD48,OUT035,1992.1252996758863
FDG47,OUT049,4212.608337682214
FDI21,OUT017,1128.169311251095
FDT27,OUT017,3872.4878665741567
DRO35,OUT013,1907.1405531730481
FDD33,OUT017,3994.9984283741605
FDC04,OUT035,4116.3036073411495
FDY34,OUT013,2626.907449190945
DRJ49,OUT049,2153.344510700403
FDE05,OUT049,2535.672680594887
FDU31,OUT017,3746.4810585671853
NCN19,OUT027,4945.332641659683
FDK56,OUT027,5444.255380611694
FDK58,OUT017,1723.9242389956232
NCJ42,OUT035,1728.659821378142
FDZ34,OUT027,5478.846959992282
FDA52,OUT018,2778.854221558104
NCR29,OUT013,856.0009125076882
FDT48,OUT035,3396.9302900601474
DRJ51,OUT019,670.7229122418104
NCS54,OUT046,2868.6379851168736
FDV01,OUT035,2491.822519057392
DRG51,OUT027,3977.490358233644
NCG42,OUT013,2069.8407764009344
FDA51,OUT049,1997.516768927986
FDV19,OUT010,489.8751256949687
NCT18,OUT045,3113.7481098380927
NCS41,OUT045,3083.8213675681973
FDO03,OUT046,3858.0555554230864
FDL12,OUT010,289.9329447648263
FDY37,OUT010,481.99661846967024
FDI58,OUT049,1498.3874587222565
FDT28,OUT018,2112.1631958215658
NCC42,OUT010,525.4857989021444
FDO01,OUT017,2127.0125214142686
FDJ02,OUT013,2435.4376905018175
FDQ04,OUT018,511.9144401535528
DRL47,OUT013,2037.30398183386
FDZ32,OUT035,1725.0432797634514
FDC35,OUT035,3617.3551471808128
FDX14,OUT045,1093.4825928825555
FDZ35,OUT013,1636.6642795038574
FDL14,OUT013,2422.101844001775
FDO04,OUT049,915.1253664386275
DRK11,OUT017,2526.668129293436
FDB44,OUT018,3251.5546885799877
FDZ50,OUT049,3205.044276396629
FDI12,OUT027,2435.870281259165
FDU43,OUT017,4018.30411687427
FDD58,OUT010,510.7174779742495
FDB27,OUT017,3154.8167855909533
FDB04,OUT018,1180.9952149882558
NCO17,OUT013,1914.3090336834896
FDL12,OUT017,895.7325683691467
DRJ13,OUT049,2677.8261458342517
FDD57,OUT045,1496.4952310705146
FDW19,OUT035,1844.4253294042194
DRD27,OUT018,1400.9176061260584
FDH27,OUT027,3759.676675503803
NCW30,OUT027,6375.327900527614
FDR40,OUT018,1060.7026476491826
FDG05,OUT013,2487.00323649709
NCY41,OUT019,129.50395049251696
FDI38,OUT018,3164.2262877777885
FDR20,OUT046,710.9772131848295
FDE09,OUT017,1766.9343163282597
FDN50,OUT019,383.9568478168141
DRF27,OUT045,2412.613308051113
DRF51,OUT013,690.7081003611909
NCO02,OUT019,421.8112357482081
FDB51,OUT027,1729.964919396506
FDJ50,OUT013,849.8279987072361
FDN52,OUT013,1314.0635654081877
FDX14,OUT013,1271.6369946268971
FDT27,OUT019,663.2787703426973
FDV10,OUT013,719.8051653140128
FDU33,OUT046,717.3376864283289
FDU58,OUT046,3090.6110468857605
NCP42,OUT027,5558.519144972357
FDL51,OUT027,5416.9091885538555
DRH15,OUT027,1191.9734625612225
FDU16,OUT017,1397.9931419798563
FDW15,OUT017,2487.6100618078744
FDQ44,OUT045,2007.2372246519499
NCI06,OUT027,4911.252353320424
DRK23,OUT019,774.1257188810954
FDC28,OUT035,1738.481105384658
NCY17,OUT019,143.87382765744417
NCV05,OUT018,2133.6145932463082
FDM34,OUT019,399.2914741119006
DRD60,OUT027,5137.6652579078145
FDT38,OUT046,1313.8103030687585
FDQ57,OUT018,2136.4664800141563
FDE59,OUT027,1024.8234668992466
NCM43,OUT046,2592.9681538849827
DRI51,OUT049,2939.591181886108
NCG30,OUT017,2094.436310017516
NCK54,OUT035,1994.7861408961614
FDQ16,OUT019,329.7527023674157
FDI36,OUT013,3078.6178685036975
FDX16,OUT027,3737.6956073278507
FDA34,OUT046,2867.1094191723532
FDJ48,OUT018,3055.988627163119
FDU47,OUT035,2145.30688643444
FDS39,OUT046,2119.3622224507417
FDD11,OUT046,3941.3174184100453
FDM16,OUT027,1974.7159918493758
FDU56,OUT018,3055.6234685329414
FDQ32,OUT017,2116.767460273482
DRK35,OUT013,716.9024355365833
FDA58,OUT049,3832.8132746130937
DRG48,OUT019,438.1566592021188
FDT59,OUT010,792.3205764298034
FDQ31,OUT019,313.5628603012014
FDS51,OUT018,880.3672716726138
FDW32,OUT027,2415.0226341834837
FDI15,OUT027,6376.097775136044
NCV30,OUT017,1068.9935456561893
DRG25,OUT049,3195.472922896836
FDT02,OUT013,700.7642689741363
FDO33,OUT027,3020.501341685051
FDP38,OUT035,827.2397761044667
FDZ45,OUT035,3170.0524467751184
NCA54,OUT027,4893.9358603466035
FDU33,OUT017,811.2696280600571
FDN58,OUT017,4006.82014397773
FDI05,OUT045,1088.8819995197923
FDM57,OUT019,439.6645593589023
NCS42,OUT027,2399.1028337382763
FDB57,OUT045,3718.036507890092
FDC03,OUT045,3083.8213675681973
FDZ58,OUT013,2018.5111497566882
NCK29,OUT045,2012.5983560464126
NCR53,OUT045,3618.3969045442595
FDE26,OUT027,3673.4503806588386
FDU52,OUT049,2532.868779110134
FDE41,OUT027,2281.40302649004
FDU38,OUT018,3031.8175654798265
FDA52,OUT017,2840.985252249647
FDW46,OUT046,1035.448590145381
DRI59,OUT035,3967.7442288600637
FDT38,OUT035,1392.317127845106
FDL33,OUT018,2968.4067382947687
FDQ01,OUT027,5851.546830337236
FDJ08,OUT046,3065.438135709003
FDQ47,OUT049,752.432099212208
NCZ18,OUT013,3817.954793415927
FDE29,OUT017,1048.280526732569
FDF10,OUT027,3564.643637487414
FDC48,OUT049,1346.541585680862
FDY58,OUT013,3860.669887742751
NCX30,OUT010,741.2799986947871
FDV11,OUT013,2789.4244722882277
FDT46,OUT046,777.586442807119
DRD01,OUT019,274.73279800051967
FDQ11,OUT013,4048.026357609921
NCM41,OUT017,1527.1674277776697
NCC55,OUT013,707.7860027359586
FDG45,OUT027,5644.04170840844
NCQ54,OUT049,2834.3902740241115
FDM34,OUT045,2038.3083039538812
FDD17,OUT019,756.7324469035683
FDN38,OUT027,6029.6981700402275
FDB53,OUT018,2112.1631958215658
NCL06,OUT035,4023.115314664895
NCV18,OUT019,439.6645593589023
FDX25,OUT013,3154.2607163144216
FDB39,OUT046,853.2829903616527
FDC33,OUT049,3197.8350202509077
NCO14,OUT018,512.2171383283779
FDA58,OUT027,5943.312101354715
NCQ02,OUT017,3044.4096771437407
NCR53,OUT017,3834.2468444787746
FDN52,OUT046,1314.0635654081877
FDG26,OUT046,3967.4914511563306
FDE23,OUT027,1319.9812794234483
DRI37,OUT013,910.6495464265215
DRH37,OUT018,2533.0393729368316
FDO01,OUT035,2094.475726847195
FDK45,OUT049,1981.133129740512
FDP23,OUT049,3571.459303824067
FDM33,OUT035,3709.7800103369623
FDD36,OUT017,2075.06897353694
FDL56,OUT017,1394.865581685693
FDT27,OUT010,698.9859412103185
FDG52,OUT017,729.2233070395598
NCL42,OUT035,3971.8500190716986
DRJ24,OUT046,3065.438135709003
FDV38,OUT046,843.0737770798759
FDT35,OUT045,2673.9338990679184
FDY51,OUT045,3529.8841732553374
FDC37,OUT017,1722.079399325643
NCP43,OUT013,2874.0818896381543
FDO33,OUT045,1860.063019212529
FDW04,OUT018,1615.6287963585937
NCC31,OUT046,2425.5205824663267
FDK22,OUT049,3618.683588806775
FDJ50,OUT017,913.739370666541
FDV13,OUT017,1473.495150733129
DRL60,OUT017,2499.7700289092945
FDW03,OUT017,1766.9031452731895
FDY27,OUT035,2885.5373047242665
FDB39,OUT027,1656.763920437845
FDU59,OUT045,2572.7231525176758
FDZ57,OUT049,2181.0330152056663
FDO21,OUT049,3543.50965968644
FDS43,OUT018,2997.9614513832475
FDU28,OUT010,572.1503946549558
FDC51,OUT010,478.7770034757732
FDW16,OUT010,518.6653023289024
FDP32,OUT010,495.86830970283097
FDB60,OUT019,596.8417068830709
NCQ30,OUT046,1975.7998309219772
FDD26,OUT049,3256.1920254265688
FDI44,OUT045,1258.1672410351157
DRH23,OUT046,855.3539190700324
FDO44,OUT046,1755.2635974597242
FDG04,OUT046,2926.18279097393
FDM32,OUT027,2509.046068611897
FDM09,OUT013,2675.6443323657013
FDZ47,OUT013,1576.7606591559022
FDM40,OUT027,3405.914051895896
FDY48,OUT017,1733.5241653022572
NCM30,OUT045,709.509925408003
FDX36,OUT010,694.0652295918414
DRF03,OUT017,730.7105848925048
FDN51,OUT049,4245.503975689758
FDM57,OUT049,1338.8493473540848
FDB35,OUT049,1563.7203503314352
FDY13,OUT027,2211.1098842458177
FDA37,OUT017,2134.1969408923205
NCX53,OUT017,2217.0825405760174
FDD59,OUT018,1059.0990966442635
FDX10,OUT019,107.20963887192701
FDC03,OUT018,2964.354724444389
FDW43,OUT035,3992.547751093391
FDW10,OUT046,2690.8127427981553
FDY14,OUT027,6231.81417518173
FDV43,OUT045,761.2884598720797
FDO40,OUT013,2432.018952037266
FDP46,OUT027,2399.1028337382763
NCE43,OUT019,380.338672057034
FDD05,OUT035,2080.087882401694
FDJ60,OUT010,432.0100223819493
DRE27,OUT018,1260.469049381617
FDO11,OUT035,4220.163416990909
DRG11,OUT027,2659.021988190666
FDK33,OUT010,657.485118620734
DRM23,OUT045,2696.313431511597
FDJ02,OUT027,3773.774676545983
NCZ05,OUT045,1618.904685480536
NCL30,OUT013,2033.9682853915524
FDZ19,OUT018,2782.475867608183
FDM45,OUT049,2125.20843065333
FDO36,OUT046,2846.5673644215967
NCK31,OUT045,785.4028177252507
DRJ37,OUT045,2410.645067663651
FDP24,OUT018,1522.7356024350668
FDF46,OUT013,1895.9739003450954
FDX46,OUT019,276.02175344119007
NCL18,OUT045,2936.376636790809
FDJ26,OUT013,3378.086670741556
FDJ07,OUT045,1889.1070613350325
FDY15,OUT013,2396.503778890806
DRG01,OUT045,1095.2806380247246
FDF58,OUT045,1038.5417452428487
FDZ14,OUT019,340.3718961889938
FDP31,OUT049,1015.3167150608874
FDH45,OUT013,713.4298600271553
FDA09,OUT010,402.66608023638395
FDW31,OUT035,3195.738071257108
FDA57,OUT046,715.9840960869118
NCE55,OUT035,2861.3236761353264
FDC17,OUT019,673.3104327441773
FDC59,OUT013,1035.3168640404658
FDA22,OUT013,2747.5990125212593
FDK52,OUT035,3895.5453169462535
NCM26,OUT046,2419.436535137789
NCT53,OUT035,2716.427706827677
FDW45,OUT018,2144.233399619602
NCI18,OUT035,3521.117310730686
FDE38,OUT018,2475.9310032784756
FDF08,OUT019,313.5628603012014
FDY58,OUT010,831.46884707962
FDF58,OUT019,394.6687300891765
FDX39,OUT017,3876.707871087359
FDB44,OUT049,3720.9325420678592
FDF28,OUT013,2042.3755937003443
FDE39,OUT013,1898.2696791872074
FDT37,OUT018,3361.815703896491
FDZ45,OUT017,3237.7018648533563
FDO40,OUT035,2517.053174860832
FDM57,OUT027,2317.7958131090018
DRG36,OUT017,2862.8152154299823
FDY36,OUT010,403.16874055266186
DRL60,OUT027,3762.1601266708503
FDS25,OUT019,260.19982172413995
DRF49,OUT027,2983.3407608982293
FDP16,OUT045,3879.7567548245497
FDS60,OUT049,2566.6891529853365
FDU15,OUT027,1021.9328648824292
FDK43,OUT046,2041.162856619353
FDN25,OUT046,855.4562398530309
FDE53,OUT049,1696.6553366776402
FDB22,OUT013,2419.864335657751
FDE39,OUT017,2048.8241768626385
FDX35,OUT035,3939.98721620666
NCG54,OUT049,2863.099877327579
FDH27,OUT035,2486.9529565378775
NCK42,OUT013,3331.662184362484
FDS25,OUT049,1725.3250622118876
FDI10,OUT018,2811.655730312382
FDU35,OUT035,1715.5909282018476
FDI04,OUT017,3167.746869095824
DRK23,OUT035,4409.5966482078
FDB53,OUT019,394.130636687364
FDY02,OUT049,4160.524081824026
FDM60,OUT035,726.9786961017705
NCJ31,OUT010,651.1291324924073
DRP35,OUT017,2118.9559843647803
NCQ30,OUT018,1608.4853788186583
DRL11,OUT010,484.3221981993996
FDU01,OUT013,2934.230736606588
FDR39,OUT035,2986.130574218058
FDO08,OUT046,2612.380358357507
FDC02,OUT045,4115.317218459581
NCZ29,OUT035,2118.9559843647803
FDF29,OUT010,520.9798033937599
FDZ23,OUT017,3160.5125167378174
NCU53,OUT018,2467.8754071119906
NCW30,OUT013,3990.4137927078027
NCM26,OUT027,3932.446776674138
FDV50,OUT027,3204.8693357112525
FDW15,OUT049,2511.8262998651826
FDI35,OUT027,5222.175168136261
FDO11,OUT017,4327.763765091859
FDN48,OUT046,1442.801496262168
NCA17,OUT049,2437.6470681909145
NCN54,OUT013,1244.955598082955
FDP22,OUT013,777.4841220241206
NCB54,OUT035,2135.031731709163
FDD08,OUT045,699.7964068565818
DRM48,OUT010,70.51488807779128
FDG41,OUT027,2905.2212279613477
FDE44,OUT027,1466.4973000841273
FDE26,OUT035,2501.334874114033
NCS38,OUT013,1900.4429286785855
NCJ54,OUT018,3190.1461758986034
FDI40,OUT019,358.89886941832225
FDN45,OUT018,3236.594534121632
FDU43,OUT046,3890.850467994128
FDI04,OUT010,554.6942965759439
NCC07,OUT018,1413.875062439677
NCC07,OUT019,341.8271338587064
NCD18,OUT045,3820.29923191474
FDU55,OUT035,4499.808144889952
FDX59,OUT035,715.6276187068918
FDR52,OUT049,3205.044276396629
NCP17,OUT013,1021.3815113176162
FDQ32,OUT045,2007.6144960946813
NCT17,OUT049,3210.8590333212446
FDO10,OUT049,930.8017284780685
FDE32,OUT049,744.4430439399177
FDN44,OUT045,2560.8125540625174
FDH02,OUT035,1476.4590311709376
FDK60,OUT013,1581.2393105088856
FDS24,OUT019,429.98120106483515
FDL03,OUT010,574.4989511333903
FDB46,OUT027,5381.8399680794455
FDO48,OUT049,3791.5050904645254
FDZ39,OUT049,1693.3541766804478
FDT02,OUT027,1020.7835574245833
FDC50,OUT013,1502.0051640877812
FDP39,OUT035,859.4251303746614
DRG15,OUT018,834.3433927544424
FDP10,OUT018,1392.0754241599013
FDF53,OUT027,5159.727660230927
FDN34,OUT045,2705.5420604314163
FDK02,OUT045,2007.2274960467312
FDC23,OUT045,2843.9901320143326
FDJ10,OUT019,376.64236298306344
FDE53,OUT035,1728.0392778887863
FDR25,OUT035,4125.554582337927
FDW50,OUT046,2612.727747918934
FDS09,OUT049,901.8393682544869
FDW49,OUT010,460.92135521285735
FDU51,OUT046,2837.545249321777
FDF28,OUT018,1606.002413846831
NCY30,OUT018,2848.4886768239267
FDD44,OUT045,4258.6108872198565
FDX09,OUT017,2880.2920973666473
NCF30,OUT013,2040.3477992298508
FDZ50,OUT019,586.2061714237554
FDW37,OUT013,1370.2043211873267
FDD11,OUT049,4071.7951979185373
DRH39,OUT018,988.7584369157374
FDA36,OUT049,3012.7895548227907
NCG43,OUT049,1502.2880149907494
FDF02,OUT035,1715.3099091943434
FDP57,OUT027,2596.605749583727
NCE42,OUT017,3402.2519408564103
NCR38,OUT027,6041.739425969515
FDP03,OUT019,342.545145680372
FDO51,OUT035,729.0494436758622
NCQ42,OUT046,2037.30398183386
NCM41,OUT046,1374.6829725403102
FDH48,OUT027,2315.3621606694383
DRF60,OUT046,3916.569682426391
FDJ27,OUT035,1701.5850968881848
FDQ14,OUT013,2413.957697784507
FDN27,OUT017,1966.1402790167306
NCQ02,OUT046,2907.7987910375223
FDJ33,OUT049,2114.151644835199
FDP07,OUT027,5653.490502818485
DRE01,OUT049,3956.31393522069
FDU36,OUT045,1547.8847304473786
FDL28,OUT017,4018.5449833441744
NCX53,OUT046,2114.5992422867484
FDZ39,OUT013,1626.3634984293178
NCP42,OUT013,3095.060620038586
FDJ14,OUT035,1372.1705277010608
FDK04,OUT049,917.2378436491873
NCC19,OUT017,3087.4042965805384
FDS09,OUT018,696.54706210032
FDZ02,OUT046,1575.8589515884555
FDD35,OUT018,1597.343495093443
NCY42,OUT017,2507.7814062800385
FDB05,OUT045,3710.6427142472203
FDF20,OUT035,3141.8336582526285
NCO41,OUT018,1276.3891560326363
FDC40,OUT027,2145.989123796707
FDV58,OUT045,2568.365159249843
FDZ57,OUT045,2065.8822215410396
DRM35,OUT046,2919.533381004047
DRN36,OUT018,1262.4345103534702
FDQ13,OUT046,1284.5815518949046
DRO35,OUT010,461.0631468380931
NCD43,OUT035,1725.0432797634514
FDA51,OUT018,1469.4522429322255
NCX17,OUT027,5854.427804413626
NCZ17,OUT049,761.2036787949088
FDR11,OUT027,3887.494034864681
FDW34,OUT049,4013.7098851163382
FDN50,OUT017,1542.6346655595853
FDS09,OUT046,778.1311154617764
FDS48,OUT018,2136.4664800141563
FDL44,OUT049,2683.5138175499355
DRF48,OUT018,2959.1437088450157
FDA14,OUT018,2109.989946330187
NCD30,OUT049,1564.2084155600417
FDI16,OUT017,856.6010841814657
NCG06,OUT035,3942.006448339652
DRZ24,OUT035,2050.5227312885377
NCS17,OUT045,1495.0496713309635
FDB37,OUT045,3937.6701310896883
FDE10,OUT035,2141.2828172235363
FDC57,OUT045,3058.8391114388646
FDM12,OUT018,3007.5879229518296
FDE24,OUT049,2186.9545876332113
FDW22,OUT045,3589.1516709507687
DRD01,OUT027,1544.2309687830723
NCZ18,OUT027,6074.874999469116
FDN49,OUT045,710.9350307597769
FDR22,OUT035,2002.089546697734
FDV08,OUT019,138.90039056030133
FDY39,OUT046,3084.6610181237884
FDV36,OUT049,2155.5529016530663
FDO60,OUT045,764.2819096133811
FDU04,OUT027,3260.906551394493
FDR20,OUT027,1369.5793652726936
FDW19,OUT019,222.22478386299292
FDU40,OUT049,2585.943816066655
FDK15,OUT045,1497.318739464076
DRF15,OUT035,2504.139227781523
FDQ25,OUT017,2918.983955978986
FDI48,OUT019,269.10455685472505
FDS49,OUT046,1269.8604474573297
FDV22,OUT046,2530.9453420569953
NCV42,OUT046,1667.3262737500302
FDX26,OUT046,3049.0911423030993
FDI33,OUT018,1243.7232250914453
FDZ14,OUT049,2121.9369930636685
FDG10,OUT013,861.6297067994641
FDM38,OUT018,666.9934038306305
FDG26,OUT027,5955.839819802617
FDH46,OUT035,1722.0903956513432
FDN13,OUT018,1281.842966745542
FDU57,OUT035,2490.224394127539
NCI06,OUT046,2904.1388750307924
FDM38,OUT045,856.9152795787985
NCG42,OUT010,514.0441671057347
FDL39,OUT045,2881.674919615213
FDT31,OUT019,592.9712229629936
FDV59,OUT013,3492.519328576381
FDB49,OUT035,1725.0432797634514
FDD58,OUT049,1708.8090211355423
DRN59,OUT046,774.8697897044558
FDX48,OUT049,2516.069528828846
FDQ11,OUT049,4194.415520473697
FDY12,OUT049,919.4103115179482
FDQ11,OUT045,4077.4252913387095
DRI11,OUT017,1995.858672763379
FDY32,OUT027,4130.81127491275
FDS51,OUT045,980.0174833054688
FDR19,OUT010,439.98854633581243
DRB13,OUT018,2862.4996491102197
FDS21,OUT035,1086.31351191158
FDQ40,OUT045,2818.102179297524
NCE55,OUT013,2805.92798036932
FDX43,OUT027,4100.344838113859
FDS12,OUT049,2135.9141661597105
DRK01,OUT027,2482.9511751929517
FDN25,OUT017,901.6478290691433
FDB60,OUT046,3095.060620038586
FDQ13,OUT017,1382.4482715155243
DRK13,OUT045,3054.297289960207
DRF25,OUT018,479.88545949555
NCD42,OUT019,136.64646888490242
FDW25,OUT045,1342.6674651843177
NCV29,OUT027,4924.134681330941
NCK42,OUT035,3473.0551939984493
DRJ13,OUT027,4036.133542257666
DRD15,OUT017,3994.9984283741605
FDM27,OUT045,2414.681850937838
FDZ50,OUT018,3039.7739503406087
FDC04,OUT046,3896.954955917053
FDF50,OUT049,3226.175008603116
FDP15,OUT045,4067.9370147594404
FDK46,OUT035,4233.808213163048
FDZ56,OUT018,2637.2557108617575
FDY60,OUT049,2257.966901106425
FDB10,OUT035,4073.8085454349057
FDR57,OUT045,2417.8848121036176
FDU58,OUT049,3206.797945493637
FDH02,OUT046,1372.6245244499555
FDP48,OUT013,3134.8255864914577
FDI46,OUT035,4134.261097621085
FDW56,OUT013,3126.05526890128
NCM19,OUT010,444.4776393092477
FDS50,OUT027,5733.751699400173
FDK24,OUT013,714.0768534648112
FDO36,OUT017,2975.496299610137
FDK45,OUT027,2939.3697401403965
NCL05,OUT045,720.9627344742604
FDL32,OUT018,1460.9897942918997
FDA28,OUT049,2149.1183750853434
FDY36,OUT018,947.8506384780061
FDP32,OUT018,1598.7340183892675
FDL50,OUT046,2020.0795076116651
DRC24,OUT049,2527.9599399967656
NCS18,OUT017,1723.970747896234
FDD16,OUT017,1180.724845183293
NCV18,OUT013,1320.1195691471578
FDX07,OUT046,3059.742378438601
NCZ05,OUT027,2604.085303037745
NCI31,OUT013,698.9342508721473
FDK14,OUT049,1325.6883610323487
NCR06,OUT045,710.2609334820223
NCF54,OUT049,2936.195003896514
DRG23,OUT010,491.8082196768123
FDD53,OUT046,715.0243689270349
NCM31,OUT027,3379.252666305676
FDT16,OUT017,4265.9408147474805
FDR40,OUT035,1348.5234642710727
DRG25,OUT017,3216.4908745975745
FDT10,OUT035,1057.485895592302
FDY32,OUT013,2580.660791482555
FDN50,OUT035,1539.661670206061
FDZ35,OUT019,337.87733719776094
NCP54,OUT045,2012.0793367104204
NCD07,OUT035,1936.233253743731
FDS02,OUT018,3069.0279008195603
DRN59,OUT018,658.4395073872943
DRB24,OUT013,2425.5205824663267
FDP37,OUT027,3338.278152131747
DRB01,OUT018,2975.9694477442495
FDR47,OUT046,3063.4795666951054
NCM31,OUT010,572.1261064040142
NCF06,OUT027,6157.408898860628
NCV17,OUT027,3415.522628811586
FDS10,OUT049,2848.42867672393
FDN52,OUT035,1393.114067359715
FDZ48,OUT013,1891.8785525125384
FDJ48,OUT049,4266.801212203273
DRB13,OUT027,4902.035230057861
FDV59,OUT017,3676.1186215524767
FDL32,OUT035,1817.2702715739683
FDZ12,OUT035,2184.086902075871
NCR06,OUT027,1017.7507815517259
FDP51,OUT017,2034.5245467399118
FDY22,OUT013,2117.742758916353
FDZ38,OUT049,2956.2165852485437
NCO54,OUT035,908.2070108875249
FDR23,OUT035,2870.094343712769
FDM38,OUT049,924.8988566895941
FDS25,OUT013,1866.0828795746686
FDZ22,OUT013,1286.8687071335748
FDZ20,OUT019,1115.306926444705
FDD45,OUT010,418.8888540610057
FDN03,OUT049,4164.73224623202
NCW30,OUT046,3956.7094314172746
FDY24,OUT027,1703.2701145957412
FDJ26,OUT019,581.0275214968051
FDM15,OUT049,2501.7278942114317
NCW54,OUT027,1704.5590700364116
FDA23,OUT045,1620.420829701918
FDA39,OUT019,132.8250691533256
FDZ12,OUT017,2487.6100618078744
NCB42,OUT046,1905.6012522855003
FDL16,OUT046,773.9816923895863
FDO24,OUT019,414.89264565040844
NCP42,OUT046,3095.060620038586
FDR19,OUT018,2107.423937131365
DRL01,OUT045,3848.6436690023297
FDV37,OUT046,3013.23459116979
FDI41,OUT010,495.11777697960184
FDF58,OUT049,1008.0600243903933
NCF43,OUT018,1642.30742745442
FDN02,OUT049,3565.3518452453086
NCP41,OUT035,1725.0862758714527
NCY17,OUT027,1212.67804376421
FDL58,OUT027,6222.309696068387
NCA30,OUT027,5247.452924732233
FDE46,OUT018,2131.3846871146056
FDY38,OUT035,3928.101786953691
NCH29,OUT027,2475.965702232767
FDO20,OUT045,3869.1109282832795
FDP44,OUT018,1388.6894341406655
FDM02,OUT027,2491.93078464045
FDJ14,OUT027,2204.171753153979
FDH04,OUT010,506.4956129794823
DRK23,OUT046,4184.3225245621725
NCW05,OUT046,1627.6657665232838
FDF12,OUT049,2500.21174999005
FDL51,OUT019,607.1068047737967
FDN03,OUT018,3544.579642525931
DRJ37,OUT049,2500.21174999005
FDM12,OUT019,573.9736574603461
FDA16,OUT045,3680.748064551745
NCB07,OUT017,3124.0753222535805
NCI17,OUT019,382.44070359543235
FDR51,OUT046,2371.8443459068685
FDJ55,OUT045,3747.976852877033
NCZ17,OUT013,722.1116654208989
FDU25,OUT013,954.1969601661639
NCG18,OUT045,1619.5062824387483
DRM11,OUT017,4271.153756354173
FDH16,OUT035,1520.816184130761
FDZ04,OUT018,838.2364608482494
NCX53,OUT035,2200.774688263136
FDX38,OUT027,1327.3484002621265
FDX09,OUT046,2820.15714291044
NCW05,OUT018,1383.7324718310101
NCS41,OUT017,3166.518635714811
FDI26,OUT046,2854.335204987744
NCZ41,OUT027,3372.173350050852
NCK06,OUT046,2039.8179735851518
FDX23,OUT027,2472.015905571822
NCA42,OUT046,2515.717164391677
FDC20,OUT049,918.3420420500136
DRC49,OUT018,2123.0512020705987
FDX01,OUT013,1900.4429286785855
FDC08,OUT045,3681.5813205324234
FDC02,OUT017,4358.885680703909
FDK10,OUT045,2903.090628438615
DRC24,OUT013,2445.6953260772348
FDW16,OUT019,391.232490731424
NCU06,OUT018,3087.1203657592414
DRA59,OUT045,3042.609491105453
FDR24,OUT019,394.3076823534121
DRL35,OUT018,508.3061651631069
FDA49,OUT013,1311.5649974670612
NCC55,OUT046,707.7860027359586
DRD24,OUT019,437.9077665797811
NCE55,OUT049,2942.9947295064017
FDT33,OUT045,2688.393018862952
NCT53,OUT013,2616.1618936597033
FDS26,OUT046,3925.7391607633367
FDL22,OUT018,1265.614153796451
FDP44,OUT017,1701.5850968881848
FDC52,OUT018,2142.0301783537643
FDI53,OUT010,443.7114338776444
FDZ23,OUT046,3071.6917600313905
NCT18,OUT013,3116.716783180241
FDR13,OUT046,1900.4429286785855
FDB09,OUT010,480.1351955776498
FDZ60,OUT013,1655.2339788598667
FDB11,OUT046,3773.981321618899
FDC10,OUT018,1519.4345919442642
FDW56,OUT035,3192.5658693605064
FDK14,OUT027,2341.9723209238714
DRE27,OUT027,2557.4217944903285
FDA38,OUT017,4037.9298797467054
FDT11,OUT045,3085.0280412239476
FDP15,OUT035,4236.982935897857
FDV27,OUT035,1404.5366107489622
FDS36,OUT027,2618.472103449785
FDY40,OUT027,1341.862427419878
NCF19,OUT049,875.0510280421022
FDF53,OUT045,3048.30245569584
FDS14,OUT027,3926.9378307404522
FDE56,OUT046,1021.4416075775245
FDZ19,OUT035,2864.930410214109
FDZ46,OUT013,1859.5075893229848
FDR16,OUT046,3443.284536864898
FDG29,OUT018,508.1648056882436
NCE30,OUT017,3504.0007134311913
FDZ40,OUT046,847.0039525140404
FDG58,OUT018,2112.6870052382355
DRH03,OUT013,1504.2504696894785
FDZ47,OUT045,1568.478337813559
FDV04,OUT018,2275.478934093127
FDZ10,OUT018,1607.2266319724622
FDG46,OUT017,1998.4730050830435
NCF07,OUT045,1572.2635501680534
FDY44,OUT035,3154.805814123203
FDB21,OUT013,3733.918533208494
FDS20,OUT035,3214.5541812959236
FDS49,OUT049,1256.1302028469465
FDX55,OUT027,5406.390606442258
NCQ02,OUT018,2901.3173916484516
FDR25,OUT013,4039.95711694923
DRG39,OUT045,857.8825964734539
FDB46,OUT046,3415.1952831320923
NCC30,OUT018,2776.5762360856424
FDE58,OUT035,2061.953445182002
FDC05,OUT019,481.8835878548897
FDY15,OUT046,2487.526384159072
FDG14,OUT046,2416.130947275886
FDL08,OUT049,4008.7690645225443
FDQ47,OUT013,711.4734258549126
FDN12,OUT035,1817.2702715739683
FDW10,OUT013,2451.5799124665423
FDD02,OUT035,2006.619604631729
FDX35,OUT010,669.613643219755
FDT35,OUT046,2660.9407906293045
DRN47,OUT019,534.5147063445099
FDB11,OUT010,674.5739158153183
FDN20,OUT045,2689.5026201228184
FDB59,OUT035,3142.9227332811347
FDJ58,OUT045,2813.145438427669
FDU60,OUT046,2684.058595310551
FDS03,OUT049,1052.8141632961135
FDU40,OUT019,592.0213835113282
DRH15,OUT049,868.7537999542492
FDD04,OUT027,3685.7193993991687
FDQ01,OUT046,3768.1506795043656
FDF28,OUT035,2117.2791105225933
FDD22,OUT010,433.15301138389395
FDY19,OUT046,1897.353546542777
FDN33,OUT035,1522.7975608174793
FDV36,OUT035,2152.855728243427
FDW01,OUT010,499.34464853590333
FDJ28,OUT049,3214.277771785796
FDB17,OUT035,2938.156529426895
FDM40,OUT049,2208.354473377773
FDV46,OUT045,2045.839713869668
FDQ44,OUT049,2007.5851900868627
NCD42,OUT046,707.603155716101
DRH37,OUT046,2598.064940465317
FDR10,OUT018,2465.265752671522
NCD06,OUT027,1351.475180086758
FDI53,OUT046,2563.9856769210537
FDG16,OUT035,3577.4013744865806
DRB25,OUT046,1636.9381773185517
FDY09,OUT046,2834.7306046126696
FDX48,OUT045,2426.9200724729812
FDC03,OUT010,599.1385506482374
FDT47,OUT035,1627.043002122815
FDW44,OUT027,4435.5009668762705
FDT24,OUT017,1230.0522946869114
FDT12,OUT019,810.2395281779574
NCS38,OUT035,1978.2667811976144
FDO39,OUT035,3143.129782629395
FDA13,OUT046,709.4153554962187
FDO48,OUT035,3906.698403818546
DRJ01,OUT017,2591.811221184048
FDD53,OUT018,506.518680624622
NCT05,OUT049,4158.102192920896
FDQ51,OUT045,782.5989954686619
FDU60,OUT013,2683.9871111716902
FDC59,OUT046,996.7585047589901
FDP36,OUT035,854.9011458983338
NCM19,OUT017,1844.4253294042194
FDL16,OUT035,736.5568775349602
FDE50,OUT018,2986.2699133231454
NCR18,OUT013,712.4828691842887
NCD30,OUT035,1598.9895455287246
FDH31,OUT013,1633.0456524861413
FDD56,OUT019,403.21827979351116
FDC47,OUT049,3916.824587477496
FDZ21,OUT045,1503.5076640954771
FDM01,OUT049,1706.1946888158777
FDF24,OUT013,1283.3398275507407
FDW23,OUT017,730.0812219594853
FDY52,OUT018,841.7955954750179
DRH37,OUT027,4104.730661259675
DRO47,OUT027,3047.3272207714094
FDR25,OUT049,3953.519907912505
FDQ24,OUT027,5766.511225493832
DRJ51,OUT018,3222.4832032405607
NCU06,OUT035,3816.305472280899
NCV18,OUT018,1138.8478986491878
NCC06,OUT027,3391.3680302564794
FDZ01,OUT018,1416.7646792397566
FDT14,OUT017,2052.0201671106356
FDD11,OUT019,863.1350088513599
FDN09,OUT017,4132.995124479232
NCO18,OUT010,483.0247237967203
FDZ50,OUT045,3059.2086043759305
FDS44,OUT013,3781.758104775594
FDI36,OUT045,3045.256474162041
FDA26,OUT010,574.015925703913
NCY53,OUT049,1961.2819752722678
FDF32,OUT049,3199.0559280804
FDF59,OUT010,515.1733112791663
FDB20,OUT046,1233.2258461064955
DRH11,OUT035,905.4244592695749
FDT03,OUT049,2338.2547359973023
NCH06,OUT035,3900.0540523938353
FDR55,OUT049,3202.538839139492
FDI10,OUT035,2880.0783020979534
FDZ12,OUT045,2102.992818682248
FDM12,OUT049,3214.5227177024412
DRB25,OUT045,1625.6023099749987
NCS41,OUT013,3116.716783180241
NCT53,OUT049,2703.919916809834
NCD55,OUT013,708.41408113747
FDY08,OUT049,2208.354473377773
NCP55,OUT049,920.0124580875603
FDA33,OUT013,2418.4358090299193
FDQ33,OUT013,2421.265918648356
FDE45,OUT027,4917.228160059754
FDT26,OUT013,2008.4944558392249
NCV53,OUT049,4091.560193625601
FDK60,OUT027,2555.645247320762
NCJ29,OUT046,1284.2543748139103
FDI15,OUT045,3881.2150270607567
FDX21,OUT013,1745.6130888531534
FDV49,OUT019,857.7508522127182
DRO59,OUT046,1271.3765916787115
FDZ14,OUT045,2002.5336075025475
FDP32,OUT027,3527.026386843042
FDC33,OUT017,3194.2219270357264
FDT14,OUT010,453.1657352172015
NCN54,OUT027,2137.227103666956
FDR57,OUT027,3932.446776674138
DRK12,OUT046,705.3746700980159
FDX52,OUT049,3210.8590333212446
FDX08,OUT010,461.508477981695
FDP10,OUT010,470.368425384265
NCP50,OUT045,1249.2189535157154
NCL06,OUT013,3905.0633134579707
FDP25,OUT013,3596.697118304156
FDE53,OUT013,1628.9326508522752
FDL27,OUT017,1169.2920516550162
FDC35,OUT049,3635.996170318441
DRJ47,OUT010,447.7571692719549
FDD16,OUT018,1060.2669768068777
NCN42,OUT049,2512.600771636628
FDC38,OUT027,3328.5039388622454
NCO07,OUT045,3334.69140230477
FDQ20,OUT049,749.6712356542824
FDI32,OUT046,1896.0612426871799
FDN20,OUT010,437.41882604560374
DRJ51,OUT027,6238.594677927137
FDU08,OUT045,1498.834883685458
DRN37,OUT019,411.17108145852234
FDD05,OUT010,488.87680093266147
FDW15,OUT046,2418.6515863286913
FDI52,OUT046,2007.8436591374073
DRM11,OUT049,4200.695774684471
NCO06,OUT045,697.5272082043246
FDU38,OUT049,3241.379450975516
FDU59,OUT018,2391.492519287126
FDJ10,OUT046,2083.6791934388857
FDM13,OUT049,2171.7432627387293
NCJ30,OUT019,415.20786473270977
FDM45,OUT018,1576.7735839883458
FDP36,OUT045,778.8274338132425
NCD30,OUT010,516.5799328192509
FDN48,OUT017,1579.8761663527205
FDY32,OUT049,2687.570090985724
FDU47,OUT046,2115.1284265966883
FDF17,OUT019,554.2638368662198
FDP34,OUT017,2575.772214990687
FDA47,OUT049,2701.6524904255893
DRD27,OUT027,2473.7924527413884
FDW38,OUT045,879.1624715091842
FDZ15,OUT019,326.0148479803372
FDZ03,OUT027,5146.291613363471
NCN19,OUT049,3040.698099999277
FDG02,OUT035,3019.720947298983
FDS31,OUT035,3214.5541812959236
FDW43,OUT019,818.6266768553727
FDZ47,OUT010,485.2912662089887
FDO57,OUT017,2586.7946078968193
NCL07,OUT013,710.8066317198876
NCV42,OUT013,1753.3140747324178
FDP40,OUT017,1936.6294841918723
FDP48,OUT019,576.4790947174827
FDH21,OUT017,2731.405157953726
NCP02,OUT049,994.4347396659317
FDK24,OUT049,867.5410594263916
FDC41,OUT045,1088.0380367384535
FDF08,OUT017,1390.0718222434086
FDO49,OUT017,865.0581789415094
FDS56,OUT027,6679.709447948276
FDX46,OUT018,839.0209038003635
FDQ07,OUT013,3564.3739556199084
FDC32,OUT010,431.9485871421195
FDT21,OUT019,738.8981827320237
FDG58,OUT045,2413.2593999833157
FDW14,OUT049,1363.2317089815983
DRA12,OUT027,3447.3448105286707
FDV27,OUT013,1309.1284384141952
DRD25,OUT013,1874.8820535522157
DRF48,OUT027,5108.462349521904
FDX24,OUT017,1516.9512709520404
DRJ51,OUT046,3751.3663365253065
FDE45,OUT045,2910.575808929026
FDE14,OUT046,1635.7064937064165
FDG53,OUT045,2065.9474584734717
FDT08,OUT046,2420.167730550073
DRC27,OUT027,6258.085209313246
FDG20,OUT035,2863.9163912569625
FDC21,OUT046,1632.9894274626533
FDV31,OUT018,2775.3117581205856
FDB58,OUT045,2119.036053737068
FDV23,OUT046,2014.5265801160958
FDA25,OUT019,340.31098963732467
FDC15,OUT046,2529.458724048114
FDU47,OUT049,2186.9545876332113
FDE23,OUT013,777.7722005761493
FDS08,OUT013,2815.4137878042184
FDW03,OUT027,2593.150033416615
FDJ60,OUT018,2410.679697593538
FDM34,OUT017,2149.7711559248846
FDW33,OUT013,1632.8548851437536
FDZ40,OUT013,852.6321936598351
FDE33,OUT018,1065.4272208654309
NCC06,OUT010,515.5603113271164
FDU11,OUT046,1963.8717667017384
FDL44,OUT017,2679.229053837259
NCZ29,OUT017,2118.9559843647803
FDG28,OUT010,802.4057810990089
FDL12,OUT018,831.0013527534632
FDD52,OUT017,1738.4850125763978
FDO15,OUT013,1070.2095481314589
NCN29,OUT027,1257.7227444291036
FDW36,OUT013,1628.1831515387817
FDB21,OUT046,3733.918533208494
FDZ28,OUT013,2038.9871942563066
FDY10,OUT035,1995.509124645235
DRG39,OUT017,890.4213076772021
FDN28,OUT013,1632.1646083980495
FDV15,OUT035,1703.718015110194
DRI13,OUT035,3679.1217841028833
FDH20,OUT046,1503.4507238273322
FDY51,OUT013,3519.9729602948296
FDE16,OUT013,3603.8698938201205
FDX40,OUT018,488.7944775405658
FDC48,OUT018,1080.2213933528676
FDS14,OUT046,2416.592898068089
FDX56,OUT017,3898.0145536738655
FDI10,OUT046,2819.943347641746
FDI14,OUT013,2115.1284265966883
DRM48,OUT013,700.945423339447
NCH07,OUT027,3947.3183246770122
FDY26,OUT013,3562.3859862479417
FDD02,OUT027,3002.627422560286
FDM12,OUT046,3095.305565955231
DRF01,OUT010,436.6236863164985
FDV36,OUT046,2040.722720298412
DRI59,OUT013,3682.5462776077748
FDV03,OUT018,2123.829621028199
FDO39,OUT017,3214.5541812959236
NCB07,OUT018,2986.9595813901897
FDH38,OUT027,2976.819048318996
FDZ13,OUT035,820.6643921924584
NCZ30,OUT046,2015.7332537718462
NCA06,OUT035,705.5035535332958
FDB04,OUT049,1368.2111465518972
FDN50,OUT013,1439.4532965594346
NCG06,OUT049,3963.597286025189
NCY17,OUT018,530.9722271749448
FDC23,OUT046,2903.8055581528088
FDK33,OUT049,3427.3338071198036
FDR03,OUT049,3526.1843463119953
FDZ07,OUT045,1024.752258248655
FDO38,OUT013,1258.3825369553388
FDS59,OUT046,1637.8970099210399
DRM11,OUT019,761.6020433250129
FDX52,OUT027,5509.112781927716
DRJ35,OUT018,819.544303525742
NCP53,OUT046,3911.0321407354713
FDW15,OUT019,432.1486858874832
DRI47,OUT045,2441.8546641568814
DRZ11,OUT035,2086.026366013839
FDS02,OUT013,3051.344459695662
DRD49,OUT018,3410.3191067833486
FDW38,OUT049,930.4239641018032
FDR21,OUT019,479.5748446023117
FDE40,OUT013,1019.2683580861466
FDI02,OUT045,1734.3645638516848
FDQ04,OUT045,711.3158312072944
FDY14,OUT017,4526.50326676396
NCT54,OUT046,1502.84912686912
DRD25,OUT017,1920.6355055209442
DRE01,OUT045,3788.3141488098654
FDJ12,OUT010,803.9548317917623
NCZ05,OUT049,1706.1946888158777
DRB25,OUT019,325.8791240661489
NCC31,OUT045,2535.545250323859
FDM16,OUT045,1139.9466978919993
DRG11,OUT049,1712.8126363808879
FDV24,OUT027,3661.835830783706
FDV43,OUT046,713.4298600271553
FDG05,OUT018,2112.6870052382355
FDV23,OUT010,476.0984123034624
FDI58,OUT018,1271.192679089609
FDQ11,OUT017,4267.879085893565
FDC05,OUT027,5443.784545216893
FDF40,OUT013,3816.128393843388
FDU02,OUT018,3239.869904153798
FDT32,OUT013,3057.2380945584214
NCF06,OUT017,4065.6167252174764
FDT46,OUT013,786.7673162498238
FDR58,OUT010,517.6623639759117
FDY04,OUT046,2594.7292440230094
FDT58,OUT045,2679.50724857605
FDE46,OUT049,2467.3217209467007
DRH11,OUT017,905.4244592695749
DRI51,OUT046,2831.704112939653
FDC35,OUT017,3586.658385613082
FDP45,OUT035,4128.082377726831
FDC45,OUT017,2768.1530966463624
FDU01,OUT045,2928.9899840862736
FDJ53,OUT010,473.27436611026667
FDJ46,OUT017,2901.429166702372
FDX07,OUT013,3065.508673686662
NCI30,OUT049,3895.508375248616
FDE47,OUT027,3277.7199737327874
FDV48,OUT045,1259.0112038164546
FDN16,OUT019,337.4869434441288
FDM52,OUT013,2426.922165456932
FDA32,OUT027,5474.723953022747
FDH05,OUT017,3847.1684286202735
FDW25,OUT010,520.2363671024258
FDQ09,OUT046,1901.5411167768682
NCM17,OUT010,150.41409041558626
DRM59,OUT046,2427.0337390653026
FDV47,OUT027,2283.7429180396343
DRE15,OUT035,1181.601756619257
FDS25,OUT010,452.87524029033574
NCZ05,OUT018,1394.5557254501675
NCV05,OUT019,437.8649541001795
DRM37,OUT046,3065.438135709003
FDV58,OUT027,5457.282457975858
FDN22,OUT027,6166.714959215321
NCO06,OUT049,747.8980075669831
FDT56,OUT019,256.74019294393827
FDM02,OUT013,1320.837408262329
FDA09,OUT046,2930.0626719783213
NCC06,OUT035,2139.883572372852
NCL54,OUT049,2958.727156493095
NCB55,OUT017,987.303142416796
FDB12,OUT017,1703.718015110194
NCA54,OUT049,2983.0222077962094
NCS38,OUT049,2025.0993309542232
FDC02,OUT049,4096.686708146776
FDK44,OUT019,415.79227023356117
FDE16,OUT035,3797.1719741925062
NCS05,OUT035,2186.2966281890012
FDZ59,OUT045,2701.1955424908474
FDI20,OUT017,3687.8024883819635
FDQ14,OUT046,2413.957697784507
FDF53,OUT017,2955.395513762805
FDW25,OUT017,1440.0691483588585
NCQ43,OUT010,464.7733008888907
FDX52,OUT013,3091.6418815740344
FDE28,OUT045,3688.425849715066
FDN15,OUT017,2197.853858721464
FDO28,OUT017,2007.5747958448324
FDQ33,OUT045,2413.167094008103
FDM22,OUT010,235.78334636523692
FDJ03,OUT017,812.5773223251878
FDI16,OUT045,857.7764724262937
FDI09,OUT027,5538.550602337169
FDX55,OUT013,3473.2040859960093
FDS23,OUT027,3342.452202171043
DRC12,OUT045,3076.628473354141
FDH41,OUT049,3620.264259000331
FDN01,OUT013,2825.361837386146
FDV55,OUT045,2436.073929328291
NCJ19,OUT013,850.8752677170488
NCY29,OUT010,235.78334636523692
FDP03,OUT018,1554.538333334348
FDZ52,OUT045,1726.6984056000185
FDH31,OUT010,480.2987198954291
FDQ19,OUT018,3309.5981075093428
FDS15,OUT035,1707.4513881976868
FDN32,OUT017,3237.40193498758
FDH32,OUT049,1563.7203503314352
FDF33,OUT017,1834.446467736703
FDJ22,OUT046,3026.1455538857285
FDG56,OUT010,259.9758221689134
FDC05,OUT046,3065.438135709003
FDK09,OUT013,3702.686075336969
NCV29,OUT045,2818.102179297524
NCC43,OUT019,696.7802576127539
NCA42,OUT049,2621.7179751570498
FDC10,OUT046,1915.4072217817723
FDC16,OUT013,1316.2305063313872
NCL17,OUT013,2111.091643322501
FDA51,OUT035,1976.0935317062363
FDW01,OUT017,2494.047691600437
NCF30,OUT045,2029.0119318862978
FDN49,OUT013,713.4298600271553
FDY20,OUT045,1374.8428809692962
FDC15,OUT045,2392.9523892175807
FDY24,OUT046,847.6407380190501
NCG43,OUT017,1598.9895455287246
FDA48,OUT013,3553.2246871945927
NCF55,OUT017,720.5639437962477
FDL38,OUT049,1433.3278339317421
NCQ29,OUT018,3494.9184853279353
FDC34,OUT017,2531.2083083352177
FDP36,OUT027,1447.0564273662505
FDN50,OUT010,514.2920702859857
FDO23,OUT049,1565.7573471663954
FDT56,OUT013,855.3539190700324
FDT13,OUT027,4875.452232716892
FDZ03,OUT013,3097.2316843045483
FDQ03,OUT010,684.50808924436
FDU44,OUT045,2581.9212470211833
FDD03,OUT049,3990.728403865043
NCH30,OUT013,1868.7845542364175
FDS60,OUT010,230.4331989744614
FDG08,OUT046,2812.2308629433087
FDX38,OUT017,812.0326496705304
FDD22,OUT017,1977.1477404297862
FDW51,OUT013,3439.341179543839
FDL09,OUT017,2726.714399341495
FDZ60,OUT045,1611.0404928520493
NCH07,OUT046,2556.8344468912173
NCQ41,OUT049,3187.300750490188
FDW04,OUT049,2145.9977281058077
FDI08,OUT027,6665.157546904045
FDR19,OUT019,394.130636687364
FDV13,OUT046,1320.46220391312
FDB52,OUT017,4075.8989580019897
FDZ48,OUT027,2911.9654618652708
NCO14,OUT049,869.3224725499275
FDZ50,OUT013,3112.235132405809
FDN27,OUT019,262.1600569704167
FDQ60,OUT013,2015.822202534383
FDR49,OUT017,820.6643921924584
DRJ35,OUT027,1768.4685145181375
DRI49,OUT017,1360.0778364286766
FDB47,OUT017,3911.2117803064084
FDP37,OUT010,486.23226405237745
FDR26,OUT049,2767.4762988425473
FDY31,OUT019,432.1486858874832
FDC11,OUT045,1368.624016175238
DRP47,OUT035,4279.453722089314
NCY54,OUT018,2748.6165248880848
FDR27,OUT046,2073.788699175426
FDQ21,OUT019,347.39698634406113
NCQ29,OUT035,4076.129736006461
FDJ02,OUT046,2428.6832555949586
FDE21,OUT018,1481.638976495752
FDM39,OUT046,2827.7385497442006
FDZ01,OUT017,1761.5421684082044
NCB19,OUT018,1204.3039919543774
FDU03,OUT046,3052.4578752901493
FDP27,OUT049,3202.538839139492
DRF01,OUT045,2338.957269217589
FDM03,OUT049,1712.704757822887
FDV01,OUT046,2411.1659560095486
FDS16,OUT046,2418.6515863286913
FDO45,OUT035,1462.533593841469
NCX06,OUT035,3052.2796361018304
FDP13,OUT046,714.4349566508994
NCR38,OUT018,3429.3568681538113
FDA01,OUT013,859.7724741631076
FDT26,OUT017,1973.1296512684278
FDD44,OUT027,6711.506326256254
FDB26,OUT013,856.7451952937013
FDP45,OUT019,861.6273675916542
NCP55,OUT046,857.1266558905776
FDT23,OUT017,1342.2840601221487
FDO51,OUT045,708.5841146405393
FDA44,OUT046,855.2938228101241
NCJ31,OUT018,3366.91582738035
FDX37,OUT045,1572.8058540370262
NCD18,OUT049,3973.781186539316
FDN40,OUT027,3840.711535895488
FDL33,OUT017,3116.6930543472654
DRF48,OUT035,3129.2170373979607
FDW08,OUT035,1706.3788563304693
FDX39,OUT018,3137.5584667371513
FDB38,OUT049,2654.3271083391132
FDY46,OUT018,2971.7660989141045
NCB06,OUT049,2663.326018545844
FDA34,OUT035,2995.2136794023863
FDA35,OUT045,1968.5007468526117
FDQ07,OUT035,3733.660911433125
FDU32,OUT045,2011.4612919007843
FDU26,OUT013,2017.906258120287
FDU13,OUT010,453.79017047669333
FDO09,OUT035,4082.2561128992943
FDW03,OUT019,341.8271338587064
FDB38,OUT013,2554.984195416733
FDL26,OUT010,511.57474278022806
NCN43,OUT045,2020.6563987818865
FDH08,OUT045,3890.110059532595
NCC31,OUT019,441.2312123746194
FDH14,OUT035,2183.4656932482644
FDL40,OUT017,1575.6711968980708
FDD20,OUT035,2133.0753125863635
NCV53,OUT035,4210.060913003982
FDD16,OUT045,1098.874441537705
FDP24,OUT035,2058.932675292216
FDQ25,OUT045,2835.324666649591
FDM38,OUT035,898.7522379580145
NCT18,OUT010,479.0695241474095
FDM34,OUT049,2156.7570832122124
DRH37,OUT010,444.62366706114005
NCE07,OUT013,2164.8506710375755
FDG12,OUT013,1922.6993148361787
FDB59,OUT010,594.524704568086
FDS10,OUT018,2781.6208226998565
FDN21,OUT010,460.3569640314548
FDM02,OUT045,1311.3467949335359
FDO44,OUT049,1979.1109544630644
NCN17,OUT017,1703.718015110194
FDH16,OUT018,1270.2818582690184
FDL44,OUT046,2560.1425190236478
FDY47,OUT017,2120.472128586162
DRI39,OUT046,855.1166184569804
NCX54,OUT018,1419.8919582136043
FDE59,OUT046,709.074958176629
FDO46,OUT045,2997.653753956825
DRE13,OUT046,1321.6357133685397
FDW14,OUT013,1370.4512749585774
FDF35,OUT046,1623.801465547376
FDO50,OUT019,398.25747901435767
DRF49,OUT017,1966.1234641064448
FDT60,OUT049,2152.1621454319
FDP38,OUT045,778.282761158585
FDA31,OUT027,4624.641945178765
FDY52,OUT010,324.77479809451563
FDD03,OUT027,6213.579091602757
FDN52,OUT018,1185.7279130184238
FDU20,OUT010,470.7556062456342
FDD22,OUT035,1826.786928937844
NCB55,OUT019,251.10869506755205
FDN27,OUT045,1863.4254636541034
FDD16,OUT013,1273.975297280837
FDW48,OUT046,1258.2572276098945
DRN35,OUT045,706.5384930148316
FDX25,OUT049,3048.169186333347
DRD49,OUT049,3955.9865796793715
FDE21,OUT019,231.60931907872316
FDN44,OUT035,2656.321940250548
DRC01,OUT049,861.0709752055645
NCK30,OUT046,4033.115101358588
FDU39,OUT013,855.2938228101241
FDB49,OUT013,1504.365271090502
FDS12,OUT045,2024.9751486121106
FDR57,OUT018,2221.0790044963155
FDX22,OUT027,5738.999205755103
FDC60,OUT013,1389.4445893134578
NCE42,OUT049,3326.4077379281116
NCK42,OUT049,3459.577849173222
DRE01,OUT017,3979.9730999529556
FDE57,OUT018,1637.6166218785154
DRK59,OUT019,785.1768289865619
FDB10,OUT027,6060.471773041203
FDQ25,OUT046,2839.6171386065316
FDY26,OUT017,3878.077096650145
FDG28,OUT049,3972.4801856204026
FDM14,OUT049,1710.2867406992175
NCH29,OUT049,1663.0898447034103
FDD48,OUT049,1991.3245908298295
FDC17,OUT045,3629.300746746789
DRH49,OUT027,2274.5335909430155
FDN44,OUT018,2395.004305659485
FDC29,OUT045,1886.2830151418368
DRK01,OUT019,390.1067402636742
FDD48,OUT017,1992.1252996758863
FDB59,OUT013,3019.194289308573
FDY45,OUT010,922.5106431024153
FDX60,OUT035,1331.5101863542602
FDT09,OUT010,520.9798033937599
DRB24,OUT018,2124.8469723396565
FDL13,OUT035,4022.9338948702375
FDN16,OUT035,1703.5548101372735
FDK57,OUT013,2017.1409124357604
FDO22,OUT027,2129.405208830736
FDC57,OUT010,587.2320374039559
FDZ13,OUT027,1471.519989267318
FDW27,OUT013,2413.6048363301475
FDX10,OUT049,750.4687532926014
FDY08,OUT018,1600.6104954386606
FDA49,OUT017,1395.985642619301
FDC32,OUT018,1260.5093806509858
FDO04,OUT035,905.0557876133349
NCZ54,OUT013,2556.8344468912173
FDY40,OUT045,775.3563941823908
FDW36,OUT045,1620.420829701918
FDE11,OUT017,3233.5456531785953
DRE37,OUT045,3062.4694623668547
NCK19,OUT017,3155.1850915613754
FDT19,OUT035,2867.6265587093153
FDE56,OUT045,983.4479889047365
FDZ57,OUT010,511.13652800497897
FDB35,OUT035,1560.9765849122712
FDF09,OUT010,85.45454038396345
FDO34,OUT046,2714.650141808328
FDA55,OUT046,3770.541884017691
NCM18,OUT035,1053.9051012792702
FDJ20,OUT019,342.545145680372
DRQ35,OUT019,369.35816881356993
FDG02,OUT013,2953.5668334741335
NCU29,OUT018,2133.0907838296384
FDL27,OUT027,1804.679138522245
NCA54,OUT035,2938.156529426895
FDJ32,OUT035,1070.3848218798582
FDB21,OUT019,665.0847419917984
FDR46,OUT035,2494.0006604822242
FDZ32,OUT046,1631.756697045471
DRF36,OUT017,3172.1993151579054
NCU54,OUT017,3655.5216866027226
NCI31,OUT017,707.9710324189797
DRA59,OUT035,3095.293428020269
NCC55,OUT045,701.0007740953349
FDE44,OUT018,661.8254974065301
NCN26,OUT018,1486.3866459131996
FDC11,OUT049,1356.61960905779
FDV24,OUT035,2478.8224518276174
FDR40,OUT019,428.94298571113734
NCQ17,OUT049,2629.2643075493866
FDC46,OUT045,3073.599319731405
NCM18,OUT046,1023.3775564558505
FDK16,OUT046,1500.0250806759243
FDI28,OUT017,1332.9979268378393
FDS11,OUT018,3240.3343108789077
DRD13,OUT046,1035.3168640404658
FDL36,OUT035,1446.5270048834684
FDI27,OUT013,772.7988609960761
FDJ53,OUT019,267.42791655144254
FDS44,OUT045,3925.753975892726
FDE28,OUT046,3683.074288168392
FDQ33,OUT018,2112.1631958215658
FDB37,OUT017,4177.623080990786
FDQ31,OUT045,1321.4204174483166
NCQ05,OUT046,2422.8853821827447
FDE10,OUT013,2068.7210812129647
FDF38,OUT017,736.3668634029541
FDE50,OUT019,600.1774033253781
DRG37,OUT010,506.4131118273851
NCH06,OUT049,4181.208826876702
FDY14,OUT045,4337.253889371386
FDO27,OUT017,1599.098444789551
FDQ19,OUT049,4027.059477024088
FDZ26,OUT019,606.1398827248577
FDN51,OUT013,4267.332410090541
FDK20,OUT035,2100.6917129290982
FDD40,OUT018,2984.0970019254864
DRI25,OUT018,717.8287428506866
FDH56,OUT017,1974.5334081101216
FDI36,OUT027,5076.117232284624
DRH11,OUT018,737.2169930645621
NCV18,OUT017,1365.02069008983
DRI01,OUT049,2940.8488841437884
DRE48,OUT049,3188.5216583196802
FDS51,OUT035,1053.9088801582843
FDM38,OUT017,831.0164063048983
FDB60,OUT027,5261.257543195393
FDY58,OUT035,4036.752644703639
FDY22,OUT045,2155.132382862934
FDF11,OUT027,6042.0224398432765
FDZ51,OUT035,1580.6281613132758
FDQ45,OUT017,3089.2696653331664
FDF17,OUT035,3159.222429727685
NCF31,OUT027,3754.272158394236
FDA37,OUT013,2016.0427243374777
FDO51,OUT046,711.0789439079178
FDF34,OUT013,2904.3750741579406
FDD57,OUT018,1271.524812108521
FDO37,OUT046,3868.8275156105
FDR49,OUT049,875.3666494971317
FDS39,OUT049,2228.836248504016
FDI48,OUT027,1496.8742326557197
DRM35,OUT049,2995.16975328948
FDV57,OUT035,2944.4871333054416
FDZ55,OUT013,2585.286203602857
FDI28,OUT035,1343.3917740967906
FDS21,OUT045,1027.3870449560968
FDT34,OUT013,1634.3710293651354
DRI25,OUT035,892.5317908473801
FDT47,OUT010,550.7951859611513
DRH39,OUT045,1087.2637280884974
NCD54,OUT045,2334.6294660735866
FDU16,OUT027,2313.2358985410633
NCW29,OUT045,2067.304672495562
FDV25,OUT027,5636.758378388442
FDM56,OUT035,1729.1533092247678
FDZ04,OUT027,1862.1843886882696
FDG59,OUT019,127.36728853689506
FDI56,OUT045,1370.8930843083506
FDS33,OUT035,1392.5090860097794
FDC23,OUT049,2905.3875184476187
FDT11,OUT049,3204.1836131739724
FDG17,OUT045,3909.2339276794414
FDZ44,OUT045,1889.1070613350325
FDJ52,OUT013,2561.0682427452707
DRI23,OUT046,2544.1209011668566
DRE15,OUT010,481.2802786686965
NCF07,OUT013,1631.756697045471
NCR29,OUT049,925.3822964963516
FDE44,OUT019,153.75861557129537
FDT23,OUT035,1341.1516974241038
NCG06,OUT017,3944.0804111444286
NCU41,OUT010,600.3717492690137
FDH46,OUT017,1722.0903956513432
FDV31,OUT013,2833.1868114540957
NCT41,OUT027,3937.700135340325
FDE22,OUT027,4056.250162216762
FDC26,OUT045,1651.242304639321
DRF51,OUT017,705.1969640252029
NCY53,OUT019,262.1600569704167
FDY21,OUT017,3102.0124958562064
FDL27,OUT013,1034.5597643571575
FDZ34,OUT049,3267.9812443120163
NCF43,OUT010,473.96981226174387
FDC21,OUT035,1735.8046711297259
FDL26,OUT013,2425.6196214825177
FDT25,OUT010,503.88717396892844
NCR30,OUT046,1087.4913360006105
DRL23,OUT019,337.87733719776094
NCR05,OUT049,3154.904856315398
NCE19,OUT018,737.3710255380237
FDY07,OUT035,733.5634974541373
FDB10,OUT017,4075.3246896562873
FDP57,OUT013,1636.42947745549
FDU48,OUT019,395.25469083771316
FDH48,OUT035,1396.381725907075
FDO33,OUT035,1970.245415385575
NCU29,OUT045,2411.36781907794
FDW35,OUT046,716.3743897671169
FDH05,OUT010,674.0957123144622
FDP26,OUT049,1704.0214393244996
DRG27,OUT035,732.9880832709142
FDQ33,OUT046,2421.265918648356
FDH20,OUT010,422.4634463727421
FDV14,OUT046,1368.0310716959486
DRD01,OUT046,857.2898679483586
NCI17,OUT049,1561.2866978918714
FDF39,OUT010,861.0403073264035
FDX37,OUT046,1632.2990009144437
NCX17,OUT035,3554.1368354821257
FDN03,OUT013,4064.9506056948712
NCS41,OUT010,635.9351892376277
FDH34,OUT045,3085.52124530349
NCX53,OUT018,1637.231592328027
FDY31,OUT046,2412.485780267947
FDD20,OUT017,2152.855728243427
FDE51,OUT045,779.8861418676385
FDV27,OUT046,1318.4037558227653
FDF16,OUT035,2487.6100618078744
FDZ02,OUT049,1547.0506501770399
NCK05,OUT045,1023.3271528968812
FDM12,OUT027,4685.246976742489
NCA05,OUT018,2099.0393762125314
FDX33,OUT045,2551.1195239797544
FDM25,OUT049,2908.4139114570226
FDE41,OUT018,1182.341922999188
FDW14,OUT045,1306.739893002594
NCD30,OUT046,1501.9450678278731
FDB23,OUT010,574.4969757886452
FDF45,OUT046,959.5693615978664
FDW20,OUT017,2118.3532848059226
FDF47,OUT045,3159.6730177595527
NCR05,OUT019,614.7525568701016
DRB01,OUT046,3046.3419125062746
FDE36,OUT013,2644.0973387574095
FDU56,OUT049,3210.272566675762
FDB23,OUT049,3502.534028873188
FDN48,OUT049,1438.307271502041
FDS43,OUT013,3091.6418815740344
NCN05,OUT013,2997.693081161746
NCL53,OUT049,2911.74960789933
FDL56,OUT046,1320.837408262329
FDH17,OUT018,1266.9648975405823
FDP37,OUT046,2040.3477992298508
FDG09,OUT019,547.6712538952332
FDA55,OUT045,3704.774429641737
FDX31,OUT049,3900.013054975602
FDJ41,OUT045,4130.290934759101
DRC24,OUT045,2442.1439364040093
FDQ21,OUT035,2081.692133666661
NCT54,OUT045,1497.318739464076
FDH08,OUT049,3940.658115738181
FDY38,OUT018,3294.924475554499
DRM11,OUT010,765.8299389873371
FDG32,OUT049,3652.9887294523082
NCH18,OUT046,3880.247083976243
FDI20,OUT035,3863.2967509647424
FDA33,OUT018,2119.3623844231556
FDN45,OUT013,3487.8559773434936
FDT45,OUT010,233.84739748691055
FDR32,OUT035,3953.4584537906467
FDA48,OUT017,3771.598316648133
FDN23,OUT017,2473.8816624013916
NCR18,OUT035,735.342134733068
FDD45,OUT046,1502.84912686912
FDI22,OUT018,3019.23270546974
FDT09,OUT013,2077.919175716472
DRC24,OUT027,3936.999048508445
FDT39,OUT046,2424.3985387817206
FDX28,OUT045,1497.7266508166547
FDA50,OUT018,1254.950141140372
FDT33,OUT027,4202.830286593046
FDQ60,OUT049,2077.0455738518262
NCM19,OUT018,1465.133488949501
FDF40,OUT046,4079.700386257798
NCI30,OUT035,3951.3692977375676
FDK34,OUT049,4046.2874065460373
FDA38,OUT027,6186.56653806185
FDT02,OUT045,702.5044791573582
FDC11,OUT017,1435.169668070857
FDD08,OUT046,716.357762881926
NCS29,OUT046,3932.9212490093264
DRI03,OUT010,447.7316146764191
FDK48,OUT035,1178.6698167563472
FDM52,OUT049,2512.519112392478
FDP49,OUT035,901.6478290691433
DRA24,OUT046,2609.6320074712767
NCJ43,OUT049,2971.666346136231
FDE11,OUT045,3087.9275158272053
FDP01,OUT049,2399.3571611931065
FDQ59,OUT018,1184.6846087010158
FDA43,OUT019,566.7674770979615
FDL14,OUT017,2514.9752796085086
FDV50,OUT010,477.9619460862716
FDT01,OUT027,5484.218739022921
NCC42,OUT035,2167.638036690405
FDO28,OUT046,1913.2008008146863
FDD32,OUT019,345.229091888801
FDV45,OUT035,3179.164637300743
NCW17,OUT019,378.2467927514465
NCJ17,OUT027,2396.562432127862
NCF18,OUT049,3203.6196696116526
FDP01,OUT045,2380.9307248118052
FDH24,OUT045,2459.7508565951625
FDI38,OUT027,5720.056627009631
FDX03,OUT035,739.9124537355135
FDY28,OUT046,3375.7128848576554
FDN34,OUT018,2822.787684564299
FDJ02,OUT045,2427.3388658615645
FDW40,OUT019,389.3509398581259
FDX03,OUT017,730.1114043544293
FDE17,OUT027,3762.86121350273
FDT58,OUT046,2669.567686138646
FDI38,OUT013,3505.5637716095143
FDW22,OUT035,3861.2433668883273
FDS15,OUT027,2654.909509755267
NCX06,OUT013,3128.0523764538675
DRK47,OUT035,4022.0304915694514
FDC23,OUT027,4842.8301410101385
FDM56,OUT010,387.5688613723117
FDP21,OUT046,3097.6749523582507
FDP58,OUT046,3501.337605391613
FDA27,OUT019,909.1454209481916
FDK41,OUT019,431.1069515325849
NCH42,OUT046,3853.8656468593063
FDG29,OUT045,712.5295396596563
FDW15,OUT018,2112.1631958215658
FDD28,OUT018,812.2266841537746
FDQ37,OUT049,3157.3088432418413
FDC23,OUT035,2991.9734411311824
FDV13,OUT035,1473.495150733129
FDK33,OUT046,3474.5064892776873
FDO33,OUT013,1898.6755750068444
FDN21,OUT017,2632.128154234357
NCW06,OUT027,5526.429274901537
FDI38,OUT035,3692.202391318386
FDC21,OUT027,2655.160253022413
NCS05,OUT046,2078.022495029479
NCN53,OUT049,758.2033960863879
FDV40,OUT010,372.88887109146026
FDG60,OUT017,4000.7231965571623
NCY30,OUT027,5218.766729124779
FDM40,OUT045,2102.992818682248
NCO30,OUT046,3105.2736401395337
FDK10,OUT046,2904.2685123602746
FDM36,OUT045,2821.0693654292054
FDN10,OUT013,1903.05726099825
FDM46,OUT018,1271.3579125489932
FDX50,OUT049,1833.5429875549792
FDP33,OUT045,4022.6798115656934
FDO12,OUT045,3083.8213675681973
FDC28,OUT013,1747.2580709934477
FDO31,OUT045,1253.3654583246594
FDX45,OUT035,2494.524469898894
FDV21,OUT049,2138.5284984793752
FDH04,OUT049,1420.9486928768647
NCG54,OUT013,2709.3027183880095
FDO13,OUT046,2582.1769357039366
FDA09,OUT027,4925.0165411691905
FDC38,OUT017,2161.3824379263124
NCO42,OUT046,2330.963448091274
FDL45,OUT049,2134.0970545912064
NCK31,OUT013,819.6466690455497
FDM39,OUT017,2912.772788751412
FDC22,OUT010,552.2579707809188
FDF46,OUT046,1895.9739003450954
FDQ37,OUT045,3138.9202932176645
FDH41,OUT010,547.266625232293
FDQ04,OUT046,714.0990579324376
NCQ02,OUT027,4958.189269975199
FDJ57,OUT027,5012.689296847396
NCE07,OUT049,2232.6553019126627
FDE56,OUT013,962.2752761303047
FDI20,OUT049,3747.34160847267
FDK36,OUT018,660.3754562656205
FDP08,OUT027,5685.459876479593
FDF44,OUT017,2152.3968843103544
NCU53,OUT017,2738.139958670005
FDF47,OUT035,3443.7716945554644
FDS55,OUT010,491.8082196768123
FDZ52,OUT010,452.63950534035894
FDL04,OUT018,1387.5155095919627
NCM26,OUT035,2519.8084425601464
FDX43,OUT049,2800.685315751345
FDP52,OUT049,3968.631097963298
DRK49,OUT045,712.3263069834458
FDE38,OUT013,2608.735191349568
DRF13,OUT035,2496.3943327247766
FDK41,OUT010,505.42514692921054
FDJ04,OUT027,3074.891613929098
FDZ44,OUT018,1487.517792042437
FDS11,OUT013,3766.831547016195
FDA55,OUT049,3901.766044677195
NCW53,OUT046,3062.0899352221104
FDB49,OUT027,2527.6046776487633
FDD23,OUT017,3235.841449427167
NCV42,OUT045,1741.9782073888648
NCZ29,OUT018,1588.9171731036315
FDQ26,OUT013,855.1166184569804
FDV08,OUT017,738.4018307467228
FDC53,OUT049,1610.348341383152
FDV58,OUT010,219.23223371534897
NCP02,OUT019,276.02175344119007
DRI37,OUT045,858.6645697411631
FDQ12,OUT049,3978.054370479881
FDE33,OUT046,1268.9563884160827
FDX27,OUT045,1492.8764218395854
FDM22,OUT017,861.4947900396688
NCH30,OUT019,262.1600569704167
FDC04,OUT017,4116.3036073411495
FDO38,OUT046,1257.2501742572938
FDV52,OUT027,3046.7466189935094
FDB32,OUT013,1498.9720724743488
FDV43,OUT018,658.4395073872943
FDI24,OUT018,2785.957989465726
FDR40,OUT017,1364.4094479610587
FDW02,OUT049,2142.700931113019
FDE44,OUT049,874.7196560594758
FDL38,OUT046,1376.574321110901
NCT54,OUT010,512.233622195631
DRJ39,OUT010,693.5986287835898
FDW55,OUT049,4271.83025890345
DRF13,OUT019,411.7896394196089
NCW17,OUT049,2192.754336776566
FDP13,OUT035,738.607674252501
FDS08,OUT018,2782.7952165768825
NCP17,OUT035,1080.4944537239344
NCO53,OUT035,3100.359325481759
FDH19,OUT045,2797.9066615207985
FDJ04,OUT017,2036.9416212172032
FDG10,OUT049,924.5155089964468
FDA40,OUT010,505.42514692921054
FDI53,OUT045,2573.7756044039784
FDU09,OUT010,234.49439092456652
FDK60,OUT045,1496.4747766827372
FDR43,OUT017,705.5035535332958
FDW22,OUT017,3762.3292818374175
DRP47,OUT010,708.9685898091329
DRG48,OUT010,493.0148933325627
FDA14,OUT035,2485.436812316496
FDU49,OUT013,1315.9835525601366
FDK28,OUT045,4089.106306876783
FDT19,OUT046,2812.2308629433087
NCQ42,OUT045,2007.2372246519499
FDD03,OUT045,3751.4532993186745
NCM53,OUT013,1626.994631888288
NCX53,OUT045,2109.553963647705
FDV14,OUT027,2304.6872939964933
NCZ54,OUT017,2650.285324237426
FDB39,OUT013,853.2829903616527
DRC24,OUT046,2445.6953260772348
FDY36,OUT013,1094.1885130051792
FDN01,OUT035,2879.193909268364
DRH25,OUT046,847.0197633917993
FDV08,OUT046,718.7069772157298
NCP53,OUT049,4031.030955792266
FDU52,OUT010,516.728706308798
NCI42,OUT045,3265.1631440803876
FDZ14,OUT035,2078.0846904540936
FDF11,OUT046,3903.564027475626
FDQ13,OUT018,1188.974253149517
FDO32,OUT010,118.57443629327464
DRJ37,OUT018,2100.543688147066
FDY43,OUT046,2690.0863602958966
NCT41,OUT017,2488.1338712245442
NCV17,OUT045,2058.222758616284
FDM04,OUT027,1531.4196393257478
DRB48,OUT018,493.569732165449
FDM24,OUT013,2418.5456257563733
FDT37,OUT049,4187.370432639469
NCO05,OUT010,510.7174779742495
FDL13,OUT046,3837.643754625445
FDL15,OUT017,2514.2412878351943
FDB11,OUT018,3232.5749041097847
FDL14,OUT019,439.38109832156124
FDY10,OUT019,262.1600569704167
FDJ40,OUT049,1844.075590246793
NCW18,OUT046,3831.53677703221
NCY06,OUT013,2073.788699175426
DRE13,OUT018,1180.0933934261022
FDA26,OUT045,3543.5827666502487
NCE19,OUT010,228.86614977877184
FDE33,OUT035,1341.8787317239603
DRL59,OUT027,1540.4442093825228
FDY07,OUT046,777.0329273634934
FDF57,OUT018,2809.4696420239447
FDM58,OUT035,1819.8846038936329
FDP26,OUT027,2601.912053546366
FDY32,OUT046,2610.864214136125
FDD51,OUT010,148.24084092420804
FDU22,OUT018,1495.3068639526662
FDZ49,OUT018,3377.2456098892667
NCI42,OUT017,3480.285915928278
FDT04,OUT027,1058.8918192124158
NCU41,OUT045,3057.322967217483
FDS56,OUT045,4142.262963186096
NCN42,OUT017,2519.2846331434766
FDK34,OUT046,3939.5754973809003
FDB03,OUT017,3926.464567380031
DRJ25,OUT035,800.6713058470701
FDT25,OUT027,3282.973332398974
FDN20,OUT013,2690.741546078549
FDP09,OUT013,3423.549468879382
FDM20,OUT019,810.2591607371037
NCG55,OUT046,1905.2492046024572
NCP14,OUT045,1618.904685480536
NCH06,OUT046,3710.379813776426
FDV52,OUT013,1893.1844934922538
NCL07,OUT035,731.5026805780982
DRJ11,OUT027,4734.084033628059
DRO59,OUT013,1089.9115392632393
FDW15,OUT010,495.8450029509998
NCQ30,OUT035,2123.836529803282
NCN54,OUT019,420.81566828472444
FDY01,OUT027,3112.028370120718
FDX39,OUT035,3690.5791368112164
FDH53,OUT027,2262.64586203269
FDA57,OUT035,737.1442917671693
NCC07,OUT010,486.10390291189555
FDU28,OUT013,3035.886189357079
FDK36,OUT010,150.19659484192314
FDR36,OUT018,522.4188097743158
NCQ17,OUT035,2483.3946125343437
FDS28,OUT019,273.19770724799423
FDE08,OUT045,2405.001621308305
FDU22,OUT046,1966.5070531028327
FDG41,OUT045,1648.4182584461253
FDO31,OUT010,390.90706513166026
FDM21,OUT019,726.8495822722036
FDU40,OUT017,2712.6706894067183
FDV36,OUT018,1613.9380245992875
FDT10,OUT027,1702.993737628539
FDX38,OUT045,776.1095116672069
NCU30,OUT027,4100.178389425368
NCV06,OUT049,3245.016219018652
FDT16,OUT035,4276.02208465388
NCP41,OUT027,2579.0187098056385
FDZ56,OUT017,2792.021171258742
FDC22,OUT035,3115.817372679164
FDU10,OUT035,733.8286154399982
FDS46,OUT045,1896.5276695785687
FDO08,OUT049,2749.7367421881695
NCV42,OUT018,1423.116587041615
FDP33,OUT035,4194.281993656067
FDJ12,OUT046,3542.292615352916
FDH04,OUT045,1372.817139882311
NCU54,OUT013,3427.8689289602157
FDO36,OUT010,511.6882293529106
FDT37,OUT027,6034.2132167318305
FDD14,OUT010,521.2355190457243
FDA16,OUT013,3621.281101555722
NCS42,OUT019,394.0565369246198
FDP10,OUT019,331.7418950362865
FDQ28,OUT049,2507.581986027346
FDK57,OUT010,482.1624872566874
FDK02,OUT013,1905.6244089516663
FDW47,OUT018,1590.6321024666177
NCC42,OUT018,1623.6478888496201
FDQ37,OUT018,3023.7818047927317
FDL40,OUT046,1505.7850012410513
DRE13,OUT010,504.565940262331
FDQ34,OUT027,2688.0189108423097
NCB54,OUT046,2036.3110159556634
FDS48,OUT049,2504.2485332642373
FDO15,OUT045,1073.5201988025894
NCT30,OUT013,775.5167831421116
FDU49,OUT027,2370.3494768077826
FDE21,OUT046,1907.1405531730481
FDS49,OUT019,431.05607330000225
FDT38,OUT027,2308.1430101636056
FDZ01,OUT045,1625.5791533088327
FDC41,OUT035,1210.929536208423
DRG13,OUT010,470.71066157143457
NCZ42,OUT018,3276.668928474106
NCM07,OUT045,1318.1884599025423
NCV17,OUT018,1636.1713548161774
DRK39,OUT035,1354.0482666209048
FDS37,OUT018,1479.3358121784518
FDV12,OUT019,378.49090693448676
NCG19,OUT018,3310.968185225628
FDS51,OUT013,993.7312258895837
NCO14,OUT046,711.1396302277362
FDC38,OUT046,2073.788699175426
FDN15,OUT046,2083.4229533429116
NCH42,OUT013,3853.8656468593063
FDQ22,OUT046,702.381716150993
FDC05,OUT013,3065.438135709003
FDZ31,OUT013,3065.438135709003
DRJ23,OUT049,3161.3072697886328
FDC52,OUT035,2485.436812316496
DRD12,OUT010,499.004340973749
FDV55,OUT017,2497.6417310741417
FDD32,OUT046,1286.8161976012616
FDR01,OUT049,3393.4972928560014
FDY08,OUT019,376.64236298306344
FDQ45,OUT045,3087.9518441092437
DRN11,OUT027,3586.230591841842
NCS05,OUT018,1630.3592814764454
FDY32,OUT035,2637.6569002045417
NCD31,OUT045,2618.8791045816124
NCE06,OUT049,2732.469952418032
NCP14,OUT046,1630.240552824089
NCF18,OUT019,564.1747619763254
FDF14,OUT018,2136.4664800141563
FDB22,OUT017,2486.0089448540084
NCH54,OUT049,2715.3190279739665
FDU27,OUT035,812.8146229382397
FDS58,OUT027,4056.250162216762
NCU29,OUT035,2508.537649815946
FDJ57,OUT013,3183.4310847103384
FDL56,OUT049,1377.7201827234567
FDH60,OUT035,3088.257777629382
FDN24,OUT018,737.3710255380237
FDD02,OUT017,2087.4916743601098
FDP15,OUT017,4072.451958350298
FDB28,OUT027,5415.038857726563
DRC49,OUT045,2406.515978414251
NCG30,OUT018,1579.085159032893
FDJ14,OUT049,1254.60648144376
FDL52,OUT045,708.2683916960382
NCG19,OUT027,6188.951273486631
NCN41,OUT035,2112.493611248071
FDW22,OUT013,3685.1606099274395
FDI02,OUT013,1854.0277152332965
FDV51,OUT045,2615.460366117061
FDV48,OUT046,1259.6102812600145
NCL17,OUT019,440.4284056325869
FDP46,OUT045,1377.0820089397516
FDU10,OUT045,707.3608331335874
FDT37,OUT010,923.4019128771645
FDI27,OUT035,812.0326496705304
FDN51,OUT046,4164.519826931548
FDW07,OUT035,1390.0718222434086
FDN45,OUT049,3629.4758656719096
DRN37,OUT027,4143.349824369344
DRF48,OUT049,3200.847916731665
FDP38,OUT019,191.39678027755258
NCX18,OUT027,5091.473744520102
FDK45,OUT018,1475.602439090959
FDZ37,OUT049,1365.4049584729764
FDS50,OUT018,3245.23366412113
NCR54,OUT018,2939.828288455493
NCS17,OUT035,1578.4952430912665
FDV31,OUT046,2844.894506081062
DRE27,OUT017,1578.4549118218977
FDN60,OUT013,2556.8344468912173
FDK26,OUT013,3098.916319344174
FDX37,OUT018,1391.591845012359
FDW31,OUT046,3049.7412917255706
FDX26,OUT018,2993.4890853773213
DRL49,OUT019,436.39162235839933
FDU49,OUT017,1407.486550687046
FDY58,OUT046,3860.669887742751
FDN03,OUT045,4125.57974154224
NCV06,OUT010,615.7367845253988
FDH53,OUT045,1286.718335143498
FDG31,OUT018,889.8239730424798
NCC06,OUT045,2061.5584550585913
FDS13,OUT049,4078.085390823074
FDP16,OUT035,3945.8050983809044
FDA35,OUT013,2020.0795076116651
DRP47,OUT018,3389.9240275059865
FDY28,OUT010,698.7970753270858
FDY20,OUT035,1451.3207643257529
NCH30,OUT017,1817.2702715739683
NCR29,OUT019,276.02175344119007
NCP05,OUT013,2410.0468999473483
NCF30,OUT019,321.7857180854893
FDA08,OUT035,2666.0601296032096
FDN51,OUT027,6399.701744359881
FDH12,OUT046,1630.240552824089
FDY39,OUT017,3187.8797558488614
NCO53,OUT045,2999.8390339578173
FDB40,OUT046,2450.22789008383
FDH02,OUT049,1429.3780372707965
FDY11,OUT027,1811.5867709432152
FDQ09,OUT019,262.1600569704167
FDP16,OUT013,3839.938906543953
NCF55,OUT018,490.7143234001345
FDY09,OUT027,4630.565130437354
FDY39,OUT045,3128.211746141371
NCU53,OUT049,2705.4360610312156
NCT41,OUT049,2504.2485332642373
FDJ45,OUT046,750.4664209819673
FDR28,OUT013,2592.9681538849827
FDN08,OUT013,1912.7928894621077
FDJ07,OUT049,1994.7803069969418
FDZ09,OUT027,4027.809403251936
FDQ14,OUT017,2486.9529565378775
FDY12,OUT027,1366.931054813904
FDK57,OUT046,2017.1409124357604
FDD20,OUT049,2128.1470258292343
FDS36,OUT018,1486.918772515595
FDI40,OUT049,1705.0207642671749
FDJ40,OUT045,1742.6198281443574
FDE08,OUT013,2410.0468999473483
DRK01,OUT013,1502.84912686912
FDC58,OUT049,751.8525364845926
FDE50,OUT046,3076.4282784647403
FDX48,OUT035,2517.5769842775017
DRM35,OUT018,2833.6651744222277
FDG41,OUT013,1659.7541257896783
FDB52,OUT046,3845.787978697055
FDV19,OUT045,2557.393815597966
DRG48,OUT017,2495.638089188869
FDI26,OUT013,2922.1427186561064
FDU11,OUT019,338.5083624061846
FDF59,OUT019,373.39495208775736
FDR07,OUT049,1505.3096402967542
NCE06,OUT017,2618.871640100163
FDE10,OUT046,2068.7210812129647
NCO55,OUT046,1669.2757964773366
FDZ13,OUT013,782.09216705412
FDT50,OUT017,1585.4202424551647
FDH12,OUT010,477.49362023337693
FDD21,OUT045,1889.1070613350325
NCM05,OUT013,4187.021613448709
FDK04,OUT013,908.4724936709816
FDN33,OUT017,1590.2078242662074
NCM18,OUT010,354.97499566788076
DRC25,OUT049,1396.8351340137854
FDT47,OUT017,1627.043002122815
FDD45,OUT027,2616.7129443582253
NCD07,OUT018,1479.0237092266084
NCY54,OUT010,405.3681936644609
FDL12,OUT049,1001.406199144673
FDL02,OUT017,1715.3099091943434
FDC60,OUT035,1472.6676053694007
FDR37,OUT017,3025.4730282517316
FDY16,OUT017,3194.063378589557
FDU26,OUT045,1966.3274973612336
FDN24,OUT013,851.6616268025639
FDH44,OUT013,2416.801334854207
FDE23,OUT010,149.76709697793035
FDW60,OUT017,2905.228983108556
FDQ55,OUT049,2004.1878432218182
FDV32,OUT027,1786.5676965660352
FDV03,OUT010,512.7038869536597
FDY14,OUT010,807.1740110166768
NCL55,OUT027,6151.2492296386345
DRF25,OUT017,722.1849455587007
FDX03,OUT046,713.4298600271553
FDF40,OUT045,3706.968418314038
FDX24,OUT010,515.9465506515193
FDA25,OUT049,1694.3247066843007
FDH21,OUT018,2395.004305659485
FDB47,OUT010,661.8068032120199
FDT34,OUT019,331.7418950362865
FDS39,OUT010,580.6231140756419
NCU05,OUT046,1258.0941370386327
FDE02,OUT049,1563.1565436897254
FDL25,OUT035,1499.7061285279747
FDC50,OUT049,1562.3125809083865
FDZ32,OUT049,1701.2152512455789
FDV14,OUT045,1316.648553149745
FDR07,OUT045,1457.053949001111
FDB26,OUT049,912.2498666395683
NCR50,OUT045,2421.0434690714783
FDP01,OUT018,2080.151741842511
FDH57,OUT045,2063.267889221375
FDM60,OUT027,1026.762567097348
FDA45,OUT017,2812.289633685502
FDU55,OUT017,4501.882107694729
FDH40,OUT035,1355.2313132633672
FDG40,OUT019,111.11617579922246
FDT12,OUT049,3808.467805906303
DRL59,OUT045,854.4818883349193
FDT47,OUT018,1337.6170182061082
FDI60,OUT017,1119.7589072234969
DRF51,OUT027,1063.275810356936
NCK31,OUT049,864.9404050315578
FDB08,OUT045,2549.71186531584
FDM44,OUT035,1723.970747896234
FDD46,OUT018,2094.219347141552
FDR27,OUT019,355.76931583633177
FDV56,OUT010,378.5323522016325
FDM02,OUT049,1374.3341927042209
FDU45,OUT018,1460.3354771906393
FDZ10,OUT017,2121.300833376466
NCK31,OUT010,149.86941776092885
FDR27,OUT035,2147.657625620154
FDF33,OUT013,1699.3860902297422
FDJ36,OUT046,1629.3965900427502
FDP33,OUT049,4196.596499854233
FDG17,OUT046,3903.8823661327674
FDG47,OUT027,6070.556482940732
NCW29,OUT046,2045.1996398935405
DRH59,OUT017,1147.223325523198
FDR32,OUT017,3947.692104895533
FDP48,OUT035,3214.5541812959236
FDG17,OUT035,4114.023634272959
DRJ59,OUT017,735.2878512171859
FDY48,OUT027,2589.2002367556697
FDB02,OUT046,2839.6171386065316
FDN10,OUT019,262.1600569704167
NCD55,OUT035,735.2878512171859
FDX34,OUT013,2013.4957454278217
FDZ38,OUT045,2872.536407780025
DRF37,OUT049,4257.537614294149
DRL47,OUT019,338.5083624061846
FDL27,OUT035,1113.534163399405
NCP53,OUT035,4095.9949254389453
FDT03,OUT019,594.4111080773175
FDJ28,OUT035,3184.342632249075
FDF40,OUT018,3120.0809031562994
FDA32,OUT035,3657.8948610838984
NCP02,OUT017,901.6478290691433
FDZ31,OUT045,3062.4694623668547
NCQ29,OUT013,3963.1777117985703
FDP57,OUT010,476.64965745203796
FDL32,OUT027,3268.530654737355
DRB01,OUT035,3155.891462845023
FDJ40,OUT046,1667.9678945055227
FDO24,OUT018,2351.1578516570557
FDO11,OUT018,3070.2156237645067
FDA56,OUT035,2106.450754748618
FDF02,OUT045,1618.0607226991972
FDA10,OUT013,2013.2820376502675
NCI55,OUT017,2138.233636193278
FDZ40,OUT010,226.042103585576
FDV08,OUT049,749.9596331120472
FDN48,OUT013,1375.0581768895192
FDU57,OUT017,2490.224394127539
DRF49,OUT013,1898.9267844572037
FDS02,OUT035,3099.9850460142598
FDS43,OUT046,3091.6418815740344
FDT16,OUT013,4125.165982316756
FDX19,OUT027,6479.067525939025
FDK15,OUT046,1582.0832732902245
DRA12,OUT049,2225.4175100394646
FDY35,OUT017,834.5362184982494
NCU42,OUT013,2702.902239634142
FDD26,OUT013,3136.974873679358
FDR11,OUT018,2363.369047655058
NCP53,OUT045,3916.3837022821454
FDP34,OUT045,2466.0673455877945
NCV41,OUT019,334.09289278199327
FDN20,OUT018,2636.788043169719
FDZ16,OUT018,3035.4762981403646
FDZ28,OUT049,2166.327389995976
NCL55,OUT013,4088.147374896461
NCJ17,OUT046,1316.8876116013835
FDT37,OUT046,4014.8050259715924
FDV51,OUT049,2814.733215615112
FDZ28,OUT035,2141.5667847952986
FDN27,OUT013,1857.8416799915426
FDS14,OUT019,416.75617943321765
FDZ58,OUT045,2010.2288284143458
FDD46,OUT046,2416.219168649812
FDJ03,OUT035,812.5773223251878
FDU03,OUT010,465.7448931125581
FDA33,OUT027,3757.6078548365435
NCW53,OUT035,3154.623659813576
NCC55,OUT017,713.1313688864481
FDP52,OUT019,705.3320298446415
FDE39,OUT049,2081.838496655407
FDB44,OUT035,3832.97666722907
FDG59,OUT013,702.5695863782365
FDI05,OUT013,1085.5713488486617
FDF59,OUT045,2029.0119318862978
FDM39,OUT019,453.74203827652417
FDB14,OUT013,1365.7857660942514
NCS05,OUT019,404.1433147755896
DRJ35,OUT045,983.550309687735
FDO31,OUT019,346.74523611018276
FDA31,OUT046,2814.8235780649447
FDX40,OUT049,748.2517826479313
FDW56,OUT045,3123.086595559132
FDH09,OUT018,692.9625238210942
FDA52,OUT019,409.4893876595722
FDF20,OUT019,538.9236450579548
FDE40,OUT046,977.9640887422282
NCU17,OUT046,1652.264710645833
NCP14,OUT035,1707.4513881976868
FDN25,OUT027,1670.313257752284
FDU39,OUT049,971.5059512563894
NCM05,OUT017,4464.038135482625
FDU07,OUT017,2487.6100618078744
FDF28,OUT049,2152.4540715276507
FDR57,OUT049,2677.9988538606976
FDJ33,OUT013,2017.1409124357604
DRH23,OUT035,900.2565528454744
FDQ52,OUT046,3968.170578266904
DRK13,OUT035,3213.5199711664077
FDP09,OUT046,3567.6425655342537
FDR08,OUT027,2753.151686369376
FDV50,OUT045,2005.054246555353
FDT13,OUT049,3206.392527674914
FDJ27,OUT027,2675.56012602175
FDH21,OUT046,2624.7894484880003
FDW14,OUT027,2310.6941790891933
FDL52,OUT049,750.7358292145357
FDW28,OUT017,3195.7768593525625
FDL40,OUT049,1554.4749778759972
FDE24,OUT046,2115.1284265966883
FDX35,OUT049,3970.3855679534886
FDP46,OUT017,1383.410837154503
FDX56,OUT045,3574.1668850584647
FDQ45,OUT049,2991.74404699568
FDK50,OUT027,4064.839217325256
FDY26,OUT045,3608.656357976212
FDQ09,OUT017,1980.881113517279
FDN39,OUT049,2768.6314124813234
FDP13,OUT017,738.607674252501
FDR51,OUT013,2416.130947275886
FDZ49,OUT010,570.4288647617763
FDL28,OUT018,3262.1308174175665
FDZ10,OUT035,2132.281276263166
FDK38,OUT013,2412.485780267947
DRL49,OUT027,3476.766082169136
FDR15,OUT013,2422.101844001775
FDQ24,OUT035,4389.092748635513
FDD56,OUT013,2808.520695490956
NCR42,OUT046,705.3746700980159
FDH52,OUT045,1022.0305328384576
FDH57,OUT019,399.2914741119006
FDR15,OUT010,542.0096431549626
FDJ34,OUT035,2103.7089418107007
FDW37,OUT035,1516.9988000184308
FDQ23,OUT018,1412.2596889545437
FDP34,OUT013,2556.856064089246
FDE04,OUT027,4918.838187389119
FDC48,OUT045,1265.4195089956256
FDA47,OUT019,375.6998005105033
FDI35,OUT018,2848.0867586218933
NCV05,OUT013,2422.101844001775
FDR28,OUT045,2588.675681928042
FDH31,OUT017,1598.2200528790404
FDP59,OUT019,336.3611929763792
FDS19,OUT018,1056.7723694830865
FDM60,OUT045,711.0373515427754
FDJ44,OUT018,2804.4110343650445
DRH51,OUT017,1387.8985727520305
DRC25,OUT017,1429.2050087779996
DRE25,OUT013,1438.0077368198836
NCX05,OUT049,1996.8244766493403
FDR11,OUT017,2615.0902225600644
DRP47,OUT045,3804.2411100745044
DRC49,OUT019,399.18338904533994
FDQ47,OUT027,1085.1596120643126
FDL20,OUT013,1745.7004311952378
FDM34,OUT035,2151.2873001462663
NCN55,OUT013,3895.4388116956716
FDD41,OUT035,1707.8592995502654
FDE52,OUT049,1427.2047877794184
NCT18,OUT019,458.0585987872864
FDJ32,OUT018,825.9667733333279
FDE16,OUT046,3660.6837136797258
FDZ09,OUT045,2591.534960164352
DRZ11,OUT046,2014.5265801160958
FDK41,OUT049,1368.3665087132335
FDE56,OUT049,1001.406199144673
FDH34,OUT013,3094.256213893699
DRI49,OUT013,1265.625783122584
DRI59,OUT046,3705.1466980421246
DRC36,OUT049,2937.513187701481
FDS15,OUT019,340.31098963732467
FDI07,OUT018,3009.11021482904
FDZ15,OUT018,1487.6477068683591
NCX41,OUT027,5577.960152715545
NCO29,OUT019,399.61596750254284
FDF57,OUT013,2694.107941774415
FDI33,OUT035,1460.642245270878
DRJ47,OUT049,2888.6066145273094
FDB34,OUT046,1320.1035408792602
FDY22,OUT027,3397.324996787402
DRL11,OUT017,2640.0140879376654
FDY46,OUT035,3135.3559659112448
FDG17,OUT013,3903.8823661327674
FDE52,OUT018,1171.7198975796857
DRP47,OUT027,5135.71329669818
FDO01,OUT010,480.634233955311
FDL09,OUT046,2647.428328937958
FDR57,OUT013,2518.105068167955
DRD37,OUT035,802.062582070739
FDQ36,OUT027,1081.9527382387814
FDL33,OUT049,3196.980999052509
FDL48,OUT045,776.7553350238128
FDL28,OUT049,3996.058627970946
NCN29,OUT046,779.2883447975311
FDO13,OUT035,2682.4248144908374
FDB38,OUT045,2581.608397326527
FDI36,OUT035,3168.0618871727333
FDI58,OUT035,1507.887677279412
FDH22,OUT018,1570.4495150069483
FDQ27,OUT013,1687.0885501644477
FDT33,OUT046,2634.6950720071072
FDC56,OUT045,1911.1766347097084
FDF14,OUT046,2425.5205824663267
FDQ39,OUT017,3173.0640621166335
NCM43,OUT017,2698.443729260475
FDS46,OUT035,2079.1388991776444
FDI22,OUT049,3655.4120379735373
NCE43,OUT045,2698.906146633233
FDZ36,OUT010,589.2235680947352
FDR13,OUT019,263.67620119179844
FDP46,OUT018,1238.717898815381
FDW56,OUT019,566.7674770979615
FDB40,OUT017,2552.8778656390755
FDM28,OUT018,2773.240539643335
FDV49,OUT013,4270.898249430505
NCS53,OUT018,2205.764861020007
FDO03,OUT049,3978.054370479881
FDT15,OUT035,3214.5541812959236
FDD33,OUT049,3870.512832955037
FDX13,OUT017,4239.640570954505
FDH60,OUT013,3030.2194542075677
DRH51,OUT046,1313.8703993286665
NCL07,OUT049,750.5271596055983
FDW51,OUT045,3391.5129554097316
FDF21,OUT019,566.7674770979615
FDH26,OUT019,408.64931028397405
FDJ03,OUT049,871.0963654271881
FDU35,OUT017,1592.5010744049293
DRL01,OUT018,3264.9175088785014
FDE59,OUT045,706.5801289092506
FDI60,OUT035,1110.3022058536308
DRH39,OUT035,1329.336936862882
FDK36,OUT049,865.2675821125521
FDN52,OUT045,1313.8482694879647
FDU12,OUT017,4173.392628515991
NCT05,OUT027,5996.5261648450605
FDS37,OUT027,2985.6682007563004
FDK24,OUT017,810.2265873402383
DRF36,OUT013,3095.060620038586
FDN46,OUT010,468.92452563233877
NCN06,OUT045,2573.7756044039784
FDD59,OUT035,1377.6085877056728
FDM14,OUT045,1664.6143969620803
FDO10,OUT018,735.5011797401696
FDU35,OUT013,1510.9886668732809
NCA30,OUT018,2986.046898033999
NCO41,OUT049,1558.7409127611363
FDI24,OUT046,2811.0261327480926
FDZ16,OUT046,3059.8599847405476
FDV47,OUT046,1291.2204053626515
FDV16,OUT045,703.7144468216359
FDZ22,OUT035,1373.0015620597717
FDO20,OUT010,720.3188171085296
FDW38,OUT013,864.9708742149905
FDW52,OUT045,2615.460366117061
FDT43,OUT019,178.12700129027616
NCS29,OUT045,4071.8670483596406
NCC31,OUT017,2522.033615103191
FDA21,OUT017,3170.6491122558573
FDQ55,OUT046,1912.298876779963
NCE54,OUT049,1243.445114143886
FDD45,OUT017,1582.46484244132
NCP17,OUT017,1109.5961116355445
FDR47,OUT035,3167.05794313964
DRM35,OUT013,2834.4534607854116
FDR47,OUT019,571.3809423387099
FDX19,OUT010,655.9442277226767
FDV22,OUT027,3841.0277545982935
FDQ46,OUT027,2975.1834186222413
DRO47,OUT045,1860.3142286628884
FDB44,OUT010,805.1615054475127
FDN02,OUT010,635.1495880480992
FDW10,OUT045,2730.4636245542597
FDJ41,OUT019,929.9516936429859
FDM50,OUT046,856.7451952937013
FDW10,OUT035,2782.984479799016
FDY48,OUT049,1705.1650479065245
NCE30,OUT027,5339.006787562499
FDO04,OUT045,857.2860832875184
FDQ26,OUT010,233.6100968738587
NCX29,OUT018,2107.423937131365
FDE39,OUT046,1898.2696791872074
NCR54,OUT027,5470.422169840916
NCP55,OUT027,1650.7948655834648
FDX22,OUT017,3886.422672436001
FDI05,OUT035,1167.2472733671
FDC51,OUT027,3210.8776401739574
FDC10,OUT013,1925.126834372926
FDJ46,OUT045,2823.68369774887
FDV10,OUT010,96.50338446614897
FDX12,OUT027,5747.394744012989
FDL43,OUT019,432.572217521384
DRB13,OUT046,2922.5376239659913
FDF59,OUT027,3337.755732007159
FDT35,OUT049,2760.6594586540955
NCJ19,OUT035,900.2565528454744
FDT35,OUT018,2613.354344871201
FDI48,OUT046,774.9721104874543
DRC24,OUT019,429.62804683467743
NCZ05,OUT017,1707.4513881976868
FDJ57,OUT049,3221.2538366772706
FDX11,OUT017,3157.2234586427353
FDE09,OUT035,1855.0512786774602
NCK06,OUT049,2111.502087208972
DRE37,OUT017,3119.8926579718714
FDV56,OUT046,1636.000473389216
FDY43,OUT017,2744.717055294165
FDV35,OUT013,2411.1659560095486
FDF05,OUT019,919.210205266875
FDA36,OUT035,3039.283027716632
FDS13,OUT027,5759.548533805545
FDU47,OUT013,2115.1284265966883
FDI36,OUT010,592.8687351026741
FDH48,OUT046,1322.353552483711
FDZ14,OUT013,2013.8694748460996
FDS46,OUT013,2022.6938399313296
FDE21,OUT017,2004.3395583021847
FDA26,OUT049,3804.0800990178273
FDV12,OUT046,1556.53094411413
FDL46,OUT019,262.1600569704167
FDN57,OUT013,2089.4464969388696
NCJ18,OUT017,1968.6251547293584
FDO36,OUT045,2865.315180659073
FDX55,OUT018,3097.726776036564
FDT25,OUT019,342.545145680372
FDD16,OUT049,1101.3052383447848
NCX18,OUT013,2924.2632287596475
NCG55,OUT018,1490.6118547299961
NCV18,OUT049,1351.6746301693042
NCS18,OUT035,1720.3972023895446
FDC37,OUT045,1625.2271056257896
FDE47,OUT046,2023.4152040539723
DRG49,OUT019,689.6475969347539
FDC39,OUT049,3726.9074765931655
FDH24,OUT019,419.74448631409746
FDV39,OUT027,5105.897292396438
NCL17,OUT045,2102.992818682248
NCY53,OUT035,1967.6310830659104
FDH52,OUT013,1018.7198821673273
NCD19,OUT018,727.2719581534441
FDI44,OUT046,1230.8657391037748
DRD49,OUT027,5865.573624958018
FDN08,OUT035,1988.4691691164062
FDO20,OUT027,6671.432496073274
FDY02,OUT046,3994.6698989026468
FDX23,OUT045,1438.0694139633347
FDX01,OUT017,2015.4035293880681
FDH20,OUT027,2561.604655678973
NCX41,OUT017,3852.111659395113
FDD21,OUT027,3191.0706205851307
DRH11,OUT019,274.73279800051967
DRE60,OUT018,3396.68576733787
FDB10,OUT013,3850.858981292685
FDH38,OUT013,1908.8332098312746
NCL07,OUT018,508.05131632315425
FDD48,OUT046,1900.4429286785855
NCT54,OUT027,2529.230536426244
FDF32,OUT027,5589.948227305142
DRH51,OUT045,1313.6551034084434
DRG03,OUT035,2487.4767659545473
NCY42,OUT019,445.2802462962759
FDH32,OUT017,1583.289002533551
NCJ06,OUT027,3148.962615999937
FDH47,OUT027,2559.595043981707
FDZ08,OUT018,1158.8817422557595
FDK16,OUT017,1581.5374882075728
DRG01,OUT018,1048.2963353928092
NCM53,OUT027,2604.085303037745
NCB07,OUT035,3115.9031498469326
NCZ06,OUT035,3849.6345751430176
FDU48,OUT049,2176.671537874614
NCB55,OUT027,1754.1508829501686
FDP15,OUT013,4096.574316584045
FDF17,OUT046,3084.6610181237884
NCN06,OUT049,2766.7560800972383
DRM48,OUT018,495.43523414186757
FDH10,OUT046,2498.92418270662
FDC60,OUT018,1197.9453217649868
FDE35,OUT018,728.417819087015
DRI23,OUT013,2571.9840290323814
NCR38,OUT013,3875.179221293371
FDP04,OUT035,1081.202310479714
NCW17,OUT045,2083.5022365048585
FDX34,OUT017,2091.794874708391
NCK53,OUT045,1498.834883685458
NCO54,OUT010,237.58081975972675
NCH55,OUT046,2045.1996398935405
FDT44,OUT027,3252.304682974402
DRG49,OUT046,3987.883745110997
FDX46,OUT010,235.78334636523692
DRG36,OUT049,2922.2086852258194
FDU37,OUT049,1297.5069951009868
FDK10,OUT049,2987.874156864629
DRF37,OUT027,5932.240121010836
FDC44,OUT035,1951.8593474581562
FDP15,OUT046,4055.448731225288
FDZ27,OUT027,1255.2223178567313
FDY22,OUT019,434.29463668470873
DRG51,OUT035,2717.7934882636387
FDN58,OUT045,3826.8815652796116
FDW01,OUT049,2525.8795430340833
FDX24,OUT018,1286.4111543527988
FDO51,OUT017,729.0494436758622
FDJ52,OUT027,4103.283733432278
NCY06,OUT010,516.1279627300709
FDE20,OUT018,2644.123072798673
FDT23,OUT010,462.60617163734366
FDQ51,OUT046,776.3153494440068
FDE35,OUT046,947.3407882937206
FDB46,OUT013,3399.797226263949
NCG19,OUT035,3628.1054692759712
NCL06,OUT018,3342.1805160530052
FDT36,OUT019,127.93778018611124
FDC56,OUT049,2122.5940983336654
FDJ26,OUT049,3495.260315065616
FDZ59,OUT017,2736.3869755909195
FDV11,OUT027,4563.007890789669
FDR13,OUT010,454.3655223436306
FDI15,OUT018,3341.790669372862
FDF47,OUT018,2998.271714229097
NCB54,OUT019,399.2914741119006
NCK19,OUT027,5470.422169840916
FDX16,OUT017,2496.12558685276
FDL50,OUT045,2030.5280761076797
NCE31,OUT035,697.33226446056
DRJ01,OUT049,2694.977070278317
FDE22,OUT013,2560.263836600384
FDY20,OUT019,313.5628603012014
NCO14,OUT045,708.6448009603577
NCR50,OUT017,2524.442956750391
DRM47,OUT017,3168.0347799361925
FDO27,OUT010,513.9494355200235
FDJ20,OUT027,3409.8702700868143
NCX17,OUT013,3352.322448022067
FDG59,OUT049,745.9058601402953
FDD52,OUT045,1644.7784080261454
FDO48,OUT017,3866.349833058546
FDC59,OUT019,395.21340274383397
FDS15,OUT018,1394.368169962714
FDB47,OUT035,3888.1459720966714
FDV14,OUT019,431.7577482344025
FDB27,OUT013,3088.306185131727
FDA35,OUT035,2100.6917129290982
FDN51,OUT018,3490.712236281112
FDO39,OUT019,563.2896354084868
FDB28,OUT049,3152.43433677768
DRJ25,OUT046,774.8697897044558
FDH46,OUT027,2593.150033416615
FDI10,OUT045,2815.6508756848057
FDU21,OUT018,489.4594697118401
FDD09,OUT049,3021.0420935256457
FDD10,OUT046,2822.220542386001
FDN31,OUT010,592.8687351026741
FDA46,OUT018,2956.4015300849037
FDM56,OUT046,1623.801465547376
FDF11,OUT010,812.8583919984408
FDS32,OUT018,1631.7135202887055
NCM06,OUT013,2417.250003338086
FDZ26,OUT045,3731.6043519300297
FDO01,OUT013,2012.3245481456515
FDJ46,OUT049,2940.1275200211458
FDG26,OUT019,799.6497334275272
FDZ38,OUT035,2967.897629465206
NCO55,OUT013,1634.1903494850346
FDT60,OUT035,2099.1755687077166
FDW37,OUT049,1496.8523374401113
NCK42,OUT018,3007.846264307883
FDA45,OUT046,2660.272516732581
FDW55,OUT018,3410.6668677225766
FDY44,OUT017,3185.885883706997
FDQ31,OUT017,1400.6862153200668
FDM09,OUT049,2930.679700875183
FDH12,OUT018,1394.5557254501675
NCQ43,OUT035,1773.9329974117127
FDT33,OUT035,2770.7644128790394
NCT41,OUT018,2112.1631958215658
DRJ25,OUT010,124.8540386042922
NCQ41,OUT046,3095.060620038586
NCN17,OUT049,1706.1946888158777
DRO35,OUT027,2977.4806904495194
FDU27,OUT018,659.8181968558011
FDY43,OUT027,4240.9249714831885
FDG46,OUT035,1998.4730050830435
DRL49,OUT018,2100.019878730396
NCB55,OUT049,936.9429606478055
FDK28,OUT049,4226.281856667015
FDO49,OUT045,778.282761158585
FDT03,OUT013,2435.147423050398
FDW33,OUT027,2669.4875791307
FDR02,OUT035,1846.9411533947493
FDF50,OUT013,3054.281025995609
FDA40,OUT018,1213.1115270163925
NCT53,OUT018,2467.8754071119906
FDY60,OUT035,2217.986645954518
FDP44,OUT027,2732.39916406759
NCQ50,OUT045,3466.7513721011705
NCC30,OUT017,2914.3849796627073
FDQ60,OUT018,1558.3059258916626
FDG41,OUT046,1659.7541257896783
FDQ03,OUT046,3896.627600375735
FDM03,OUT045,1625.6023099749987
FDZ51,OUT018,1267.4593060021164
DRF51,OUT035,723.8245509137457
FDF39,OUT017,4332.145265686306
FDW52,OUT035,2663.323746902814
FDY22,OUT049,2515.956776406229
FDG14,OUT013,2416.130947275886
FDA57,OUT017,735.4981667035478
FDL45,OUT019,373.39495208775736
FDX28,OUT046,1503.2570382216986
NCQ54,OUT013,2732.417997026606
FDH40,OUT045,1245.7933103643074
FDU52,OUT035,2601.1916759074297
FDT60,OUT010,480.1351955776498
FDK08,OUT045,1543.1366286802224
FDN04,OUT049,2933.460449378599
FDE50,OUT013,3076.4282784647403
FDI16,OUT049,899.3400668267898
FDM50,OUT049,996.3716197245376
NCV30,OUT049,1017.5816719272425
FDT44,OUT013,1896.0612426871799
FDY60,OUT013,2422.8853821827447
FDT56,OUT017,987.303142416796
FDV58,OUT018,2556.8768036214487
FDU04,OUT013,2025.1314366580552
NCN05,OUT027,4958.3040497085185
FDI53,OUT018,2410.8349709223517
FDD34,OUT046,2621.7491255840305
FDW47,OUT027,3309.7926240617703
FDT51,OUT027,2889.996720470852
FDO27,OUT013,1506.0810844148943
NCQ18,OUT018,1402.8596309821419
NCW05,OUT013,1655.2339788598667
FDI15,OUT010,902.8250381782511
NCH43,OUT010,567.608012277674
FDT40,OUT049,2129.788640070735
NCG19,OUT017,3628.1054692759712
NCM30,OUT035,730.1114043544293
FDB38,OUT017,2660.0105880833958
FDB22,OUT046,2419.864335657751
FDC58,OUT046,716.1465131298186
NCI29,OUT013,2101.946851817605
FDA23,OUT010,477.49362023337693
DRG48,OUT013,2419.240215174806
FDV21,OUT013,2021.063973401584
NCG18,OUT019,341.8271338587064
FDG40,OUT045,699.9870224722554
FDU24,OUT018,1269.6076295062621
FDA22,OUT049,2815.6212967403835
FDY35,OUT046,796.5089401191337
FDJ15,OUT045,3138.6113480561685
NCW18,OUT018,3194.501320018431
FDK56,OUT018,2988.2376949536015
FDF44,OUT046,2071.26806012262
FDP51,OUT049,2073.930445545864
FDU22,OUT027,3042.717478452954
FDM28,OUT017,2885.175359745328
NCL42,OUT046,3816.469466014273
FDJ15,OUT019,592.9712229629936
FDI32,OUT018,1466.7917661879412
DRL11,OUT046,2554.313807838412
DRO59,OUT018,978.7053731904333
FDA07,OUT019,344.06128990175375
NCO53,OUT013,3038.5007448179217
FDO21,OUT045,3495.4774606694573
FDW39,OUT045,2835.7874318104177
NCV17,OUT013,2073.259514865486
FDE22,OUT046,2560.263836600384
NCB06,OUT018,2377.1043785666575
DRF48,OUT017,3129.2170373979607
FDB05,OUT013,3705.9724236869047
FDP28,OUT027,6105.695101217927
FDP23,OUT046,3613.426984592504
NCS41,OUT018,3044.4808527429777
FDS40,OUT018,501.1531346886801
FDA16,OUT017,3773.117805210671
FDN20,OUT035,2746.513464229639
FDF04,OUT027,6556.6193818395595
DRG36,OUT018,2598.3036723208616
FDW16,OUT018,1273.8090557227313
FDU09,OUT017,904.8068340434654
FDW01,OUT046,2421.2867866122733
FDB15,OUT045,4175.853471221712
NCJ17,OUT049,1373.770386062511
NCT18,OUT018,3026.372049431761
FDG16,OUT018,3075.773632631923
FDP27,OUT017,3092.8646164738198
FDQ44,OUT027,3432.601314324883
FDL50,OUT027,3290.6666926202283
FDW57,OUT027,4822.755306912312
FDS34,OUT013,1890.779916947164
NCV30,OUT035,1056.7909342238806
FDD26,OUT018,3035.7105351528003
FDA03,OUT045,2402.8283718169264
FDS27,OUT018,2875.927978350992
FDM12,OUT013,3095.305565955231
NCV42,OUT027,2898.8458729081563
NCS41,OUT046,3082.539889883666
FDN56,OUT018,1598.2213757737602
DRK59,OUT046,3684.9976827058435
NCG18,OUT046,1630.8421497823012
NCN26,OUT017,1992.1252996758863
FDI60,OUT027,1755.803471254406
NCI43,OUT049,873.6424953576067
NCL17,OUT049,2220.5656693757755
FDQ19,OUT019,811.7753049584854
FDY43,OUT049,2807.375937694286
FDR36,OUT049,757.0473250284483
FDJ58,OUT049,2939.808171052446
DRY23,OUT045,709.1145453117489
FDK26,OUT027,5089.478861048442
DRH03,OUT045,1498.7200822844345
FDC10,OUT010,480.6463430353057
FDD23,OUT013,3111.015008795253
FDP32,OUT045,2021.329981604172
FDO31,OUT035,1348.074569707543
FDQ57,OUT013,2418.7452795955505
FDX32,OUT027,3809.8932542339817
FDC39,OUT027,5626.490369739977
FDU55,OUT046,4417.055384460586
FDL45,OUT013,2026.0295363736368
DRK37,OUT049,3215.255403825038
FDK22,OUT013,3452.2075315059187
DRG37,OUT027,3933.6633520661376
FDK22,OUT017,3645.3602418880373
DRH36,OUT018,919.1023556520985
DRC36,OUT018,2810.6443674731295
DRE03,OUT027,1146.351562454034
FDF34,OUT046,2947.3052380934505
FDZ22,OUT046,1286.8687071335748
FDC44,OUT010,402.21385443802455
FDN31,OUT027,5270.591695713115
FDO03,OUT017,4034.138312383974
FDA01,OUT049,989.9293064061345
NCH42,OUT049,4033.9739212656286
FDF46,OUT018,1472.549291384026
DRL35,OUT046,717.8484151202306
FDW46,OUT049,1043.8747596673466
FDB58,OUT046,2127.134878377321
FDD47,OUT018,2603.1150156001945
NCO17,OUT045,1901.4570221185547
FDJ26,OUT017,3673.0314959889884
FDU37,OUT045,1261.4606905414153
