Item_Identifier,Outlet_Identifier,Item_Outlet_Sales
FDW58,OUT049,1066.5383
FDW14,OUT017,1256.2878
NCN55,OUT010,735.36646
FDQ58,OUT017,1420.8506
FDY38,OUT027,7052.2134
FDH56,OUT046,1921.7645
FDL48,OUT018,659.16876
FDC48,OUT027,1727.4875
FDN33,OUT045,1265.3077
FDA36,OUT017,2789.3215
FDT44,OUT017,1911.4805
FDQ56,OUT045,1276.2361
NCC54,OUT019,585.43335
FDU11,OUT049,1104.7954
DRL59,OUT013,655.0595
FDM24,OUT049,2489.777
FDI57,OUT045,5376.0957
DRC12,OUT018,3155.4988
NCM42,OUT027,3078.4294
FDA46,OUT010,811.4583
FDA31,OUT013,3025.7966
NCJ31,OUT035,3500.945
FDG52,OUT046,961.0572
NCL19,OUT019,186.08127
FDS10,OUT035,3145.2495
FDX22,OUT010,698.76825
NCF19,OUT035,723.40955
NCE06,OUT046,2137.3865
DRC27,OUT046,4272.9966
FDE21,OUT035,2516.6868
NCR42,OUT019,123.979095
FDX51,OUT018,2022.1428
NCR06,OUT018,719.2021
FDU31,OUT027,3878.4058
FDU59,OUT017,2901.3699
FDR03,OUT027,4048.067
FDS49,OUT027,2562.8625
FDD48,OUT010,788.67694
NCF18,OUT017,3814.1377
NCD43,OUT027,2066.3198
NCD54,OUT018,1487.0239
FDY19,OUT010,323.9081
NCY54,OUT017,1623.6007
NCL19,OUT018,1986.8387
FDP23,OUT010,435.5403
FDC26,OUT013,2067.6936
FDR14,OUT010,184.48856
NCS41,OUT035,3878.8015
FDF41,OUT035,2276.9937
FDU34,OUT046,2001.847
DRH11,OUT046,936.1141
FDM03,OUT013,2969.271
FDS31,OUT017,3364.6577
FDJ20,OUT017,2247.8555
FDV44,OUT027,3458.6816
FDG02,OUT049,2423.6416
FDA09,OUT013,4082.879
FDT04,OUT013,557.194
FDL58,OUT019,281.58475
FDE52,OUT045,1460.3433
FDW12,OUT035,2403.2688
FDL51,OUT017,3835.062
NCY42,OUT027,2774.9897
FDR07,OUT017,2025.0623
FDN40,OUT045,2584.0178
FDB35,OUT027,2715.9868
FDA22,OUT017,3527.7686
NCL06,OUT046,4784.614
FDI35,OUT013,3885.3618
NCW42,OUT045,3738.9097
NCX06,OUT049,3375.0767
FDC37,OUT027,2390.7563
FDZ14,OUT018,1552.1874
DRG49,OUT049,4774.1113
NCG06,OUT045,2163.1548
DRC36,OUT045,3072.3496
FDV21,OUT019,597.5905
FDB53,OUT046,3490.5183
DRP47,OUT019,361.37216
FDA14,OUT013,1718.7966
DRC24,OUT035,3189.0164
FDW21,OUT018,1280.2365
NCH29,OUT046,1938.1622
FDU58,OUT013,3059.7334
FDY27,OUT017,1996.6526
FDV56,OUT035,1110.6467
FDT59,OUT046,4737.9346
FDB23,OUT046,2351.6902
FDR49,OUT045,947.7561
FDB03,OUT010,493.7706
FDN39,OUT045,3169.175
FDX02,OUT027,6069.9727
FDQ16,OUT027,2917.069
FDU35,OUT018,2124.7954
NCT29,OUT013,1634.1938
FDZ27,OUT046,813.7846
FDN57,OUT017,2684.9475
FDA03,OUT018,1793.2009
FDZ36,OUT045,3118.5166
NCU05,OUT013,1452.2051
FDT39,OUT018,2198.959
FDK60,OUT017,1564.2347
FDZ25,OUT017,3431.766
FDG12,OUT046,2040.2422
DRB01,OUT019,-212.00143
NCC43,OUT027,5320.9263
FDX13,OUT019,17.460487
FDM22,OUT049,1059.6573
FDJ03,OUT027,1850.985
FDU14,OUT018,4421.1567
FDB33,OUT010,247.64987
FDP27,OUT046,3917.8618
FDO38,OUT010,176.58159
FDE28,OUT027,6895.746
FDO27,OUT035,2079.085
DRL23,OUT027,1658.0687
FDS28,OUT046,762.7622
FDX24,OUT013,1340.3969
FDZ02,OUT035,1254.7745
FDL46,OUT045,1505.9999
FDS60,OUT027,3699.8489
NCO06,OUT017,166.31842
FDO16,OUT035,1566.3539
FDC60,OUT049,1812.5256
FDA48,OUT018,4146.039
FDZ36,OUT027,4247.68
FDK27,OUT045,1189.294
FDW23,OUT018,667.0065
FDM14,OUT018,1616.9728
FDM14,OUT013,1054.2628
FDW60,OUT018,1762.7053
FDE21,OUT013,1997.9623
NCM42,OUT035,1512.168
FDY59,OUT010,305.37598
DRI49,OUT049,1118.3837
FDT28,OUT019,422.02017
FDQ22,OUT018,477.70236
FDR60,OUT049,1022.6343
FDC50,OUT019,413.64777
FDV24,OUT013,2570.1663
DRF48,OUT010,54.37811
FDQ47,OUT046,897.5956
DRN36,OUT049,1424.1875
NCY06,OUT035,2854.785
FDE52,OUT035,1586.0459
NCB54,OUT045,1647.3667
NCF31,OUT035,2094.699
FDJ08,OUT027,6332.6685
NCC07,OUT017,1530.165
NCD19,OUT027,1850.5898
FDL46,OUT049,2094.9758
FDM20,OUT045,5681.7246
NCI06,OUT010,822.2107
DRM11,OUT035,4310.857
NCH07,OUT018,2186.6992
FDS23,OUT013,1984.21
FDO49,OUT018,355.69116
FDS35,OUT049,989.384
DRK39,OUT045,1198.3647
DRI39,OUT049,893.64557
FDV04,OUT017,1442.6508
NCN14,OUT035,2263.9104
FDH08,OUT013,4795.3257
FDS20,OUT046,3386.5227
FDV40,OUT049,1163.0791
FDZ48,OUT010,-22.751198
FDS24,OUT027,2219.7275
FDK44,OUT049,1413.7515
FDS48,OUT045,1867.379
FDK26,OUT010,340.23468
FDD23,OUT045,4257.485
NCH54,OUT017,3073.2983
NCP14,OUT010,459.5742
FDM60,OUT010,-28.037025
FDV24,OUT017,2481.5034
FDH08,OUT018,3623.536
FDS12,OUT027,3701.7798
FDR39,OUT027,5614.933
FDP12,OUT027,905.60785
DRF60,OUT027,6569.5312
FDC09,OUT035,1442.8079
FDF50,OUT018,3541.922
FDG28,OUT035,3411.4595
NCE19,OUT017,825.2275
NCM53,OUT010,317.25616
NCN18,OUT049,1583.2643
FDF32,OUT035,4574.849
FDF11,OUT013,3349.2922
DRI59,OUT049,3410.994
NCG54,OUT035,3367.2683
FDM44,OUT046,1417.6125
FDT57,OUT018,1543.6337
FDV24,OUT046,2678.6213
FDI50,OUT019,414.21613
FDS09,OUT035,1054.1981
NCC31,OUT027,3077.0657
FDQ07,OUT019,-69.606895
FDC22,OUT017,2961.1406
FDZ56,OUT046,2553.545
FDZ40,OUT019,369.49512
FDS46,OUT027,2566.1748
DRD24,OUT045,1761.6953
FDV45,OUT017,3274.411
FDL26,OUT045,3752.793
FDA56,OUT018,2269.8198
FDN27,OUT046,1098.1942
FDM20,OUT049,4910.459
FDO16,OUT017,1598.5023
FDL03,OUT035,3531.7415
FDE58,OUT046,1938.7728
FDI02,OUT027,2954.2075
NCC55,OUT019,-27.070189
FDR03,OUT018,3380.2363
FDB14,OUT017,1904.2657
FDR45,OUT013,4667.5264
NCN07,OUT017,1905.8878
FDM51,OUT019,236.82262
FDT52,OUT027,6434.2446
FDL26,OUT046,2770.4934
NCZ42,OUT046,4791.2993
DRI47,OUT019,783.7221
FDW40,OUT013,3088.5776
FDN34,OUT046,3621.35
FDS01,OUT035,2904.9888
NCG55,OUT045,2020.6042
FDC11,OUT035,1520.9795
FDX35,OUT018,3887.3977
NCB06,OUT046,2036.4263
FDR09,OUT019,1439.7175
FDC53,OUT017,2001.1736
FDY45,OUT013,4730.0903
FDA22,OUT010,336.52432
FDE02,OUT035,1961.3894
FDW21,OUT045,1115.7964
FDV34,OUT046,1583.7603
FDS59,OUT049,2124.6763
NCW17,OUT017,2365.6628
NCK54,OUT046,1794.9839
FDG17,OUT019,-345.67932
FDG35,OUT017,3469.703
FDD08,OUT010,60.54491
NCO07,OUT017,4291.259
FDJ10,OUT010,40.35683
FDW36,OUT017,1458.925
FDW21,OUT010,174.0192
FDY19,OUT017,1889.9247
DRE03,OUT013,353.73874
NCC55,OUT049,614.8626
FDH52,OUT010,164.214
FDO09,OUT017,4215.5005
FDU43,OUT045,5147.2427
FDX09,OUT010,851.8588
FDH40,OUT019,240.99344
FDW58,OUT017,1534.8198
FDC47,OUT017,5118.9624
NCR41,OUT035,1608.8728
DRG49,OUT035,4794.0835
FDC52,OUT027,2434.999
FDY13,OUT046,1213.6809
FDY35,OUT013,631.6124
FDI35,OUT017,4861.283
NCU18,OUT049,2483.899
FDY33,OUT018,3445.2751
FDC15,OUT027,4443.6606
FDU01,OUT049,3949.5698
NCU42,OUT046,3201.92
NCV29,OUT018,2972.4255
NCY30,OUT017,3220.7454
FDQ46,OUT049,1793.3922
FDG58,OUT027,2610.9438
FDK33,OUT017,4069.4094
NCD07,OUT045,1045.7968
NCX29,OUT027,4555.2427
NCT42,OUT013,1643.1979
DRN59,OUT035,567.3558
FDI44,OUT035,1270.9169
FDA45,OUT049,1568.8751
FDP31,OUT045,789.5126
FDY01,OUT046,1993.2455
FDT09,OUT018,2373.6516
DRH03,OUT027,1698.9132
FDA36,OUT018,1493.2317
NCF31,OUT017,2149.6985
FDG14,OUT049,3224.3142
FDG28,OUT027,6343.041
FDU14,OUT049,2686.0186
FDY47,OUT019,32.587814
FDI56,OUT049,1612.0397
DRD01,OUT013,850.15607
FDM22,OUT046,1276.3146
FDH33,OUT013,738.85803
DRZ24,OUT013,2376.0452
NCQ38,OUT046,1320.28
FDO16,OUT027,1793.1287
FDU07,OUT027,4341.447
NCB07,OUT013,2681.1
FDU48,OUT045,1898.2523
NCM43,OUT045,2393.0813
FDR31,OUT010,680.9968
DRK49,OUT018,318.25595
NCI30,OUT010,693.3293
DRD60,OUT017,3223.9563
NCG19,OUT046,3508.7456
FDH12,OUT035,1148.7728
FDM32,OUT035,1135.5857
FDM27,OUT035,2002.5885
NCU53,OUT027,3513.8503
NCQ18,OUT046,1878.127
FDS10,OUT013,3054.4214
FDB33,OUT027,5683.6245
FDI12,OUT013,1210.8229
NCW42,OUT013,3216.377
NCC06,OUT018,2708.9226
FDW02,OUT017,2517.9917
NCD43,OUT017,1599.5958
FDM57,OUT018,498.47226
FDA58,OUT017,2776.8257
FDK56,OUT046,3218.5574
FDP52,OUT045,4801.836
FDW20,OUT018,1384.1145
FDS52,OUT049,1667.3829
NCT29,OUT018,1310.8502
NCL54,OUT013,3606.357
FDC05,OUT045,2984.5115
FDF34,OUT035,2503.3462
FDP03,OUT027,3252.4011
FDD32,OUT010,12.541555
FDZ10,OUT045,2016.3849
FDZ40,OUT035,802.4257
FDD51,OUT018,361.05316
NCY30,OUT019,43.095493
FDP58,OUT017,3970.303
FDV49,OUT017,4275.3906
FDY24,OUT019,176.7805
NCO55,OUT017,1894.7239
FDR13,OUT017,2330.653
FDS51,OUT017,802.8167
FDP26,OUT045,1203.4434
NCB54,OUT027,3622.3215
FDF32,OUT017,3990.3977
FDN31,OUT018,1776.0823
DRM48,OUT017,548.0781
FDN20,OUT049,2342.2964
DRL01,OUT046,3246.9446
FDV56,OUT049,1265.7467
DRH13,OUT027,2207.0146
FDA03,OUT017,2080.296
FDF47,OUT027,5708.624
FDX32,OUT046,2199.8206
FDX57,OUT049,1681.8131
NCA30,OUT045,2832.339
FDO49,OUT013,491.67035
FDL04,OUT019,58.63044
DRM48,OUT035,599.4081
FDR16,OUT013,3676.2605
NCC19,OUT018,3111.2761
NCE42,OUT045,1713.6707
FDY24,OUT017,1233.2766
FDH19,OUT049,2199.4248
FDJ46,OUT013,3045.4165
FDN45,OUT010,827.13257
FDY08,OUT035,2715.7422
FDZ37,OUT035,1132.2343
NCT30,OUT045,854.8017
DRY23,OUT018,140.97859
NCZ30,OUT018,2164.104
FDC44,OUT018,1516.912
FDB45,OUT035,1341.2318
FDY04,OUT013,2339.1438
FDM27,OUT046,2839.5916
FDZ43,OUT017,4937.216
FDT39,OUT019,-56.23147
NCC06,OUT019,396.1758
FDL15,OUT027,4988.5493
FDL57,OUT017,6270.693
FDU08,OUT046,1129.6664
FDK40,OUT017,4817.8574
FDQ12,OUT010,1053.0624
FDS48,OUT017,2314.8765
FDP09,OUT045,3893.5908
FDW21,OUT049,1019.40234
FDY25,OUT035,4446.81
DRE13,OUT017,1221.0667
FDV43,OUT019,-65.746796
FDD22,OUT045,2548.5938
FDM46,OUT019,218.97664
NCO30,OUT010,1127.411
FDM25,OUT046,2366.1157
NCN41,OUT049,2062.3743
FDU24,OUT045,1498.3853
FDZ50,OUT046,2899.8223
FDP45,OUT013,5129.6636
NCM54,OUT045,1554.9175
FDW10,OUT019,366.77408
FDP20,OUT017,1740.8171
FDK32,OUT046,2035.9473
FDN52,OUT049,979.20776
FDM58,OUT045,2460.0789
FDZ46,OUT027,3648.7297
NCA18,OUT018,1248.6722
FDD35,OUT046,1558.7417
NCK31,OUT035,787.6415
FDI40,OUT027,4088.697
FDT50,OUT019,175.08401
NCT06,OUT046,2504.7563
FDT31,OUT035,2431.4785
FDT45,OUT049,960.9863
FDT13,OUT045,3517.1238
FDO50,OUT045,1179.7401
NCU18,OUT010,212.25969
NCR54,OUT049,3833.8271
NCO18,OUT018,1828.1389
FDU09,OUT045,878.8101
FDT13,OUT018,1926.5182
FDE09,OUT046,1445.8243
NCK53,OUT019,331.2281
FDG45,OUT049,3501.4102
DRH15,OUT035,743.6983
FDO21,OUT019,516.3874
FDD14,OUT027,5350.3657
FDC09,OUT046,1476.6779
FDH45,OUT027,1386.4194
FDV32,OUT046,1325.5366
FDG12,OUT035,1341.0114
FDS32,OUT013,1993.0834
NCL55,OUT018,4106.9204
DRE01,OUT035,5061.409
DRE15,OUT049,1466.5674
NCL42,OUT045,4903.99
FDP31,OUT013,968.52686
FDN33,OUT018,1399.922
FDZ59,OUT046,3633.9312
FDE45,OUT010,39.36889
FDJ07,OUT013,1019.4363
FDQ45,OUT018,2589.097
FDM33,OUT027,5111.909
FDO15,OUT010,343.29688
FDM46,OUT013,1176.2352
FDR03,OUT045,1776.6228
FDY49,OUT018,1557.5969
FDQ60,OUT045,2563.2922
FDW10,OUT049,2351.4756
FDO51,OUT049,954.31256
FDJ40,OUT018,849.74927
FDS20,OUT018,3137.1868
FDU45,OUT013,3414.6946
FDV02,OUT035,2753.1438
FDN09,OUT046,4484.382
NCM55,OUT027,5353.408
FDN23,OUT018,2908.255
FDY31,OUT010,696.7902
FDW03,OUT010,987.5074
FDD14,OUT046,3452.2427
FDV23,OUT017,1803.3918
DRI03,OUT045,1851.1796
FDN13,OUT035,1167.0717
FDF45,OUT027,2263.9607
FDU46,OUT035,1480.672
FDB57,OUT049,3022.1538
FDV12,OUT049,1980.6864
FDQ58,OUT013,1266.652
NCA18,OUT017,1551.5306
FDH52,OUT049,843.08496
FDM24,OUT018,2053.8975
NCP43,OUT027,4534.1104
NCO18,OUT019,194.927
FDM32,OUT017,1337.1237
NCL07,OUT017,672.7676
FDK03,OUT013,4343.115
FDP59,OUT017,2067.1687
FDQ24,OUT049,3215.7173
FDQ16,OUT018,1747.2002
FDU44,OUT013,2681.4902
FDH28,OUT010,65.45255
FDV28,OUT019,74.40462
FDM22,OUT045,885.0341
FDR56,OUT046,2063.0847
FDV39,OUT049,3288.1536
FDU37,OUT019,330.16183
FDQ11,OUT010,253.64613
FDX02,OUT045,4074.6865
NCS42,OUT018,738.1072
FDY57,OUT027,4039.8372
FDB21,OUT049,4698.08
FDE28,OUT017,3671.8489
FDQ55,OUT017,2492.044
FDA48,OUT049,4103.9243
FDZ19,OUT045,2493.008
NCC43,OUT045,3742.5452
NCV18,OUT046,2210.5115
NCA42,OUT018,2227.9355
FDY45,OUT046,2319.1965
NCC30,OUT045,2180.8083
FDM57,OUT013,1560.2883
FDL09,OUT010,645.5221
FDB09,OUT027,2816.6228
FDT44,OUT035,2030.701
NCT06,OUT027,4461.474
FDX26,OUT049,4454.2295
FDK32,OUT013,2320.3833
DRA12,OUT046,2029.0687
FDO46,OUT010,449.98163
FDE52,OUT013,1368.5088
NCH42,OUT045,4597.01
FDV08,OUT035,851.54565
FDB47,OUT018,2109.0461
FDC28,OUT010,510.8602
FDD22,OUT046,2180.0205
FDS07,OUT027,3023.8164
DRI13,OUT045,3151.7417
FDG32,OUT018,4411.609
FDU14,OUT017,2973.932
FDD28,OUT019,198.08234
NCP41,OUT017,1933.0668
FDS08,OUT049,1809.9689
FDX47,OUT045,1558.1892
FDC53,OUT019,505.51343
FDQ19,OUT035,2523.6301
FDL14,OUT045,1897.1815
FDM33,OUT019,740.4156
FDA51,OUT045,1895.2456
FDZ27,OUT018,750.5624
FDT04,OUT046,592.8535
DRC13,OUT049,1831.5668
FDR16,OUT027,5529.2817
FDQ03,OUT027,4672.0415
FDE38,OUT035,3443.4375
DRH23,OUT027,1875.2858
FDT11,OUT019,365.84595
FDD09,OUT035,2719.3806
FDR40,OUT045,1164.6783
FDX07,OUT017,3059.802
FDR07,OUT035,1611.5111
FDA51,OUT017,2150.3757
FDT59,OUT019,958.7715
FDF20,OUT017,3057.1377
FDR13,OUT045,2309.6873
FDY26,OUT049,3258.5676
FDW04,OUT017,1146.1738
FDK52,OUT017,4386.948
FDN60,OUT049,3369.6604
FDM09,OUT019,327.85858
FDP46,OUT049,1644.7236
FDB50,OUT019,340.94296
NCQ29,OUT049,2768.9924
FDP16,OUT027,5801.404
FDX33,OUT018,1915.7957
FDP07,OUT010,709.92566
FDN22,OUT046,3583.1724
FDF39,OUT049,2620.8093
FDS21,OUT017,827.5008
NCM42,OUT013,1427.1365
FDK50,OUT019,638.03485
DRF13,OUT027,3895.612
FDH35,OUT018,2396.915
FDP60,OUT018,1076.5967
DRJ49,OUT027,2881.2515
NCT42,OUT019,286.23154
FDE38,OUT049,3084.1736
FDI04,OUT049,4328.2656
NCH54,OUT045,2775.4075
FDT56,OUT049,521.02844
DRD15,OUT018,3435.5378
FDV58,OUT013,2353.1313
FDP21,OUT049,3514.208
FDH05,OUT013,3020.9465
FDR10,OUT027,3882.4827
NCP06,OUT045,1980.2512
FDF33,OUT049,1727.6365
DRK37,OUT013,3300.7112
DRH49,OUT045,1566.8077
FDT58,OUT013,1863.0472
FDD41,OUT018,1374.9183
FDP40,OUT018,1596.2009
FDM51,OUT027,2938.4624
FDO45,OUT010,100.463455
FDW33,OUT010,328.1356
FDY24,OUT045,1150.2452
FDB10,OUT010,-233.12021
FDM40,OUT035,2199.016
NCI06,OUT017,3994.166
FDW12,OUT019,650.88965
FDX48,OUT027,3909.0886
NCW05,OUT027,3046.0515
FDX27,OUT017,1660.5267
DRM37,OUT045,5247.751
FDA38,OUT045,3430.6038
FDR36,OUT046,939.7609
FDZ45,OUT046,3449.076
FDG05,OUT017,2512.0686
FDK28,OUT013,5666.8965
FDV47,OUT045,1410.3457
FDN21,OUT045,1546.8496
FDP20,OUT027,3502.153
FDI35,OUT045,4942.6816
DRY23,OUT013,688.8723
FDA56,OUT017,1980.4036
FDB09,OUT013,1340.2477
NCO26,OUT027,2992.0115
FDQ49,OUT018,2536.18
FDI52,OUT027,3699.5198
FDZ44,OUT027,3109.5947
FDZ09,OUT018,3285.2217
FDY03,OUT049,1844.0641
NCG42,OUT017,2163.9116
DRI13,OUT027,7568.17
FDQ32,OUT013,2105.49
FDW16,OUT035,1652.2137
FDU27,OUT046,568.4364
FDR28,OUT010,613.8011
FDQ49,OUT010,559.18646
FDS37,OUT046,1603.6643
FDW26,OUT018,3936.3083
FDX12,OUT018,2855.3481
NCP06,OUT013,1828.1484
FDW45,OUT010,148.05896
NCN30,OUT049,1457.7802
FDN24,OUT049,926.04645
NCL41,OUT027,1686.3531
FDR02,OUT019,303.0251
FDD09,OUT010,1170.465
FDS33,OUT010,48.84211
FDU22,OUT045,2449.491
FDI53,OUT013,2213.472
DRH01,OUT049,2802.621
FDX32,OUT013,2167.736
NCP30,OUT018,716.88495
FDB60,OUT045,2936.7095
FDB14,OUT049,1301.9698
NCP02,OUT035,734.2718
FDJ10,OUT017,1475.7617
FDG34,OUT046,1923.4294
NCB18,OUT017,1471.9875
FDM16,OUT049,884.79193
FDW25,OUT018,1083.7764
FDB35,OUT010,395.89697
DRN11,OUT013,2086.6128
FDF41,OUT019,303.97192
FDH16,OUT045,1103.7449
NCQ50,OUT018,4119.285
DRH23,OUT018,435.42526
DRJ37,OUT013,1808.0028
DRJ24,OUT027,5635.1074
FDY16,OUT035,2979.5168
FDQ27,OUT045,2091.5544
FDZ33,OUT045,1364.9631
FDF29,OUT045,2243.6697
FDA08,OUT049,2454.7312
FDG31,OUT046,1067.887
FDE34,OUT019,523.912
NCR30,OUT027,1902.8015
FDV33,OUT035,4114.1567
DRZ24,OUT018,2396.4802
NCL54,OUT035,3058.0488
FDR12,OUT049,2145.418
NCC54,OUT046,4308.3467
DRN59,OUT013,699.179
FDX50,OUT019,189.70921
FDV31,OUT027,3697.8442
NCA29,OUT027,4213.167
FDW60,OUT049,2894.8484
FDX08,OUT017,3890.9578
DRD49,OUT013,3786.1677
FDD33,OUT046,3708.091
FDW35,OUT013,615.8311
FDJ36,OUT017,1463.7231
FDV51,OUT035,3069.9124
FDW36,OUT046,1993.2708
FDH35,OUT046,2275.2236
NCS30,OUT027,3439.7656
FDN49,OUT017,599.609
FDL08,OUT018,3252.7195
FDI09,OUT013,4091.7363
FDP19,OUT018,1511.8702
FDU21,OUT010,2.949476
NCP41,OUT045,1412.3232
FDY10,OUT013,1671.789
FDP12,OUT018,497.2049
NCN26,OUT049,2417.8953
FDK44,OUT013,1973.0483
FDC28,OUT049,1603.6416
FDJ41,OUT027,6642.309
NCT29,OUT035,1965.4982
NCH42,OUT019,451.2619
FDU60,OUT018,2527.0
FDS02,OUT045,3353.6487
FDC51,OUT046,2079.2244
FDU03,OUT013,2843.1692
FDX39,OUT045,4228.335
NCY05,OUT010,-140.68118
NCL06,OUT027,6419.21
FDD32,OUT035,1556.4683
NCN41,OUT045,1906.7737
NCX53,OUT049,2068.591
FDU57,OUT019,251.61298
FDQ23,OUT046,2338.0344
FDQ52,OUT045,6362.2476
FDC14,OUT045,446.13602
FDY09,OUT035,3834.3584
FDQ28,OUT045,2601.4724
FDV25,OUT046,5524.816
FDJ07,OUT035,1584.1156
DRB25,OUT049,1446.6127
FDK52,OUT019,1308.5563
FDY52,OUT027,1693.0364
FDB28,OUT046,2499.3533
FDT36,OUT035,71.42602
FDV25,OUT017,5788.849
NCN07,OUT027,2958.5623
FDC57,OUT017,3568.5217
FDQ03,OUT018,2516.7126
FDU23,OUT017,2709.8767
NCX41,OUT035,3360.4038
NCD06,OUT035,1073.3715
FDW08,OUT045,1605.9203
NCU29,OUT017,2733.0369
NCE06,OUT013,2032.7291
FDV52,OUT010,421.8296
FDB02,OUT017,3651.5667
NCR18,OUT045,424.04807
FDK16,OUT049,1368.2955
NCQ29,OUT010,555.50684
FDZ01,OUT019,332.89215
FDW27,OUT035,2320.5
FDD17,OUT018,3581.813
FDW39,OUT013,3155.2446
DRH59,OUT045,1172.8412
FDS52,OUT013,1768.3779
FDU40,OUT027,6471.637
NCF54,OUT013,2529.383
FDH46,OUT045,1295.2684
NCP14,OUT049,2301.1902
FDH50,OUT049,3974.7354
DRF15,OUT010,204.00018
FDV27,OUT027,2180.7825
NCJ06,OUT049,2126.0764
FDN02,OUT018,2914.6948
FDQ51,OUT049,653.3686
FDQ07,OUT017,4364.184
FDS45,OUT049,2121.9446
NCJ06,OUT045,1893.1503
FDD36,OUT035,1567.1122
FDY25,OUT045,3972.1738
FDU52,OUT046,2189.6575
DRK47,OUT017,3397.365
NCL30,OUT017,1263.3752
FDN22,OUT035,2909.5525
NCF30,OUT027,3889.9192
FDK03,OUT035,5670.1787
FDT45,OUT017,973.0872
NCC54,OUT027,6242.223
FDP08,OUT018,3525.9485
FDU44,OUT046,3085.8271
DRG39,OUT035,276.42172
FDU32,OUT049,1733.545
FDY27,OUT049,3067.0615
NCP54,OUT013,1946.763
NCZ41,OUT049,1816.4824
DRL49,OUT013,1431.6509
FDI05,OUT018,974.94946
FDY56,OUT045,4589.36
DRC13,OUT013,1637.9615
NCV29,OUT017,3058.0015
FDR24,OUT049,1360.134
FDZ34,OUT018,1597.5094
FDP37,OUT035,2897.544
FDX08,OUT027,4099.5444
FDS57,OUT045,1687.4087
NCG18,OUT049,2198.3877
FDK25,OUT018,2516.3757
FDH53,OUT049,1761.5526
DRI59,OUT018,3173.2507
FDA52,OUT046,3514.7207
FDT20,OUT010,114.33513
FDE36,OUT019,51.15199
FDI24,OUT017,3353.4082
FDB28,OUT018,3125.2415
FDV11,OUT017,2662.8032
FDP01,OUT046,1733.7361
FDD34,OUT027,3410.1907
FDJ50,OUT027,1338.7926
FDZ44,OUT013,1259.4243
DRO59,OUT035,1362.043
DRB48,OUT045,598.3154
FDR21,OUT018,2883.4668
NCE42,OUT010,137.35312
FDO23,OUT046,1853.7721
NCE30,OUT018,2413.9617
FDQ22,OUT035,684.4251
FDY01,OUT045,1715.4329
FDS08,OUT017,1972.3999
FDG28,OUT018,3006.7754
FDQ51,OUT018,530.30725
FDB05,OUT017,4677.7183
FDO56,OUT049,1553.874
FDE02,OUT018,1514.0486
FDN45,OUT017,3369.3503
FDS09,OUT013,691.31744
NCA54,OUT018,2430.9248
FDP09,OUT010,331.82114
FDC53,OUT045,1510.2765
NCM55,OUT017,4001.231
FDL09,OUT018,2442.4668
FDA11,OUT019,148.83928
FDA50,OUT045,1454.604
FDC23,OUT017,3661.409
FDE22,OUT049,3200.4775
FDD23,OUT046,4057.5518
NCA29,OUT049,3482.4158
FDK38,OUT046,1821.2979
DRC13,OUT046,1562.9404
NCP43,OUT049,2885.2246
FDX28,OUT049,1142.3762
FDF08,OUT049,1392.3785
FDZ33,OUT046,1873.7112
FDD10,OUT049,1050.3823
FDO58,OUT017,2725.3372
FDI50,OUT017,3606.3528
FDO58,OUT045,2402.6743
FDX08,OUT013,3617.341
NCK17,OUT010,86.70962
FDF39,OUT035,5556.9175
FDU45,OUT010,911.4151
NCJ18,OUT018,1644.2797
DRC27,OUT019,825.4042
DRC25,OUT035,1446.4138
FDU59,OUT035,2254.542
FDU28,OUT035,3209.6316
NCP30,OUT046,533.23285
FDB39,OUT018,1168.4377
FDE41,OUT013,1230.3553
DRH11,OUT010,39.284496
FDA58,OUT045,2005.2952
FDU50,OUT046,2267.8318
FDM34,OUT013,1365.365
FDM44,OUT027,2653.8784
FDR39,OUT045,2731.7031
FDM25,OUT045,2519.517
FDQ49,OUT049,1644.1857
DRH25,OUT018,725.2885
FDM09,OUT027,3090.6562
FDL44,OUT019,663.9377
NCR42,OUT018,246.37796
DRL59,OUT046,786.5888
FDX43,OUT013,2091.2397
DRK47,OUT010,1147.4983
FDU48,OUT018,1164.8208
FDY12,OUT045,634.86786
NCN43,OUT018,1639.337
NCM55,OUT018,2632.963
FDQ21,OUT027,3474.0322
FDX13,OUT035,5164.211
NCK30,OUT027,5607.4644
FDG20,OUT049,1790.0742
DRG27,OUT017,1048.7786
FDY14,OUT018,4453.8877
FDP59,OUT035,1759.2097
FDU60,OUT017,2333.6836
NCC18,OUT019,411.01123
DRJ39,OUT017,2295.5254
FDS07,OUT049,1710.5586
FDM08,OUT027,4051.2886
FDP51,OUT045,2032.227
FDU16,OUT035,1752.4951
FDH12,OUT013,1735.1573
DRE48,OUT010,708.5787
NCL42,OUT027,4280.77
FDR21,OUT045,2837.4858
NCW29,OUT035,2694.1973
FDO11,OUT013,4476.7993
NCM31,OUT049,2967.7725
FDV35,OUT019,582.9996
FDF58,OUT017,904.2785
NCE43,OUT049,3625.716
FDA02,OUT035,2562.0007
DRL37,OUT010,151.8485
FDR24,OUT018,1479.613
FDW59,OUT049,1303.194
FDS22,OUT049,430.23953
FDW24,OUT017,688.7453
FDU24,OUT035,2200.2312
FDA21,OUT027,4569.097
FDH58,OUT027,2776.3672
FDW36,OUT018,1351.9398
FDI45,OUT027,4483.0537
FDU01,OUT018,2540.2368
FDF35,OUT027,3043.238
FDU43,OUT019,967.8872
FDE24,OUT019,664.45886
FDK50,OUT049,2993.1533
FDG31,OUT045,615.123
FDC60,OUT045,1768.1676
FDL36,OUT013,1998.0997
FDP21,OUT013,3677.2864
FDW16,OUT045,1573.5808
FDX02,OUT017,3889.1536
FDQ58,OUT027,3424.484
FDT51,OUT046,1877.5979
FDD59,OUT049,1009.95667
NCM42,OUT018,1596.1522
FDA57,OUT018,830.16516
FDZ48,OUT035,1400.3961
FDE46,OUT045,1925.6608
NCZ30,OUT019,462.95108
FDB56,OUT017,3137.3965
FDA25,OUT027,2793.768
FDD20,OUT013,1916.1501
FDL25,OUT013,1026.8297
NCO18,OUT049,2859.5618
FDJ45,OUT017,21.081837
FDR12,OUT035,2344.082
NCF19,OUT010,64.83029
FDK25,OUT046,3225.0574
NCR17,OUT046,2184.5825
FDC52,OUT046,2609.7332
NCA54,OUT017,3850.3594
FDR45,OUT010,420.95877
NCM19,OUT049,2390.2917
FDF39,OUT027,6062.081
FDX23,OUT049,1264.5099
FDD58,OUT027,3127.8013
FDX28,OUT013,2147.688
NCD31,OUT013,3121.016
FDU57,OUT018,2105.617
FDI27,OUT046,789.7202
NCM42,OUT046,1214.6216
FDD32,OUT027,2049.8057
FDI34,OUT013,3722.0488
NCM29,OUT049,1740.003
FDG46,OUT018,1801.5251
DRC01,OUT010,279.09473
FDB15,OUT027,6853.936
NCA17,OUT027,4778.2656
FDF10,OUT046,2951.858
FDR26,OUT027,3067.9343
FDI02,OUT049,1683.7898
NCM54,OUT010,258.099
FDF14,OUT013,1745.2849
FDJ33,OUT010,340.13913
FDM20,OUT035,5972.6426
FDC03,OUT027,5988.118
NCX05,OUT046,2109.3223
NCM41,OUT027,2863.1218
NCU29,OUT010,182.7653
FDQ59,OUT017,1091.4183
FDH46,OUT010,303.8777
FDH09,OUT013,747.733
NCD06,OUT045,853.0643
FDC15,OUT035,2726.493
DRD37,OUT027,1027.6157
FDT28,OUT027,3291.0159
FDR28,OUT027,3289.628
FDT38,OUT017,1284.7803
FDV34,OUT027,1631.0897
FDY52,OUT035,980.0733
FDB34,OUT013,1877.5416
DRL23,OUT018,1092.1343
DRB24,OUT046,1902.4039
FDJ50,OUT046,878.42126
FDQ49,OUT035,2481.4492
FDP20,OUT035,1856.4272
FDV19,OUT027,3291.2156
NCR54,OUT045,2253.0051
FDO09,OUT010,626.54315
FDS57,OUT018,1521.5709
FDN10,OUT049,1741.6403
FDV23,OUT049,1699.5994
FDY28,OUT049,3700.9883
DRG51,OUT013,2398.7693
FDD45,OUT019,226.46967
NCL18,OUT027,6663.1226
NCM29,OUT013,1792.3005
FDF17,OUT027,5751.738
FDE22,OUT017,2853.9465
FDQ22,OUT017,407.954
FDS01,OUT013,2440.3662
FDW35,OUT027,801.83136
FDJ33,OUT046,2080.673
NCF54,OUT035,2987.1035
FDE09,OUT013,765.99884
NCE06,OUT045,2420.7302
DRH49,OUT049,1324.9933
FDY43,OUT045,2092.5203
NCT05,OUT017,4182.766
FDZ34,OUT045,4451.7314
FDL38,OUT017,1697.9407
FDZ31,OUT017,4285.8623
FDR14,OUT035,1065.6406
NCN54,OUT049,1428.1451
NCC42,OUT027,2818.4636
FDK08,OUT017,1751.2981
FDP59,OUT013,2111.6892
FDV22,OUT035,3034.685
FDD33,OUT035,3641.0022
DRE60,OUT027,6920.4004
FDK52,OUT046,3589.553
FDA02,OUT017,1760.6514
FDM56,OUT049,1128.3783
FDE57,OUT035,2366.685
FDM32,OUT045,1149.7048
NCQ30,OUT027,2821.0386
FDQ27,OUT027,2915.7993
FDT60,OUT027,2831.0288
FDU43,OUT049,4788.3735
NCO55,OUT035,2175.7756
FDG02,OUT045,1550.4492
FDJ28,OUT013,2982.5513
FDP40,OUT045,1488.9567
FDJ38,OUT045,3216.406
NCC54,OUT017,3310.3916
NCZ41,OUT046,1660.0868
FDK38,OUT019,310.91107
FDU52,OUT013,1522.7572
FDC40,OUT046,1167.0105
NCR30,OUT017,1074.7109
NCN18,OUT017,2167.419
FDB50,OUT035,1356.6757
FDG04,OUT013,3778.0532
FDR26,OUT035,2410.025
NCT17,OUT018,2743.9846
FDX35,OUT027,6011.995
FDS12,OUT046,2610.2786
NCZ29,OUT027,3668.4214
FDB38,OUT010,374.74686
FDP12,OUT013,603.0772
FDP22,OUT046,831.49005
FDS26,OUT018,3344.1033
FDR52,OUT046,3108.733
DRJ13,OUT046,2412.0574
FDU48,OUT027,3096.117
FDE29,OUT035,848.6526
NCT29,OUT049,1789.4813
DRK37,OUT018,4397.951
FDK55,OUT046,911.81726
FDR07,OUT046,1637.9243
FDO21,OUT027,4327.284
FDK46,OUT049,5165.6655
FDB12,OUT045,1231.9401
FDT31,OUT027,5413.087
FDJ33,OUT045,1737.2784
FDC26,OUT027,2728.4646
NCQ02,OUT045,2044.7007
FDP08,OUT010,882.2781
FDB11,OUT027,6470.6465
FDV55,OUT013,1615.1082
FDW20,OUT049,2356.9597
NCJ18,OUT019,568.7657
FDC41,OUT018,812.9405
FDE14,OUT027,2543.2673
FDG35,OUT013,2553.5435
FDF45,OUT035,728.622
FDS19,OUT027,1890.7445
FDS58,OUT019,503.1993
FDA26,OUT017,5508.1025
FDM32,OUT049,1387.993
FDL45,OUT046,2769.4844
FDZ55,OUT049,2770.48
FDY37,OUT049,2304.6165
FDO46,OUT046,3024.768
FDQ60,OUT046,3689.9448
FDA19,OUT018,1481.1543
FDL15,OUT046,2036.5868
FDM10,OUT018,1350.3245
NCL05,OUT017,717.91656
DRK49,OUT010,195.21034
NCE18,OUT027,5660.2593
FDG40,OUT049,697.8888
DRI59,OUT045,3773.0012
FDK28,OUT035,6150.4067
NCD06,OUT019,136.38113
FDO11,OUT019,776.6737
FDK27,OUT046,1712.978
FDT43,OUT027,1865.7687
FDD38,OUT018,1507.0455
FDA16,OUT049,4264.834
FDL14,OUT027,4032.7253
NCM17,OUT049,760.735
FDD20,OUT045,1039.644
FDA40,OUT045,1356.0582
FDL43,OUT045,818.89777
FDV15,OUT045,2421.058
FDE52,OUT046,1313.2462
NCL17,OUT010,661.63153
NCJ31,OUT045,3960.2585
FDR60,OUT045,826.1803
NCA18,OUT035,1372.1764
FDS21,OUT027,1353.196
FDW09,OUT035,1173.6823
FDL26,OUT035,3153.3508
FDS47,OUT018,1137.036
FDC39,OUT046,3260.108
FDT51,OUT035,2023.8875
FDK40,OUT035,4899.537
NCG19,OUT045,3309.2507
FDZ07,OUT046,970.0296
FDF08,OUT027,2032.5448
FDO04,OUT013,740.08307
FDK41,OUT018,826.976
FDP15,OUT049,4207.6313
NCD43,OUT018,1565.5472
NCP18,OUT013,1760.7952
FDZ51,OUT046,1783.5464
DRH13,OUT035,1499.3151
FDF38,OUT045,670.3829
NCI43,OUT045,707.21783
FDM38,OUT027,2150.2588
FDS03,OUT013,1553.9539
DRJ47,OUT017,2659.9834
FDT50,OUT010,182.62126
FDV02,OUT046,3391.0378
NCG18,OUT017,2001.9291
FDW52,OUT046,2693.2114
FDS40,OUT035,216.7404
FDN31,OUT017,3167.5176
FDA37,OUT045,1226.7405
FDA15,OUT046,5677.1045
FDL39,OUT046,1914.8859
FDJ53,OUT045,1464.3671
FDX22,OUT013,3118.687
NCZ42,OUT045,4304.927
FDD56,OUT027,4059.7766
FDD40,OUT017,3669.9585
FDS50,OUT013,4854.1294
NCN14,OUT013,3698.0696
FDT15,OUT013,3400.3567
NCS18,OUT027,3445.5767
NCO26,OUT010,609.52344
FDF58,OUT018,1147.1968
NCB19,OUT013,1573.8896
FDH26,OUT017,2259.3762
DRB24,OUT027,5435.427
FDA49,OUT018,1185.504
FDB32,OUT045,1562.4441
FDI36,OUT017,2955.1978
NCA17,OUT010,774.9671
FDH22,OUT013,2191.878
NCM26,OUT018,3097.387
FDT15,OUT027,5305.5845
FDB16,OUT018,1009.5833
NCP54,OUT027,3001.0442
FDJ36,OUT013,1626.821
FDO28,OUT045,2097.0989
FDU09,OUT013,526.57117
FDF29,OUT017,2424.7703
FDY08,OUT013,1865.4644
DRJ59,OUT018,-155.54395
FDT23,OUT027,2304.6567
FDU15,OUT018,577.5108
FDT47,OUT013,2090.8992
FDI53,OUT019,372.26694
FDR59,OUT018,4532.123
FDD53,OUT035,645.75446
FDY51,OUT017,3028.7217
FDT04,OUT049,510.3929
FDU51,OUT049,3538.8733
FDG14,OUT035,3529.0251
NCU06,OUT045,4832.7104
DRG25,OUT046,2829.3052
DRH49,OUT035,1211.7335
FDN15,OUT035,1045.9574
FDL43,OUT018,941.60944
NCT18,OUT049,4451.3467
NCB31,OUT013,3773.5032
FDK57,OUT035,3093.5896
FDY04,OUT019,400.86746
NCP54,OUT046,1856.5806
FDF41,OUT013,2688.1223
FDM01,OUT045,651.7543
FDW03,OUT045,2213.502
FDF28,OUT045,1398.0696
FDY37,OUT017,2767.7842
FDQ03,OUT017,2653.6777
FDP51,OUT027,3780.1265
FDJ40,OUT017,1483.0859
FDC32,OUT049,982.0562
DRI49,OUT027,1975.5729
NCW54,OUT017,767.04663
FDF09,OUT017,705.51044
FDP45,OUT018,2418.362
DRJ23,OUT018,2791.6558
FDS59,OUT017,2416.512
FDY08,OUT046,1995.269
FDX16,OUT049,2025.2501
FDY16,OUT018,3248.056
FDK32,OUT035,2912.0708
FDQ22,OUT013,856.1221
NCC31,OUT018,1819.6597
FDG58,OUT049,2095.4192
DRF48,OUT013,2855.8855
DRH36,OUT049,1380.0463
NCR30,OUT035,1206.4219
FDB03,OUT019,588.451
FDZ28,OUT027,4136.5576
FDR35,OUT017,4002.5454
DRD15,OUT027,6222.1675
FDJ33,OUT019,165.69795
FDA56,OUT010,158.21667
FDP56,OUT046,771.752
NCT30,OUT046,857.3422
FDK15,OUT017,1420.9993
FDH44,OUT018,1823.5144
FDV01,OUT013,2071.867
DRG03,OUT017,1780.4314
FDG50,OUT027,2170.4077
FDR16,OUT010,548.36127
FDZ60,OUT046,1535.5437
DRG03,OUT045,2039.1031
FDS56,OUT018,4596.5176
FDU33,OUT045,727.8467
DRD27,OUT035,1634.1223
FDW22,OUT046,4289.8354
DRA24,OUT045,3167.644
FDF38,OUT049,521.06866
FDX48,OUT013,2042.451
FDS58,OUT018,2203.722
FDC32,OUT046,676.9393
NCQ29,OUT045,3014.038
DRK39,OUT018,921.3409
NCS38,OUT017,2082.0518
DRO47,OUT013,2116.359
DRG27,OUT027,1170.8528
FDC57,OUT027,3972.1104
FDS55,OUT046,3324.3484
NCJ06,OUT018,1738.9502
FDO01,OUT019,173.62515
NCM55,OUT045,2755.1738
FDC52,OUT049,3192.4094
FDQ15,OUT045,1645.4755
NCT30,OUT027,1276.0306
NCR42,OUT027,949.6165
FDD28,OUT035,496.21017
FDQ34,OUT049,1391.4403
FDZ12,OUT027,3234.911
DRE13,OUT019,136.8321
NCN07,OUT019,576.7141
FDM28,OUT035,2767.3633
FDI10,OUT017,3244.8032
FDQ25,OUT013,1560.2169
FDA38,OUT010,761.6362
DRI13,OUT049,3836.2737
FDY20,OUT027,2462.1985
NCZ53,OUT035,3889.242
NCM31,OUT013,4132.573
DRB01,OUT017,2578.115
DRF37,OUT046,4851.4004
NCF42,OUT049,3239.1199
FDF16,OUT018,2123.5325
FDB41,OUT013,782.86975
FDR34,OUT013,4536.313
FDR15,OUT018,1755.247
NCV42,OUT019,248.35934
FDW51,OUT035,3616.3403
FDU36,OUT017,1685.7814
FDX60,OUT049,831.4844
FDY03,OUT035,1819.0245
FDW55,OUT045,3622.3445
FDT01,OUT010,49.61264
FDG58,OUT013,1908.1057
FDK21,OUT017,4390.821
NCS41,OUT019,92.174545
FDS10,OUT045,2322.5432
NCT53,OUT046,2820.4133
FDJ28,OUT018,1817.5858
FDX44,OUT045,939.08704
FDT20,OUT018,437.9138
FDO44,OUT017,1630.8965
NCX17,OUT049,2490.448
FDY01,OUT017,2376.182
FDJ12,OUT027,5380.0493
DRK35,OUT018,282.47275
FDD47,OUT019,313.81485
NCM53,OUT035,1315.7303
FDO45,OUT013,1631.6052
NCM42,OUT010,159.59251
FDE04,OUT046,2511.6458
NCI30,OUT027,6185.4077
FDZ19,OUT013,2731.2185
FDW57,OUT013,3775.9966
FDA25,OUT013,1470.097
FDT22,OUT046,848.09875
FDP51,OUT013,2686.4456
FDD48,OUT027,2352.296
FDY39,OUT035,4108.539
FDO48,OUT010,543.99854
FDD23,OUT027,5270.6807
DRN35,OUT027,1242.4368
FDT01,OUT035,3711.6035
FDC20,OUT010,63.18539
DRJ35,OUT035,895.1185
FDB32,OUT046,1620.083
FDL24,OUT046,3943.104
NCV42,OUT035,2044.1428
FDZ46,OUT046,1842.3896
FDC15,OUT013,1929.056
FDD08,OUT019,41.456367
FDY50,OUT049,630.4787
FDD36,OUT013,1897.1343
FDG57,OUT027,1248.546
FDL21,OUT018,440.7695
FDN16,OUT027,3499.3835
FDJ09,OUT027,1389.1095
FDS01,OUT010,250.07773
FDV33,OUT017,4455.091
DRE12,OUT017,1379.6422
FDR07,OUT013,1702.7288
FDP48,OUT010,490.84906
NCB55,OUT035,776.3583
FDQ08,OUT013,1061.1754
FDR34,OUT035,6711.282
FDO33,OUT046,1835.4377
FDP13,OUT045,723.55804
FDX12,OUT049,3878.5598
NCT06,OUT049,3428.4907
FDR16,OUT019,-186.67853
FDE36,OUT046,3210.9011
FDZ36,OUT049,4872.168
FDV13,OUT045,1781.509
NCZ17,OUT035,738.21655
FDU56,OUT045,2375.8994
FDM09,OUT035,2741.3752
FDV02,OUT017,2979.3762
FDS34,OUT018,1080.7852
FDA11,OUT049,1225.3112
FDP09,OUT017,4899.0464
FDB29,OUT027,3329.1177
FDT19,OUT017,2698.0828
DRH15,OUT017,830.2638
FDY38,OUT046,4528.4346
FDF14,OUT027,3443.4182
FDN48,OUT010,358.86264
FDQ12,OUT013,3635.3853
NCJ43,OUT045,2874.1416
FDE17,OUT019,78.20111
FDB05,OUT035,5008.8965
FDH10,OUT045,1502.9338
NCR06,OUT017,834.7414
FDU32,OUT018,1599.1357
FDD56,OUT049,2073.337
FDO36,OUT018,3081.3525
FDH16,OUT010,381.03445
FDX10,OUT018,436.22012
FDZ37,OUT017,1119.7421
FDU31,OUT010,466.04105
DRC49,OUT049,1779.522
FDL15,OUT045,2768.9749
FDN32,OUT019,-6.4326534
DRH59,OUT027,1937.9061
NCU29,OUT049,2371.1182
FDR37,OUT019,947.67017
FDS14,OUT018,2577.1462
FDU02,OUT027,6354.659
FDJ08,OUT035,3374.606
NCZ06,OUT045,3505.0764
FDO31,OUT049,1325.1621
FDH31,OUT018,1076.9336
FDS58,OUT017,2683.4521
NCA53,OUT027,1525.4891
FDF50,OUT046,2772.7803
NCW42,OUT049,3614.744
NCQ17,OUT045,2492.1917
FDK51,OUT018,2527.8572
NCW41,OUT010,456.58707
NCR29,OUT017,811.3339
FDB08,OUT019,488.35083
FDA40,OUT027,2572.3003
FDL14,OUT018,2227.2637
FDB47,OUT046,3206.1943
FDO03,OUT035,4778.4355
DRK13,OUT019,372.265
FDX13,OUT010,909.5835
FDF52,OUT046,3419.0552
FDT11,OUT013,2728.5156
FDB08,OUT013,2675.4592
FDQ28,OUT018,2005.3693
FDD29,OUT045,5094.479
NCQ29,OUT027,6792.604
NCO02,OUT013,1030.9937
FDR56,OUT010,593.03046
NCM54,OUT049,1997.9055
FDP51,OUT035,2434.5422
FDT38,OUT013,1202.3837
FDZ20,OUT018,2639.9094
FDJ53,OUT013,1407.1755
FDX13,OUT049,3672.3586
FDP58,OUT035,5407.3213
NCK31,OUT019,156.28851
FDA35,OUT018,944.9474
FDV37,OUT018,2536.0708
NCO07,OUT027,4830.8906
FDA20,OUT045,1948.4716
FDZ59,OUT035,2763.0994
NCY17,OUT017,720.2633
FDQ28,OUT035,3652.7896
FDV35,OUT017,2105.89
FDQ36,OUT013,537.7627
FDD34,OUT018,2871.8284
FDK51,OUT045,3392.2136
FDV31,OUT035,2085.3164
FDR04,OUT035,1629.2275
FDR14,OUT049,614.6179
DRC36,OUT010,464.02167
FDE39,OUT019,39.078896
FDP57,OUT049,1833.4148
FDE57,OUT046,2269.6648
NCN18,OUT046,2974.0127
NCQ05,OUT018,2770.3792
FDW47,OUT035,1857.1914
FDV46,OUT035,2060.3118
NCP29,OUT045,893.6774
FDE09,OUT018,1250.1307
NCU06,OUT027,6678.409
FDT19,OUT010,629.45996
DRF15,OUT017,1596.8492
DRI51,OUT013,2932.71
NCX54,OUT013,1732.5781
DRE01,OUT013,4620.8013
NCB07,OUT045,2383.698
FDU50,OUT035,2197.0989
FDG40,OUT035,483.99738
FDW10,OUT018,3520.02
FDX51,OUT013,2332.2874
NCP17,OUT045,1124.422
FDP21,OUT035,3957.3682
FDL04,OUT045,1445.5098
FDV23,OUT013,1751.5569
FDF24,OUT046,1243.6436
FDH56,OUT027,3429.2046
FDB51,OUT049,770.3404
FDI58,OUT027,3638.776
FDR20,OUT013,647.76605
FDC51,OUT018,1750.2821
FDB16,OUT027,1992.0425
FDE40,OUT049,931.80634
NCM17,OUT035,984.5967
FDU56,OUT035,2975.592
FDS32,OUT019,551.7596
FDX02,OUT049,2931.2827
FDT39,OUT027,3729.6313
FDE35,OUT017,916.1627
NCI42,OUT019,836.93866
DRL23,OUT046,1881.7227
FDA10,OUT046,2183.6406
FDA11,OUT013,1475.9733
NCM06,OUT046,2128.3945
NCT05,OUT035,5071.8867
NCQ02,OUT010,-474.10162
NCY06,OUT049,2786.638
FDY56,OUT035,4671.3794
FDL02,OUT035,2749.901
NCI06,OUT035,3555.2444
FDQ14,OUT045,2209.331
FDQ12,OUT017,3184.0457
FDP36,OUT046,1264.5331
FDK21,OUT027,5150.9604
FDO40,OUT045,2418.1775
NCK54,OUT019,330.44254
FDY09,OUT018,3037.3008
NCW30,OUT049,4134.206
NCC55,OUT027,661.0907
FDE58,OUT018,2211.183
FDR39,OUT013,3828.7449
FDU28,OUT049,3229.9744
FDH08,OUT017,3315.4146
FDG35,OUT045,2721.021
FDG22,OUT049,710.1658
FDC34,OUT035,3601.2324
FDP15,OUT018,4318.445
FDK34,OUT010,-0.88106734
FDU45,OUT035,2687.1226
FDQ04,OUT027,632.7199
FDX22,OUT018,2139.1426
FDB45,OUT017,1441.5935
NCH43,OUT027,4175.4717
DRE60,OUT046,3583.6328
FDD17,OUT027,6655.5063
NCM54,OUT017,1750.9103
NCH55,OUT013,1504.9624
NCT06,OUT017,2981.6885
FDA48,OUT027,5914.2153
FDY58,OUT027,6551.152
FDO25,OUT045,4148.272
FDN50,OUT045,1997.8452
FDH35,OUT035,2847.6536
FDK09,OUT045,3399.8003
FDO16,OUT013,1341.2776
FDW11,OUT045,1146.972
FDU47,OUT027,4096.754
NCQ42,OUT010,-175.39949
FDK55,OUT027,2801.9
FDN08,OUT049,2057.0352
FDT57,OUT045,2775.047
FDJ12,OUT018,3434.2854
DRL59,OUT017,686.72345
NCN53,OUT046,764.7191
FDO51,OUT010,242.62871
FDK56,OUT017,3690.7415
FDY12,OUT035,678.52954
FDU15,OUT035,944.6053
FDQ19,OUT046,2270.2898
DRF15,OUT045,1956.065
DRE25,OUT019,259.76843
FDK57,OUT018,2449.7832
FDD33,OUT010,891.80695
FDR34,OUT027,5116.5327
FDU04,OUT045,1272.9564
FDE35,OUT019,150.57388
NCD31,OUT035,3565.652
FDJ56,OUT035,2786.4607
NCU53,OUT046,2185.9202
FDD39,OUT035,3962.731
NCU17,OUT019,102.650154
FDJ20,OUT046,1825.4918
NCW41,OUT018,2098.8481
FDL52,OUT035,573.7623
FDS39,OUT035,2770.4294
DRJ47,OUT045,2640.9634
FDP13,OUT010,3.322559
DRK39,OUT010,224.08905
FDF28,OUT010,82.19743
FDB09,OUT045,1329.5388
FDM51,OUT046,1263.1901
DRM49,OUT018,759.63367
DRF23,OUT013,2510.1965
DRH01,OUT035,2974.894
FDH12,OUT027,2276.5698
FDA28,OUT019,300.96066
FDW37,OUT018,1230.0121
FDF02,OUT046,1687.916
DRL37,OUT046,538.84625
NCF43,OUT046,1901.9999
FDH08,OUT010,803.4871
FDR34,OUT019,842.2698
NCK19,OUT049,4868.2637
NCD55,OUT018,465.41873
FDT27,OUT049,2710.8206
FDQ57,OUT045,1949.4689
FDA47,OUT035,2476.7395
DRG15,OUT027,2429.957
FDE05,OUT018,2274.879
FDN46,OUT046,1668.5403
FDX27,OUT027,2665.8865
FDT51,OUT045,1503.4769
FDU33,OUT013,506.07922
FDJ16,OUT027,2051.2048
FDD20,OUT019,-105.469345
FDT36,OUT049,579.967
DRF15,OUT027,2337.7605
FDN52,OUT010,126.17763
FDC22,OUT027,6292.7246
FDX15,OUT045,2283.3403
FDT13,OUT013,4098.8784
FDU04,OUT017,1882.3577
FDU31,OUT019,43.223965
FDW59,OUT027,2046.7272
NCO29,OUT046,2031.7496
FDL15,OUT035,2416.3616
FDI41,OUT049,3087.0884
FDQ48,OUT049,1862.5719
DRI39,OUT013,682.6619
FDI08,OUT013,3988.8838
FDC21,OUT049,1413.6127
FDF58,OUT035,1190.6636
FDS08,OUT010,622.2794
FDE47,OUT045,1831.8394
NCP18,OUT019,-23.51683
NCR41,OUT013,1508.2283
FDA27,OUT013,3575.5479
FDA43,OUT035,2793.7683
FDA49,OUT045,2126.247
NCE55,OUT018,1711.2876
DRM49,OUT027,865.94165
FDF22,OUT027,4818.7583
FDQ15,OUT018,1320.0721
NCS54,OUT017,3279.3218
NCY05,OUT013,433.58524
FDR45,OUT046,4899.6885
FDK57,OUT049,2749.2078
FDF41,OUT010,490.46066
FDV21,OUT046,2287.6292
FDD51,OUT046,497.24747
FDF33,OUT046,2524.302
FDA38,OUT046,4029.0469
FDR56,OUT045,3606.6853
NCN41,OUT017,2242.1594
FDC60,OUT027,2228.5647
FDB47,OUT045,2634.4746
DRH01,OUT013,2698.202
FDW08,OUT046,1805.5763
FDF38,OUT027,734.95825
FDY32,OUT017,3727.0352
FDG34,OUT049,1484.2277
FDG47,OUT019,37.224785
NCF18,OUT035,4007.7263
FDL39,OUT019,361.77148
NCH55,OUT035,2138.3208
DRJ35,OUT049,533.80634
FDS44,OUT035,4615.6646
DRE01,OUT018,4108.25
FDY39,OUT013,4195.1104
FDY32,OUT018,2803.0564
FDR33,OUT027,3706.0806
NCP50,OUT049,1187.1333
FDZ47,OUT018,1570.1229
FDU57,OUT049,2865.6323
FDY44,OUT013,2716.33
DRH59,OUT018,809.3092
FDB03,OUT027,6947.865
FDY46,OUT045,1792.9221
FDM39,OUT045,2598.1497
FDY36,OUT035,979.8529
NCM55,OUT035,3375.2905
FDJ50,OUT010,92.03992
DRL60,OUT013,1432.7582
NCJ54,OUT049,3249.392
FDX59,OUT017,659.45654
FDI07,OUT013,4071.4087
DRF51,OUT010,53.74623
FDM14,OUT017,2085.337
FDP21,OUT045,2986.8047
FDE40,OUT035,847.51294
FDE05,OUT035,2504.654
FDM13,OUT027,2982.9785
FDC34,OUT027,4011.729
NCI55,OUT018,1853.6204
NCE43,OUT018,1728.3019
FDW58,OUT018,1292.3313
FDG60,OUT045,2923.5068
FDV31,OUT017,2457.3894
FDR47,OUT013,2001.5586
FDM60,OUT019,-12.578984
NCF06,OUT018,2555.8586
NCN26,OUT027,2737.637
FDQ59,OUT049,1263.8896
FDF09,OUT046,972.69226
NCS06,OUT017,3279.1897
FDT44,OUT046,1855.0575
FDI19,OUT017,3530.395
FDT22,OUT017,728.0359
NCF54,OUT027,5117.483
DRG25,OUT045,3378.5173
FDB59,OUT017,2877.8118
FDQ37,OUT017,3683.762
FDP56,OUT035,674.6225
FDW44,OUT035,2757.516
FDJ26,OUT010,493.80576
FDU43,OUT018,3373.2126
FDW33,OUT045,1451.8657
NCX53,OUT027,2368.2153
FDN56,OUT010,628.0315
DRF15,OUT049,1893.7626
FDO33,OUT017,2127.45
FDZ39,OUT010,188.10669
NCJ19,OUT017,614.3325
FDU01,OUT035,4870.251
FDT12,OUT035,3975.0898
NCM18,OUT018,1168.6484
FDP19,OUT017,2193.3484
NCR42,OUT049,140.21907
FDN10,OUT046,1412.691
FDG44,OUT017,789.62897
FDQ10,OUT046,3554.8113
DRH13,OUT049,1420.1367
FDT52,OUT013,4071.1228
FDM56,OUT045,1400.156
NCO43,OUT010,274.87216
NCV29,OUT035,4070.4866
NCF06,OUT013,3886.9011
FDO50,OUT035,1430.9905
FDT59,OUT013,4567.2593
FDX40,OUT027,1444.8702
FDE50,OUT017,4055.0015
FDX51,OUT017,2734.2437
NCD30,OUT018,1820.5139
FDK15,OUT013,1855.4854
FDL12,OUT045,1134.4105
FDK46,OUT017,4850.989
DRH49,OUT010,330.6969
FDQ57,OUT046,2496.2505
FDY59,OUT017,1490.2432
FDO09,OUT018,4680.9053
NCG30,OUT035,1627.7374
FDM09,OUT017,2168.422
NCN17,OUT027,2555.1533
NCS42,OUT013,1217.2183
FDD02,OUT019,287.41068
FDE34,OUT013,3558.7988
FDU38,OUT045,3104.2258
FDB33,OUT046,3339.708
NCJ29,OUT017,1064.0244
FDZ27,OUT035,677.90466
FDI40,OUT013,1758.3691
FDG22,OUT013,810.234
FDT51,OUT017,1957.7551
FDF20,OUT018,3168.9302
FDV50,OUT035,2215.854
FDT02,OUT049,733.6881
DRC49,OUT017,1960.3333
FDF26,OUT049,2512.276
FDV52,OUT035,1779.447
FDX59,OUT049,643.64343
FDV25,OUT035,6024.391
FDW23,OUT027,988.9497
FDE53,OUT018,1071.64
FDA19,OUT017,1729.1024
FDH22,OUT046,1816.0681
NCO41,OUT013,1467.9463
FDX12,OUT017,4603.9253
FDF17,OUT013,2945.2722
FDS11,OUT045,2874.212
FDR51,OUT035,2965.9358
FDT49,OUT010,323.2527
FDC56,OUT013,2477.1284
FDR13,OUT027,3037.894
FDQ60,OUT035,2945.1614
FDN38,OUT049,4179.6914
NCL29,OUT013,2584.0872
FDO13,OUT027,4916.702
FDE26,OUT018,2093.9873
FDA31,OUT010,676.79224
FDX14,OUT035,1273.9495
FDA34,OUT045,3879.9153
FDF26,OUT013,2317.2683
FDE38,OUT045,3029.5232
DRI11,OUT046,1968.4956
FDQ60,OUT027,2828.236
FDL21,OUT027,601.23816
DRC12,OUT027,6516.881
FDC47,OUT046,3948.185
FDE57,OUT045,2293.669
FDT14,OUT045,1674.6351
NCZ53,OUT046,4535.1187
FDE28,OUT018,4745.3
FDR19,OUT035,3280.1394
NCF54,OUT019,369.95523
FDZ08,OUT046,1205.1228
NCJ05,OUT018,3047.15
FDF59,OUT046,1564.1682
NCO05,OUT035,2237.4578
FDW24,OUT018,868.58453
NCX42,OUT018,2592.43
NCA53,OUT035,899.53076
FDI45,OUT019,243.05334
FDG46,OUT046,2513.3403
FDM20,OUT010,323.9665
FDW11,OUT010,236.11754
FDX08,OUT035,3213.1472
NCK17,OUT035,709.611
FDK32,OUT018,2139.8386
NCA42,OUT035,2634.9062
DRI01,OUT035,3192.7495
NCL55,OUT049,5250.897
DRE25,OUT018,729.5327
FDD14,OUT017,3508.6528
FDB10,OUT046,1790.0082
DRN11,OUT035,2673.4
FDP38,OUT018,659.1674
NCA30,OUT017,3179.0703
FDT15,OUT017,3988.9802
NCP55,OUT018,744.2322
FDF12,OUT035,2395.6157
FDM21,OUT018,3321.2747
FDX56,OUT035,4485.4277
FDF10,OUT017,2103.5166
FDT32,OUT045,2969.271
FDM51,OUT018,1129.1986
NCR50,OUT018,4251.9033
FDI19,OUT049,4117.6084
FDX21,OUT017,1751.6414
FDR31,OUT035,2962.7715
FDY02,OUT013,4521.6772
NCA29,OUT045,4102.7925
NCX17,OUT046,3946.432
FDM12,OUT045,3532.285
FDI53,OUT027,3815.8752
NCU30,OUT049,3222.8086
FDC56,OUT027,4061.6245
FDK27,OUT018,1404.9918
NCK18,OUT017,2743.2742
FDB52,OUT019,1973.3829
DRG25,OUT027,6056.638
FDZ13,OUT049,658.44836
FDB57,OUT019,1071.5767
FDR40,OUT046,1679.0116
NCO14,OUT019,77.478355
NCN19,OUT045,2366.2773
FDQ28,OUT019,537.8624
FDO13,OUT018,2166.7522
FDK48,OUT013,1234.2728
FDU07,OUT018,1864.7134
FDW20,OUT046,2806.7798
FDV12,OUT010,277.92633
FDH24,OUT013,2567.0503
FDV59,OUT049,3700.9292
FDK57,OUT045,3610.1938
FDL16,OUT027,1644.4132
NCQ17,OUT046,2415.7615
FDJ15,OUT018,2313.3667
FDX24,OUT049,1733.4991
FDT47,OUT046,1716.431
FDT10,OUT049,1052.8522
FDZ37,OUT018,997.22974
FDW43,OUT027,5226.4277
DRN36,OUT017,1471.5238
FDJ14,OUT045,1738.0042
FDA32,OUT013,3113.1404
FDJ38,OUT019,904.00916
FDQ57,OUT017,2125.2961
NCQ41,OUT019,675.1027
FDG56,OUT049,1221.2235
DRC13,OUT027,2637.7776
FDV55,OUT035,1877.691
FDQ49,OUT045,3389.7683
FDE29,OUT010,164.94801
FDR03,OUT013,4431.5435
FDD45,OUT049,1561.3533
FDN38,OUT010,918.9351
FDT56,OUT046,500.98248
FDT48,OUT045,3510.482
FDU03,OUT049,2718.0461
FDC56,OUT010,448.54825
NCO43,OUT027,3434.842
FDQ27,OUT017,2196.9631
FDR03,OUT046,2072.396
DRH23,OUT010,327.2235
FDG22,OUT045,487.48874
NCJ42,OUT013,1604.081
FDR24,OUT046,1605.5483
FDW60,OUT035,2251.8179
FDJ08,OUT013,3229.2993
DRL59,OUT018,276.41342
FDG60,OUT010,372.5763
FDW27,OUT017,2406.7236
FDX14,OUT018,1191.44
FDC20,OUT013,568.6261
NCS29,OUT018,3440.2651
FDJ56,OUT046,1842.4866
FDB20,OUT019,348.4349
FDL28,OUT027,7113.6313
FDW01,OUT018,1781.8384
FDL03,OUT046,2077.3467
FDX22,OUT049,3415.8083
FDJ21,OUT035,2971.8223
FDR31,OUT045,1934.2639
FDG21,OUT035,3270.9753
FDS22,OUT027,1039.1461
FDK08,OUT035,1565.0779
FDE17,OUT018,2123.6387
NCN30,OUT017,1295.4702
FDT50,OUT046,1250.5889
NCX42,OUT049,3125.681
FDJ12,OUT035,3851.4731
NCA18,OUT027,2178.9937
FDP23,OUT019,286.6925
FDX12,OUT013,4083.1255
FDN40,OUT018,2392.374
FDV48,OUT035,1402.528
NCY54,OUT013,2612.6501
FDL16,OUT010,167.86896
FDR45,OUT018,2228.9097
FDJ52,OUT046,2350.2012
DRG01,OUT017,1303.8008
FDP52,OUT013,4701.048
FDU58,OUT017,3095.3477
FDL02,OUT045,2409.5854
FDG28,OUT013,3109.739
FDA19,OUT035,2259.0232
FDW46,OUT027,2396.0186
NCD43,OUT049,1338.18
DRG39,OUT013,761.7837
NCF55,OUT049,931.9328
FDJ07,OUT046,1235.2139
FDE08,OUT046,2385.454
FDP56,OUT019,314.73373
FDT45,OUT045,584.7943
FDF17,OUT018,3297.782
FDX44,OUT046,1349.7324
FDM28,OUT027,4782.887
FDI36,OUT049,3269.8022
FDS07,OUT045,1474.1846
FDD36,OUT045,1644.8517
FDW11,OUT046,1177.881
FDN40,OUT049,2174.5059
NCQ18,OUT049,1665.4385
NCQ54,OUT017,3709.5742
NCS42,OUT045,1323.815
DRH39,OUT010,-50.42974
FDC09,OUT027,2547.281
FDT08,OUT010,835.3428
FDC08,OUT035,5213.3296
FDT20,OUT017,381.7581
FDS35,OUT035,1052.8817
FDX58,OUT018,3765.6416
FDW58,OUT046,1959.8275
DRD27,OUT046,1526.9623
FDH32,OUT019,105.7322
FDS26,OUT035,3410.3328
FDQ31,OUT046,1687.7064
FDP11,OUT018,4305.3457
FDD58,OUT017,1718.4122
FDM33,OUT045,2582.5515
FDZ16,OUT049,4904.1616
NCS29,OUT010,1095.6414
NCM18,OUT019,144.72298
FDP11,OUT049,3739.2341
NCC42,OUT017,2280.9207
DRM23,OUT046,3750.4526
NCN55,OUT027,5009.6216
FDK46,OUT013,3986.9978
FDR01,OUT046,3443.7578
NCA05,OUT045,2222.659
NCP43,OUT017,2941.8872
FDR12,OUT010,689.9654
FDQ01,OUT013,2814.9219
FDM13,OUT046,910.3821
FDQ19,OUT017,2319.8738
FDK56,OUT019,454.2397
NCX06,OUT010,509.9494
FDO56,OUT027,2235.286
FDU45,OUT045,2480.7273
FDI16,OUT019,181.99802
FDL32,OUT046,1788.2439
FDA07,OUT046,2689.2341
FDA14,OUT045,1757.9421
FDV46,OUT027,3664.2454
NCO07,OUT035,2564.29
NCP41,OUT046,1902.9303
FDY60,OUT018,1284.5588
FDN38,OUT017,4221.6255
FDO15,OUT046,1115.9575
FDT60,OUT013,2076.981
FDA55,OUT035,5101.518
FDE02,OUT010,12.312594
DRJ39,OUT049,2323.1846
FDV34,OUT035,1280.759
FDS20,OUT027,5095.7373
FDF02,OUT027,2895.573
FDW40,OUT017,2248.2876
NCB43,OUT046,4189.535
FDR58,OUT017,1476.4531
DRJ59,OUT035,726.3744
NCD30,OUT017,2044.9875
FDE14,OUT017,1962.7593
FDC28,OUT018,1210.359
FDU16,OUT018,1350.3981
NCD19,OUT035,1046.5037
FDU21,OUT046,511.96655
FDV59,OUT027,3479.6687
FDU03,OUT045,3879.5312
FDC33,OUT010,103.03103
NCR42,OUT035,544.68884
DRH59,OUT035,1373.9064
NCM31,OUT035,2894.2764
FDS50,OUT035,4128.265
FDP39,OUT046,1057.3435
FDQ55,OUT013,2757.9482
FDV36,OUT019,205.63972
FDI05,OUT027,2982.9739
FDS45,OUT027,3421.38
FDA39,OUT045,635.6043
FDC37,OUT010,115.27004
FDJ60,OUT027,3612.168
DRQ35,OUT046,1646.3184
NCJ06,OUT046,1742.7185
NCY42,OUT018,2571.6797
DRM37,OUT049,3941.7004
FDR14,OUT045,570.39874
FDE51,OUT049,431.59647
FDT33,OUT017,3111.426
FDR08,OUT013,1896.4434
FDE36,OUT010,10.718885
FDL22,OUT019,193.90533
FDR44,OUT013,2391.2397
FDI56,OUT019,286.0517
FDE47,OUT010,247.05867
FDV27,OUT010,177.2767
FDV10,OUT049,576.948
FDC40,OUT045,1223.6991
NCX41,OUT013,2543.4277
NCQ38,OUT027,2412.3933
FDV12,OUT027,3078.2773
FDE52,OUT017,1163.5537
FDG20,OUT027,4123.2095
FDV16,OUT027,734.0067
FDI32,OUT017,2327.0498
FDJ32,OUT049,1105.465
FDN39,OUT018,2002.1011
FDY34,OUT017,2780.1877
FDC14,OUT035,651.34235
FDA55,OUT017,5646.3975
FDZ50,OUT010,571.8292
DRG13,OUT049,2715.5117
FDP01,OUT013,1876.168
NCG54,OUT017,3242.404
FDM13,OUT045,473.2566
NCO18,OUT027,4036.524
NCW41,OUT013,2233.6934
FDM52,OUT027,3698.674
NCF55,OUT035,901.33606
FDT09,OUT046,2636.514
NCM19,OUT035,1581.0155
FDW12,OUT018,1480.103
FDP15,OUT019,691.1448
FDK36,OUT045,819.56415
FDZ25,OUT035,3671.338
NCW06,OUT049,3693.3882
FDW60,OUT046,3218.688
DRC49,OUT013,1949.5863
NCT17,OUT035,3811.9094
NCN06,OUT018,2404.5034
FDC45,OUT013,2665.7107
DRJ47,OUT019,601.5806
NCF06,OUT045,2749.9534
FDE21,OUT010,443.97263
DRG27,OUT013,697.16406
FDW40,OUT049,2687.2075
NCO53,OUT046,2989.5835
FDE23,OUT049,684.58105
FDQ16,OUT046,1483.5109
FDS26,OUT045,2917.284
FDZ13,OUT010,90.269875
FDS14,OUT049,2912.284
FDC10,OUT045,1150.1133
FDY16,OUT049,4255.2046
FDJ20,OUT035,1611.7174
FDV43,OUT035,517.0161
FDZ32,OUT027,2156.1602
FDR23,OUT046,1848.4675
FDN24,OUT035,600.1114
FDE34,OUT027,6347.0103
FDU31,OUT013,2472.0925
FDW33,OUT018,1558.8007
FDU26,OUT046,1425.684
FDE20,OUT027,4417.6714
NCW05,OUT035,2082.6262
FDB22,OUT018,2155.442
FDO56,OUT046,1772.3962
FDA19,OUT027,3295.003
DRI39,OUT045,581.4539
FDH52,OUT018,728.1272
FDZ50,OUT035,4011.821
NCN42,OUT035,2532.1067
FDB53,OUT013,3124.1707
DRG11,OUT017,2231.0618
DRK11,OUT027,2757.7222
FDQ60,OUT017,2675.6055
FDT36,OUT017,424.19073
DRG25,OUT018,2416.6543
DRJ23,OUT046,3202.8147
FDG05,OUT035,2624.3838
NCK06,OUT018,2075.3337
FDU52,OUT017,2288.5437
FDW07,OUT018,627.71313
NCM17,OUT045,847.60583
FDA22,OUT045,3924.6455
NCA41,OUT018,2600.5679
FDF38,OUT035,851.132
FDH52,OUT046,974.7047
FDY58,OUT019,1134.6305
FDZ16,OUT045,4509.014
NCM18,OUT017,1327.2014
FDA22,OUT018,2277.3623
NCJ43,OUT035,2678.5208
FDI34,OUT027,7210.5674
FDG56,OUT046,1373.1144
FDS34,OUT046,1427.8567
DRC01,OUT035,955.1205
FDQ04,OUT035,898.84814
FDK04,OUT035,719.4237
FDT51,OUT049,1811.9312
FDV26,OUT017,4018.1304
FDS04,OUT049,1446.554
FDW43,OUT018,2663.9524
FDQ28,OUT010,684.4232
NCK06,OUT017,2122.6643
FDS23,OUT018,1996.0533
FDZ36,OUT019,552.66437
FDE56,OUT018,493.6681
FDW10,OUT027,5752.478
NCN14,OUT045,2069.4402
NCQ18,OUT045,1573.5684
FDW08,OUT017,2091.6775
FDU43,OUT035,4325.7217
FDR33,OUT010,289.0538
FDM24,OUT010,574.1159
NCZ05,OUT046,1880.1371
NCV41,OUT035,1772.194
FDV11,OUT018,2948.8906
NCY05,OUT035,633.4602
FDV44,OUT018,3463.5845
FDW32,OUT049,1334.7057
NCU18,OUT027,3243.7751
NCC43,OUT035,4999.6973
FDW19,OUT013,1984.9388
FDN31,OUT035,3274.738
FDI48,OUT045,684.39764
FDS24,OUT017,1462.762
FDF46,OUT049,1919.6632
DRG23,OUT017,1702.4336
FDG14,OUT018,3178.5503
NCY30,OUT049,3210.7507
FDO28,OUT018,1692.8444
DRD24,OUT035,2169.8276
FDI33,OUT049,1765.2716
FDN32,OUT046,2720.8997
FDR16,OUT045,4255.128
FDF26,OUT046,1905.5848
NCN29,OUT018,215.12894
FDE20,OUT045,2502.4507
FDA46,OUT046,3418.6733
FDU28,OUT045,1991.5619
FDQ48,OUT045,1406.0348
FDV36,OUT013,1902.3113
FDR14,OUT018,544.38837
FDP23,OUT017,3800.9473
FDP56,OUT013,679.6947
FDK48,OUT010,12.295428
FDR48,OUT046,1967.7882
NCY29,OUT049,1008.8985
FDM22,OUT018,715.39636
DRJ01,OUT013,2827.4333
FDZ43,OUT045,3963.4468
FDV03,OUT035,3623.7324
FDX11,OUT027,4419.3984
NCA41,OUT027,4524.3706
FDE38,OUT017,3347.604
FDI27,OUT018,510.59283
FDN32,OUT013,3955.1377
NCN43,OUT017,2162.739
FDB47,OUT027,6457.518
FDV03,OUT017,2464.5813
NCN30,OUT045,943.88245
NCV54,OUT010,-160.31862
FDV07,OUT013,1247.0505
FDP07,OUT049,2798.0288
FDK48,OUT018,1190.5233
FDM15,OUT019,369.44202
FDY19,OUT027,3537.432
FDK46,OUT046,4451.608
FDY11,OUT045,1080.5679
FDH09,OUT046,1231.414
FDO08,OUT027,3202.8662
FDU14,OUT013,4235.807
FDD22,OUT027,3386.5532
FDM27,OUT017,2253.4055
FDL02,OUT027,2867.0134
NCA17,OUT035,2774.063
FDE38,OUT019,510.94095
NCG07,OUT049,3869.488
DRC27,OUT013,3936.083
FDA27,OUT035,3151.7224
FDW40,OUT045,2283.0012
DRI11,OUT013,1670.4958
FDN50,OUT046,2033.5841
FDR12,OUT046,3058.2148
FDT34,OUT027,3563.9387
FDW11,OUT035,1016.06946
NCO30,OUT027,4686.0337
FDZ34,OUT017,3579.5667
FDU45,OUT017,2252.9622
NCD42,OUT035,471.8304
FDX25,OUT045,2293.5764
NCR29,OUT046,997.6073
FDX43,OUT019,386.50443
FDB04,OUT010,202.39462
FDR49,OUT027,1109.7933
FDS39,OUT018,1588.9807
FDW58,OUT045,831.1383
FDG22,OUT019,-106.716125
FDG31,OUT017,726.00006
NCV53,OUT027,5472.886
DRJ37,OUT035,2503.5928
FDV07,OUT035,1642.9037
FDW52,OUT018,2064.6008
FDT15,OUT045,3217.5513
FDD02,OUT018,2319.8538
FDM16,OUT035,884.6714
NCE55,OUT046,3181.69
FDB57,OUT018,3666.5007
FDQ04,OUT013,936.46936
FDQ47,OUT019,122.581635
FDY14,OUT019,1069.3917
DRK37,OUT017,4794.186
FDO25,OUT017,3949.9932
FDL57,OUT046,4373.993
NCK29,OUT018,1376.2479
FDK46,OUT027,6963.8896
NCB43,OUT010,450.38028
DRE01,OUT027,6747.509
FDC46,OUT018,3576.1113
FDQ23,OUT045,1967.5518
FDX38,OUT049,1010.5463
FDG60,OUT018,1263.6528
FDW55,OUT017,3542.2207
FDP39,OUT013,876.6852
FDB20,OUT018,1057.4478
FDV21,OUT017,2566.0498
FDZ02,OUT013,1049.0642
FDP19,OUT027,4849.7305
FDA38,OUT035,4966.018
FDH22,OUT045,1581.025
DRM11,OUT045,3319.2012
FDO12,OUT027,3195.395
FDT14,OUT049,1975.7909
FDW34,OUT010,169.43697
FDG04,OUT027,3806.2078
FDW59,OUT018,713.5729
FDR33,OUT018,1846.6001
FDP32,OUT013,2399.4976
FDL13,OUT027,5930.96
FDD22,OUT013,2510.6575
FDV40,OUT027,2059.6865
NCD55,OUT046,599.76434
FDQ20,OUT010,-8.40504
FDD28,OUT045,863.1683
FDC39,OUT045,2737.513
NCR17,OUT049,1497.204
DRO35,OUT018,1373.725
FDF40,OUT049,3512.8716
FDR31,OUT018,2080.8535
NCQ41,OUT017,3800.0286
FDP38,OUT046,537.75543
NCU54,OUT027,5911.8594
FDG22,OUT018,428.11234
DRK59,OUT013,3365.0854
FDC37,OUT046,2089.3157
NCO42,OUT013,2476.2004
NCT42,OUT017,1277.2756
FDX27,OUT035,1650.9534
FDV40,OUT018,1355.785
FDT45,OUT027,1963.9244
FDS47,OUT019,329.30838
FDR45,OUT035,6744.5273
FDB03,OUT045,3632.1724
FDO49,OUT035,1150.6436
FDU60,OUT027,4701.083
FDB26,OUT018,557.32184
FDB46,OUT017,3731.761
FDQ37,OUT019,615.8699
FDN03,OUT017,3883.0125
NCX30,OUT045,4332.9043
FDK32,OUT019,299.2787
DRM47,OUT013,3070.9905
NCO02,OUT046,1160.7107
FDP04,OUT013,969.79517
NCO43,OUT049,2073.0652
FDD59,OUT013,794.33704
FDQ10,OUT017,3412.666
FDW45,OUT035,3167.4417
NCK30,OUT049,4453.227
FDU31,OUT018,2355.1697
NCQ17,OUT019,294.2599
FDN01,OUT017,1522.56
FDZ19,OUT049,2916.4468
DRG37,OUT017,1852.737
FDE32,OUT045,322.87097
FDO34,OUT049,2871.5955
FDM04,OUT019,126.07885
FDZ25,OUT049,3228.2563
FDU08,OUT049,571.2059
NCW30,OUT045,3374.2158
NCM18,OUT013,1342.517
FDS22,OUT035,571.5925
NCH18,OUT017,3279.2925
FDC23,OUT013,2717.0637
FDY46,OUT013,1963.5234
NCU06,OUT046,4158.8945
FDX57,OUT045,1250.6237
FDX36,OUT027,6453.126
FDL16,OUT045,829.6087
FDT16,OUT010,1161.7305
FDN16,OUT018,967.4491
FDC03,OUT046,3284.2666
DRF60,OUT013,4738.369
FDS27,OUT027,5211.869
FDP33,OUT010,750.56573
FDJ36,OUT018,1613.9716
NCR42,OUT013,181.5571
FDV14,OUT017,946.07745
NCP42,OUT035,3045.719
FDB50,OUT027,2313.2568
NCC30,OUT027,3784.9412
FDA23,OUT018,1453.4612
FDW16,OUT017,1285.8
FDQ52,OUT010,1692.098
FDB58,OUT049,2438.7292
NCP29,OUT049,1181.2208
NCM05,OUT045,3755.7346
FDO25,OUT013,4322.328
NCM54,OUT046,1083.2048
NCL54,OUT046,2592.0496
FDL39,OUT010,786.83405
FDF53,OUT018,3885.9724
NCQ42,OUT035,1787.1893
FDF58,OUT013,725.24835
FDZ04,OUT035,959.899
FDE26,OUT019,168.71933
FDS60,OUT017,2509.32
FDV58,OUT017,2130.973
FDM04,OUT045,993.7686
FDE08,OUT035,2514.6968
NCB43,OUT049,3979.8591
FDU11,OUT010,145.74576
FDF22,OUT019,-145.51215
FDE24,OUT013,2417.1016
DRJ49,OUT046,1632.5597
NCQ53,OUT035,6645.4194
NCL41,OUT013,530.37463
FDR22,OUT013,1836.513
FDH04,OUT035,1514.512
DRH15,OUT045,591.66956
FDY40,OUT049,726.60156
NCI17,OUT035,1945.9595
NCC18,OUT013,2598.4417
FDY28,OUT027,7061.6377
FDB45,OUT027,3410.3345
NCL30,OUT018,1696.7344
FDM10,OUT017,2938.3083
FDH22,OUT027,3854.7136
NCZ53,OUT017,3668.0967
NCI18,OUT013,2918.533
FDH14,OUT027,3411.0698
FDR36,OUT027,782.4162
FDW01,OUT045,2056.3792
FDK02,OUT027,2798.2498
FDJ02,OUT018,1865.395
FDU55,OUT013,5370.554
NCV18,OUT027,2468.9587
FDH14,OUT018,1910.2572
FDZ37,OUT045,1107.9631
FDX49,OUT049,3841.6792
NCD43,OUT046,955.53326
FDZ07,OUT013,1101.1257
FDK43,OUT035,2491.0408
FDR32,OUT018,3000.9927
FDT39,OUT013,2636.9827
NCV54,OUT017,1723.901
FDF38,OUT018,458.46912
FDV60,OUT046,3494.1511
FDH44,OUT027,4057.971
FDS21,OUT046,964.3262
NCL41,OUT045,438.65198
FDM46,OUT017,1391.6262
FDU27,OUT045,720.7124
NCJ54,OUT017,3667.7024
DRG51,OUT018,1823.9841
NCA29,OUT019,822.93335
FDR47,OUT045,2386.3386
NCL19,OUT027,3827.729
DRG01,OUT049,1270.091
FDG10,OUT046,765.2068
NCV05,OUT049,2222.861
NCH18,OUT019,540.17114
FDV14,OUT018,1022.0463
DRJ23,OUT035,4410.9863
DRJ11,OUT046,3621.6758
FDZ03,OUT017,3643.0977
FDI27,OUT010,300.62708
FDJ14,OUT018,1501.434
FDU32,OUT017,1821.1012
FDD47,OUT027,4639.0776
DRF36,OUT035,4547.7173
FDM21,OUT046,3455.4072
FDV10,OUT018,235.36191
FDH60,OUT018,2859.1724
FDX47,OUT010,222.33339
FDT19,OUT019,215.85728
FDO11,OUT045,4536.0425
FDH24,OUT027,4393.5
FDL02,OUT018,1114.7587
FDB02,OUT049,3136.176
FDA43,OUT046,2506.7747
FDG52,OUT045,793.79095
DRC12,OUT013,3326.7195
FDY37,OUT018,1366.0139
NCU18,OUT045,2324.8667
FDU09,OUT035,1994.823
DRJ25,OUT027,371.34396
DRE12,OUT018,1454.7852
DRL47,OUT017,1925.557
DRK01,OUT046,1385.3209
FDC22,OUT019,478.8226
FDG44,OUT013,1135.7122
FDW04,OUT035,1338.1338
FDK09,OUT049,4597.256
NCN43,OUT035,2048.9915
FDG04,OUT049,3327.4387
FDH32,OUT010,257.6129
DRI47,OUT017,2446.3948
DRE15,OUT013,1245.6973
FDY11,OUT035,983.7097
FDO60,OUT049,547.1423
FDQ20,OUT018,588.47
FDO57,OUT027,3468.1213
FDT14,OUT019,515.54193
FDA57,OUT049,1158.4314
DRN35,OUT017,682.2373
FDJ03,OUT046,781.0573
FDX28,OUT017,1471.2784
DRE25,OUT045,1220.0986
FDR09,OUT046,3193.5845
FDB23,OUT035,3485.5115
FDO08,OUT045,2166.4724
FDQ23,OUT049,2105.4343
FDW04,OUT013,1029.0222
DRK13,OUT010,414.00513
NCL17,OUT027,4320.558
FDY21,OUT035,4620.042
FDJ38,OUT027,4650.633
FDA37,OUT019,34.609726
FDV43,OUT013,585.8597
FDL36,OUT046,2061.688
FDD53,OUT045,706.5643
FDZ19,OUT010,418.90854
FDV21,OUT045,2240.817
NCL54,OUT018,1686.5103
DRI47,OUT027,3668.7087
DRG03,OUT049,2312.615
FDG21,OUT013,3446.302
FDW03,OUT018,1207.8236
NCI55,OUT046,1848.5488
DRC36,OUT019,643.71564
FDH22,OUT017,2049.949
FDV20,OUT045,3309.1438
NCU41,OUT027,5435.495
FDN46,OUT027,3086.222
FDK50,OUT045,3006.3293
NCA05,OUT027,4130.914
DRH01,OUT018,2833.3308
FDT08,OUT018,2104.4297
FDM08,OUT018,4174.472
FDZ07,OUT035,1199.8672
FDS22,OUT017,424.21268
FDV35,OUT027,4418.794
FDI28,OUT010,203.51814
FDW58,OUT027,2544.0142
FDT52,OUT045,4672.337
FDY34,OUT046,2300.248
FDR10,OUT046,2198.5
FDK57,OUT017,2863.3267
FDR02,OUT027,2507.1748
FDX49,OUT046,3092.852
FDQ20,OUT046,445.16962
DRK23,OUT045,5237.473
NCW06,OUT046,2156.981
FDR31,OUT017,2455.1406
NCE43,OUT013,3590.9788
DRO59,OUT027,1450.3739
FDN09,OUT049,4073.4917
FDR11,OUT046,2723.855
FDO57,OUT013,2743.129
NCX18,OUT017,4692.0034
FDB05,OUT018,4742.5127
FDQ08,OUT018,597.7807
NCG43,OUT035,1699.9003
FDJ56,OUT013,1664.1892
FDA13,OUT010,-36.656055
FDO56,OUT017,1702.9333
FDB37,OUT018,2143.9082
FDZ02,OUT018,1240.6348
FDQ24,OUT046,4411.2764
FDM16,OUT013,729.94763
FDU35,OUT049,1808.2084
FDT35,OUT035,2584.0017
NCX30,OUT049,4375.5444
FDG04,OUT017,3695.0977
FDI12,OUT035,791.2704
FDE35,OUT035,1029.127
NCP14,OUT027,2613.9612
NCY53,OUT045,2092.5625
FDP49,OUT017,923.41235
FDQ04,OUT017,861.5773
FDM39,OUT035,3613.489
FDO58,OUT019,451.5654
FDC56,OUT017,2024.3907
NCQ54,OUT046,3535.2617
FDV10,OUT027,1661.0753
NCK17,OUT046,494.10788
NCF55,OUT027,1160.1848
FDV33,OUT013,5166.0073
NCH29,OUT019,261.9029
FDA37,OUT027,3046.3357
FDH46,OUT018,1250.9877
FDS25,OUT035,1648.5636
FDH04,OUT027,2434.226
FDX52,OUT046,2922.1829
NCD42,OUT017,504.14307
FDW47,OUT017,2218.378
FDL25,OUT027,2754.301
NCJ06,OUT010,244.78806
FDY09,OUT013,3535.6135
FDS40,OUT046,731.279
FDH41,OUT017,2406.1667
FDG38,OUT035,1999.4331
FDU03,OUT027,5087.438
FDV20,OUT046,3259.172
DRB13,OUT045,2298.6992
NCQ30,OUT013,1167.1075
NCH06,OUT013,2846.4832
FDU50,OUT018,1489.9152
NCO42,OUT019,373.08707
FDW09,OUT018,614.957
FDH04,OUT013,1434.1383
FDC21,OUT045,981.41327
FDL21,OUT049,589.892
FDM46,OUT010,128.03838
FDT22,OUT019,178.1557
FDB28,OUT035,2796.9712
FDI12,OUT018,1230.4097
FDA28,OUT045,2322.4224
FDF59,OUT013,1336.9551
FDM45,OUT027,3097.3396
FDQ56,OUT017,1519.4467
FDR46,OUT049,2702.8206
FDT01,OUT013,2464.39
FDD16,OUT027,1878.8074
NCU30,OUT010,210.45438
FDM40,OUT010,536.77826
FDI56,OUT035,2282.0544
NCS30,OUT013,1743.4265
FDU08,OUT017,1112.455
FDX51,OUT027,5070.6074
FDA43,OUT045,2389.8782
FDX59,OUT010,40.040207
FDC37,OUT018,1629.4093
FDP58,OUT013,3160.688
NCY42,OUT035,1843.8766
FDF21,OUT018,3542.2317
FDU10,OUT027,898.297
DRL47,OUT018,1389.0048
FDA58,OUT018,1139.1766
FDJ22,OUT049,2875.3997
FDK50,OUT046,2217.678
FDO38,OUT035,874.157
DRF60,OUT035,4372.77
NCZ42,OUT019,1001.85474
FDD35,OUT049,1598.9242
FDL25,OUT045,1006.1311
FDJ16,OUT013,1301.034
DRK59,OUT049,2989.034
FDI50,OUT046,3877.8828
NCB19,OUT045,1619.261
DRI37,OUT035,786.9901
FDA14,OUT027,2652.063
FDC08,OUT018,3529.1553
FDS45,OUT046,2850.3481
FDI21,OUT049,976.0104
DRJ47,OUT035,2984.594
DRE37,OUT027,3606.0542
FDT55,OUT018,2917.989
NCG42,OUT027,4288.275
FDA31,OUT049,3468.5342
NCW42,OUT046,2872.7146
FDF50,OUT017,4130.213
FDK56,OUT049,4692.87
FDX10,OUT035,536.4874
NCK07,OUT027,4860.7676
FDZ49,OUT017,3858.992
FDR33,OUT013,1704.5017
FDO44,OUT018,1189.2695
FDA20,OUT046,3781.623
NCL30,OUT045,997.6157
FDI05,OUT019,160.48888
FDQ12,OUT018,3064.0715
FDH47,OUT017,1821.9744
FDH34,OUT018,2644.1472
FDF29,OUT046,2466.6558
FDG40,OUT018,256.52866
NCE18,OUT017,4684.1245
FDP21,OUT010,-72.00793
FDY50,OUT013,955.8161
FDB36,OUT049,2189.6545
NCZ29,OUT049,2001.1199
FDU20,OUT018,1253.2231
FDO56,OUT013,1355.9612
FDW31,OUT049,1575.4938
DRH59,OUT013,1000.15076
NCB30,OUT017,3396.2412
FDK43,OUT027,3536.4058
FDW43,OUT045,2873.1533
NCL19,OUT017,2132.7827
FDJ27,OUT046,1507.2805
FDC45,OUT046,2159.911
FDY40,OUT035,763.0455
NCM41,OUT035,1290.7831
NCK18,OUT019,1159.9501
FDP37,OUT049,2646.8838
FDA27,OUT027,4033.4436
NCX30,OUT035,4398.313
FDR09,OUT017,4511.198
FDG08,OUT027,5974.7114
NCU30,OUT013,2707.5032
FDB16,OUT017,1251.827
FDM16,OUT017,1036.8613
FDC48,OUT013,1353.0464
NCF18,OUT046,3378.8638
FDU46,OUT018,1070.837
FDH41,OUT018,2443.4666
NCN42,OUT010,187.0482
FDU49,OUT046,1785.4364
FDB20,OUT027,2007.6702
FDG50,OUT019,439.66904
FDW20,OUT045,2422.634
NCO55,OUT049,2590.3103
FDX48,OUT046,1780.8068
FDU48,OUT046,2286.5808
FDR48,OUT019,164.60815
FDK27,OUT013,1513.6366
FDT35,OUT013,2607.865
FDN12,OUT049,1832.9827
NCE31,OUT019,171.30292
FDL21,OUT017,788.91626
FDV56,OUT017,1510.0144
FDR16,OUT017,4341.313
NCP41,OUT049,1649.3721
FDJ27,OUT013,2148.2598
FDA07,OUT017,1814.1727
FDK55,OUT049,1294.6207
FDM33,OUT049,4593.112
FDY46,OUT046,1759.9612
FDD36,OUT046,1736.0831
FDB12,OUT027,2275.9683
FDF28,OUT019,185.36934
NCE07,OUT019,306.02618
FDW50,OUT027,3896.0623
NCW18,OUT017,3691.0725
NCJ17,OUT019,289.8545
DRZ24,OUT010,879.6881
FDS07,OUT035,2257.283
NCW05,OUT010,802.76855
FDZ22,OUT018,1112.5049
FDK02,OUT046,1594.382
FDZ45,OUT027,5991.7437
FDL25,OUT046,1083.3639
FDS08,OUT045,1713.0289
NCZ42,OUT027,8954.462
FDX57,OUT035,1831.1537
FDF21,OUT046,3623.6394
FDJ56,OUT018,1218.7589
FDX10,OUT013,312.9829
DRG48,OUT035,2294.1665
DRN37,OUT046,1992.5063
NCY41,OUT018,263.42877
FDN28,OUT045,1614.5828
FDE34,OUT045,2180.612
FDR10,OUT045,2077.9211
FDC32,OUT017,1140.3494
DRG13,OUT046,3062.648
FDP59,OUT049,1815.4614
NCT53,OUT010,748.4516
FDL57,OUT027,6779.983
FDN32,OUT010,323.88086
FDK09,OUT018,3362.588
FDA52,OUT010,505.96646
FDC57,OUT049,2562.737
FDI09,OUT035,3775.684
NCB07,OUT046,1811.6019
FDP26,OUT035,1394.7821
FDP40,OUT027,3288.644
FDL15,OUT013,2241.8013
FDV07,OUT046,1929.2532
FDS03,OUT017,1368.3607
FDE50,OUT049,3293.237
FDQ15,OUT017,1234.6469
FDQ33,OUT010,853.2
FDT22,OUT013,830.5409
DRO35,OUT035,2975.382
FDJ41,OUT049,4395.3096
FDQ27,OUT035,2605.2566
FDC26,OUT017,2353.1692
NCF43,OUT027,3468.2837
NCR50,OUT035,4197.088
FDE39,OUT018,2310.288
FDN49,OUT027,1322.6704
DRG11,OUT035,2081.0715
NCA18,OUT049,1484.5116
FDM36,OUT018,2933.74
FDW32,OUT017,1453.0139
NCQ18,OUT010,248.75865
FDX14,OUT027,2777.8315
FDD46,OUT017,2038.8271
FDI34,OUT019,757.1162
NCJ17,OUT035,1414.6805
FDB52,OUT035,3277.5261
FDV55,OUT018,1191.1052
FDC57,OUT046,2734.6978
FDB29,OUT046,1501.5492
NCO43,OUT035,1725.5199
FDG44,OUT045,837.9883
FDJ34,OUT045,1474.9683
FDH40,OUT049,1365.123
NCD07,OUT027,2317.3362
FDB41,OUT017,888.9595
FDH47,OUT018,1264.4076
DRK37,OUT035,4434.6436
FDM25,OUT019,776.9543
NCX06,OUT045,2490.1108
NCS05,OUT017,2353.8584
FDS39,OUT045,1689.2413
FDC47,OUT027,6449.2417
FDG20,OUT013,2653.2935
DRL23,OUT017,1641.5928
FDY33,OUT013,3812.3281
NCH18,OUT045,3584.6172
FDX47,OUT035,1875.6746
NCB06,OUT045,2713.917
FDP36,OUT049,935.7971
FDW44,OUT018,2953.481
NCU41,OUT018,3556.405
NCS17,OUT046,827.03174
FDD46,OUT035,2664.379
FDE45,OUT017,2948.3484
FDI09,OUT017,3097.3423
NCJ54,OUT010,1017.99615
NCA29,OUT018,3157.4485
NCN41,OUT027,3226.9663
FDY34,OUT035,2674.1067
NCG55,OUT035,2501.3792
DRM49,OUT046,699.63684
NCB42,OUT049,1399.4078
FDE58,OUT045,2003.1888
DRJ25,OUT013,1235.724
FDS47,OUT010,304.05417
FDY21,OUT049,3921.9492
NCI54,OUT013,1837.8503
FDO24,OUT017,2285.0151
FDY43,OUT035,2184.9558
FDF35,OUT018,987.8
NCP29,OUT019,279.1501
FDN28,OUT027,2825.1265
FDJ50,OUT018,575.9031
FDQ14,OUT027,2996.2974
FDC37,OUT035,1783.3302
FDN08,OUT046,2240.9868
FDD04,OUT035,2562.6235
FDW34,OUT018,1855.9744
FDP04,OUT017,980.7793
NCG07,OUT017,3154.504
NCN14,OUT018,1866.6694
FDJ16,OUT045,961.7443
NCM42,OUT045,1371.1815
NCF19,OUT046,550.3673
FDY21,OUT018,3616.1206
FDY19,OUT035,2329.0842
FDV09,OUT045,2152.5537
FDA28,OUT013,1772.0599
FDC38,OUT018,1435.2919
FDL28,OUT045,4472.5527
NCH43,OUT049,2424.745
NCN53,OUT045,743.47925
NCW05,OUT017,2079.5525
NCO30,OUT018,2236.2095
FDT04,OUT019,65.16486
FDB27,OUT018,2078.8352
NCK07,OUT013,3292.9753
NCA53,OUT013,1084.7391
FDB33,OUT018,2720.3538
FDU37,OUT017,1619.0161
FDR13,OUT035,1926.4216
FDE45,OUT049,2329.8198
FDV37,OUT017,3237.475
FDX44,OUT019,289.15463
NCL06,OUT017,3440.777
FDJ28,OUT045,2452.4863
FDX55,OUT049,2828.7983
NCK17,OUT018,444.80542
FDH52,OUT035,876.36035
FDN13,OUT027,2638.256
FDK44,OUT018,1515.7617
FDU16,OUT046,1860.3796
FDZ07,OUT017,1256.5487
NCN06,OUT027,4147.5767
FDH02,OUT010,-92.67585
NCW18,OUT045,3290.84
FDH57,OUT013,1990.3036
FDV35,OUT045,2654.5745
NCU29,OUT013,2314.7595
NCP02,OUT046,735.65424
FDN44,OUT013,2198.4568
FDX03,OUT018,559.73224
FDR11,OUT010,518.03827
FDA36,OUT046,2664.9607
FDP58,OUT027,5821.496
FDH31,OUT045,1042.1505
FDH34,OUT035,3736.6326
FDS13,OUT035,3045.63
FDT01,OUT018,2983.938
FDY09,OUT049,3114.2415
FDV33,OUT027,3731.1514
NCW29,OUT010,-14.878785
NCN17,OUT045,1502.8416
FDX01,OUT046,1349.1904
FDL03,OUT049,3290.3594
DRL59,OUT049,952.40686
DRM11,OUT027,4495.4175
FDA43,OUT049,2889.933
FDZ56,OUT010,163.66982
FDI44,OUT018,1156.5691
FDB50,OUT013,1477.4337
FDU15,OUT019,31.814209
NCJ19,OUT019,85.63121
FDD48,OUT013,1949.8284
NCW42,OUT035,4054.7258
FDL24,OUT017,4070.666
NCB30,OUT013,2342.388
FDK25,OUT013,3196.966
FDW28,OUT049,4078.8733
FDD47,OUT017,3509.3037
FDK16,OUT019,214.05237
FDW37,OUT046,1781.3169
FDA48,OUT035,4811.924
FDA14,OUT017,2082.4548
FDV15,OUT013,2643.4966
FDN22,OUT049,3332.1116
NCD55,OUT045,716.5807
FDY43,OUT013,2714.045
NCU05,OUT017,1495.9833
FDF10,OUT035,2362.979
FDR39,OUT018,4243.255
FDG40,OUT013,859.62946
FDZ28,OUT019,278.35806
FDE02,OUT045,1322.1847
FDU60,OUT049,3219.7449
FDM21,OUT013,2769.3972
FDV52,OUT019,273.42456
NCW06,OUT013,2902.0586
FDX36,OUT035,4356.604
FDT35,OUT027,5241.5093
NCL19,OUT010,339.19766
NCD31,OUT046,2883.5273
FDE53,OUT019,442.90918
FDW58,OUT019,273.01984
DRF48,OUT046,2266.4912
FDW57,OUT035,3454.2434
DRH13,OUT017,1525.046
FDT33,OUT013,3431.7966
DRK47,OUT027,3515.017
FDY22,OUT010,330.46027
FDC35,OUT019,780.6564
FDO03,OUT013,5280.5024
FDF24,OUT045,1416.3236
FDF56,OUT018,3300.7075
FDD28,OUT013,818.5458
FDG53,OUT027,4101.16
FDO27,OUT019,67.80617
NCF54,OUT018,2935.649
FDC20,OUT027,1974.4165
FDU10,OUT046,836.585
DRA24,OUT018,1989.4243
FDA02,OUT010,307.58292
FDG10,OUT017,691.00397
FDW39,OUT010,648.92554
FDP04,OUT019,151.11156
NCM55,OUT013,4101.5195
FDG47,OUT045,5291.8438
NCU41,OUT017,3540.624
NCK31,OUT017,926.5126
FDZ46,OUT045,1606.9452
FDU13,OUT027,3015.611
NCF19,OUT045,751.3996
NCJ43,OUT013,2504.6501
NCJ05,OUT045,3189.8845
FDS04,OUT027,3264.6768
FDX28,OUT010,523.41833
FDB41,OUT027,1932.9807
FDG53,OUT046,1617.6277
FDL15,OUT010,786.9866
FDQ08,OUT049,898.10016
DRN36,OUT013,1863.6168
FDI46,OUT013,3717.829
FDG16,OUT027,6458.571
FDV32,OUT013,1203.6688
FDF44,OUT010,488.85635
FDK04,OUT018,787.8504
NCA41,OUT013,2633.817
FDD51,OUT017,665.2074
NCZ53,OUT045,4026.9883
FDP01,OUT027,3744.8367
FDY25,OUT049,3090.2651
FDB17,OUT018,2565.1094
NCV54,OUT018,1607.6019
FDJ32,OUT017,843.55865
FDA37,OUT049,1702.9612
FDG35,OUT035,3126.1204
NCM05,OUT018,3881.8447
FDG45,OUT046,3026.1958
FDH28,OUT013,478.9921
NCE18,OUT049,3466.0608
FDH38,OUT045,2000.6455
FDR56,OUT013,2578.0586
FDH17,OUT027,3064.7522
FDD39,OUT049,2733.883
FDB41,OUT049,849.8671
NCR53,OUT046,4152.5396
FDX46,OUT017,804.402
FDV28,OUT049,471.1215
FDA08,OUT018,1777.7361
FDH45,OUT017,602.11804
NCS38,OUT010,274.281
FDD40,OUT010,609.8107
DRM59,OUT035,2764.089
NCJ43,OUT018,2163.5315
NCN29,OUT013,892.67896
NCC19,OUT045,4131.3867
FDR56,OUT035,3339.4895
FDZ43,OUT049,4363.614
FDJ32,OUT010,215.64629
DRH03,OUT017,961.002
NCZ54,OUT035,3999.522
FDE26,OUT017,2377.6926
FDS03,OUT045,1259.8896
DRZ24,OUT019,639.0833
FDO48,OUT027,4677.9185
FDW39,OUT049,2063.2078
NCK05,OUT049,1376.2301
NCK30,OUT017,4144.661
FDT27,OUT018,2848.2239
FDS08,OUT019,96.140724
NCJ19,OUT049,1153.9861
FDC58,OUT045,379.58456
DRE37,OUT013,2479.0972
FDW02,OUT035,2734.5715
FDJ02,OUT010,398.20715
FDX09,OUT045,3225.698
FDT31,OUT010,-33.628445
FDI24,OUT049,4074.1711
FDY09,OUT045,3069.8271
FDV28,OUT045,464.24844
DRM47,OUT049,3909.4358
FDT52,OUT019,-81.1296
FDI48,OUT018,615.3206
FDY55,OUT017,5633.7383
FDU48,OUT013,2164.511
FDN25,OUT045,369.51587
FDP20,OUT049,1581.2335
FDJ15,OUT013,3398.6667
FDD04,OUT018,1772.6466
FDY58,OUT045,5093.198
FDR37,OUT018,3203.9211
FDF44,OUT013,2598.554
FDD32,OUT045,1603.4515
FDR57,OUT017,1981.756
DRG39,OUT027,1548.2736
FDX15,OUT017,2136.401
DRN37,OUT045,2227.2048
FDW40,OUT027,3697.712
FDB32,OUT049,1276.4745
FDM40,OUT018,1778.1909
FDE39,OUT027,3602.8447
DRH49,OUT017,1535.0808
FDT46,OUT049,1038.9026
NCF06,OUT035,3249.27
FDP07,OUT017,3008.69
FDC04,OUT013,3310.6074
FDZ32,OUT017,991.6592
FDD50,OUT045,3278.1892
FDU56,OUT017,3016.652
FDV34,OUT017,1229.9034
NCY41,OUT013,662.6152
NCK18,OUT046,2432.3438
DRH25,OUT049,1014.1567
FDT57,OUT046,3946.874
FDV56,OUT018,821.4213
FDV12,OUT045,1840.3848
FDN52,OUT017,1371.6509
FDX38,OUT035,860.6591
FDE47,OUT018,1973.1646
NCO07,OUT013,3159.303
FDV09,OUT027,3208.6907
FDZ23,OUT019,442.5317
DRH51,OUT018,1291.6403
NCY54,OUT045,2442.242
DRG49,OUT013,4782.1914
NCC19,OUT049,4899.2964
NCV53,OUT045,6293.729
FDZ47,OUT019,334.9845
NCO26,OUT018,1548.187
NCP02,OUT045,875.31616
NCW30,OUT018,4317.5083
NCN55,OUT046,3572.3398
FDB20,OUT010,172.49626
DRL11,OUT013,2537.9626
DRD60,OUT045,3258.7693
FDW14,OUT010,-10.52556
FDL27,OUT010,16.36616
FDU09,OUT018,519.02185
DRH36,OUT027,1873.7341
FDP34,OUT027,4678.8955
FDE04,OUT017,3401.3188
FDZ57,OUT027,2813.8184
FDF02,OUT010,212.46216
FDG28,OUT045,4116.343
NCI31,OUT046,817.1807
FDT43,OUT013,643.7429
FDU20,OUT046,2365.0737
FDD53,OUT013,315.10706
FDW15,OUT045,1931.2338
NCT53,OUT045,2805.6025
NCG55,OUT027,2756.3645
FDD48,OUT035,1828.4065
FDG47,OUT049,3032.874
FDI21,OUT017,1094.0331
FDT27,OUT017,2587.516
DRO35,OUT013,2588.5322
FDD33,OUT017,4214.9526
FDC04,OUT035,3385.425
FDY34,OUT013,2198.9812
DRJ49,OUT049,1916.4443
FDE05,OUT049,2485.4958
FDU31,OUT017,3393.4297
NCN19,OUT027,4145.2783
FDK56,OUT027,6888.517
FDK58,OUT017,2384.8928
NCJ42,OUT035,1887.8167
FDZ34,OUT027,6620.9507
FDA52,OUT018,2395.5603
NCR29,OUT013,422.64056
FDT48,OUT035,3716.1174
DRJ51,OUT019,757.6076
NCS54,OUT046,2336.6777
FDV01,OUT035,2706.6777
DRG51,OUT027,2871.6768
NCG42,OUT013,2914.7942
FDA51,OUT049,1821.9454
FDV19,OUT010,593.4332
NCT18,OUT045,4039.871
NCS41,OUT045,3249.7717
FDO03,OUT046,4276.717
FDL12,OUT010,241.31435
FDY37,OUT010,162.80997
FDI58,OUT049,1943.2069
FDT28,OUT018,2163.1768
NCC42,OUT010,354.0225
FDO01,OUT017,1615.3585
FDJ02,OUT013,1336.1637
FDQ04,OUT018,522.36005
DRL47,OUT013,2093.9304
FDZ32,OUT035,795.2834
FDC35,OUT035,3102.5996
FDX14,OUT045,1021.3877
FDZ35,OUT013,1875.4539
FDL14,OUT013,1235.3252
FDO04,OUT049,909.7186
DRK11,OUT017,2288.8594
FDB44,OUT018,3426.1714
FDZ50,OUT049,4011.7527
FDI12,OUT027,1877.9719
FDU43,OUT017,4852.2046
FDD58,OUT010,182.49564
FDB27,OUT017,3303.4504
FDB04,OUT018,782.53033
NCO17,OUT013,1704.7129
FDL12,OUT017,620.3938
DRJ13,OUT049,2522.3882
FDD57,OUT045,1323.7649
FDW19,OUT035,1860.7213
DRD27,OUT018,1012.95044
FDH27,OUT027,3032.524
NCW30,OUT027,7802.3384
FDR40,OUT018,722.98706
FDG05,OUT013,2504.7217
NCY41,OUT019,-18.077925
FDI38,OUT018,3565.9795
FDR20,OUT046,668.54785
FDE09,OUT017,1035.6779
FDN50,OUT019,135.59929
DRF27,OUT045,2618.615
DRF51,OUT013,659.23193
NCO02,OUT019,228.55786
FDB51,OUT027,1455.537
FDJ50,OUT013,272.954
FDN52,OUT013,941.4436
FDX14,OUT013,1050.0063
FDT27,OUT019,637.70374
FDV10,OUT013,140.0697
FDU33,OUT046,833.13184
FDU58,OUT046,2895.298
NCP42,OUT027,5881.6455
FDL51,OUT027,5106.0093
DRH15,OUT027,1438.9407
FDU16,OUT017,1692.072
FDW15,OUT017,1227.8976
FDQ44,OUT045,2704.9783
NCI06,OUT027,5213.7495
DRK23,OUT019,599.374
FDC28,OUT035,1788.0137
NCY17,OUT019,97.443794
NCV05,OUT018,2524.39
FDM34,OUT019,128.34052
DRD60,OUT027,6263.169
FDT38,OUT046,1481.2877
FDQ57,OUT018,2498.749
FDE59,OUT027,947.07245
NCM43,OUT046,2065.8154
DRI51,OUT049,2736.7917
NCG30,OUT017,1358.8158
NCK54,OUT035,2256.6926
FDQ16,OUT019,204.37398
FDI36,OUT013,2965.8425
FDX16,OUT027,3357.4785
FDA34,OUT046,2466.4167
FDJ48,OUT018,2478.6836
FDU47,OUT035,2302.952
FDS39,OUT046,2019.6814
FDD11,OUT046,3511.0005
FDM16,OUT027,2306.2087
FDU56,OUT018,3277.7244
FDQ32,OUT017,2368.05
DRK35,OUT013,648.1834
FDA58,OUT049,3067.2322
DRG48,OUT019,514.2056
FDT59,OUT010,578.9061
FDQ31,OUT019,299.78256
FDS51,OUT018,869.1886
FDW32,OUT027,1506.9575
FDI15,OUT027,7698.4517
NCV30,OUT017,965.35114
DRG25,OUT049,2749.4492
FDT02,OUT013,314.79263
FDO33,OUT027,3815.749
FDP38,OUT035,553.1859
FDZ45,OUT035,4309.3184
NCA54,OUT027,5038.8623
FDU33,OUT017,1000.125
FDN58,OUT017,4567.273
FDI05,OUT045,1160.1328
FDM57,OUT019,52.974606
NCS42,OUT027,2473.448
FDB57,OUT045,3412.0125
FDC03,OUT045,2498.8801
FDZ58,OUT013,2172.4033
NCK29,OUT045,1784.8522
NCR53,OUT045,4316.346
FDE26,OUT027,2914.5874
FDU52,OUT049,2437.3547
FDE41,OUT027,2437.0305
FDU38,OUT018,2858.1714
FDA52,OUT017,2468.869
FDW46,OUT046,1245.9915
DRI59,OUT035,3436.061
FDT38,OUT035,907.9829
FDL33,OUT018,2918.0942
FDQ01,OUT027,6080.3257
FDJ08,OUT046,2869.1223
FDQ47,OUT049,648.8155
NCZ18,OUT013,3483.156
FDE29,OUT017,820.164
FDF10,OUT027,3755.0908
FDC48,OUT049,1447.3881
FDY58,OUT013,4993.419
NCX30,OUT010,926.0009
FDV11,OUT013,2438.24
FDT46,OUT046,1146.8477
DRD01,OUT019,237.13129
FDQ11,OUT013,1931.2981
NCM41,OUT017,1270.5619
NCC55,OUT013,381.07172
FDG45,OUT027,5717.609
NCQ54,OUT049,2996.2153
FDM34,OUT045,1319.9673
FDD17,OUT019,713.069
FDN38,OUT027,5743.6294
FDB53,OUT018,1900.5367
NCL06,OUT035,4643.691
NCV18,OUT019,592.0829
FDX25,OUT013,3489.4062
FDB39,OUT046,687.13745
FDC33,OUT049,3112.532
NCO14,OUT018,504.5452
FDA58,OUT027,4808.8677
NCQ02,OUT017,2884.7192
NCR53,OUT017,2722.8032
FDN52,OUT046,1094.441
FDG26,OUT046,3332.491
FDE23,OUT027,1409.8365
DRI37,OUT013,1008.2867
DRH37,OUT018,1552.8936
FDO01,OUT035,1979.877
FDK45,OUT049,1660.2397
FDP23,OUT049,3040.3857
FDM33,OUT035,4034.8792
FDD36,OUT017,1898.5594
FDL56,OUT017,1645.0088
FDT27,OUT010,563.5713
FDG52,OUT017,693.63837
NCL42,OUT035,6133.854
DRJ24,OUT046,2359.0771
FDV38,OUT046,542.83453
FDT35,OUT045,2621.0244
FDY51,OUT045,3473.0269
FDC37,OUT017,1883.169
NCP43,OUT013,3017.059
FDO33,OUT045,1543.5936
FDW04,OUT018,1486.0845
NCC31,OUT046,1060.8169
FDK22,OUT049,3573.5562
FDJ50,OUT017,782.17883
FDV13,OUT017,1689.6942
DRL60,OUT017,2040.513
FDW03,OUT017,1929.7349
FDY27,OUT035,2735.606
FDB39,OUT027,1506.4008
FDU59,OUT045,2304.9026
FDZ57,OUT049,2257.566
FDO21,OUT049,2034.2229
FDS43,OUT018,2267.2073
FDU28,OUT010,75.46767
FDC51,OUT010,621.15204
FDW16,OUT010,281.89133
FDP32,OUT010,466.26675
FDB60,OUT019,426.97537
NCQ30,OUT046,1425.3593
FDD26,OUT049,4530.6406
FDI44,OUT045,947.23615
DRH23,OUT046,1787.6403
FDO44,OUT046,1366.7329
FDG04,OUT046,3189.1511
FDM32,OUT027,3191.999
FDM09,OUT013,2127.037
FDZ47,OUT013,1777.6365
FDM40,OUT027,3522.5103
FDY48,OUT017,1398.1023
NCM30,OUT045,843.30774
FDX36,OUT010,722.88477
DRF03,OUT017,661.6503
FDN51,OUT049,4056.718
FDM57,OUT049,1341.6489
FDB35,OUT049,1670.7628
FDY13,OUT027,2586.6416
FDA37,OUT017,2137.387
NCX53,OUT017,2179.1997
FDD59,OUT018,859.7768
FDX10,OUT019,28.360302
FDC03,OUT018,2969.1094
FDW43,OUT035,3888.8804
FDW10,OUT046,3005.1091
FDY14,OUT027,5123.47
FDV43,OUT045,404.07428
FDO40,OUT013,2697.5488
FDP46,OUT027,3150.3577
NCE43,OUT019,594.43945
FDD05,OUT035,2338.6624
FDJ60,OUT010,370.92618
DRE27,OUT018,1263.1686
FDO11,OUT035,5696.2065
DRG11,OUT027,2533.5918
FDK33,OUT010,588.95154
DRM23,OUT045,3113.7656
FDJ02,OUT027,3768.547
NCZ05,OUT045,1505.5995
NCL30,OUT013,1333.3975
FDZ19,OUT018,3245.6902
FDM45,OUT049,2281.6096
FDO36,OUT046,3024.6897
NCK31,OUT045,839.4855
DRJ37,OUT045,2758.8232
FDP24,OUT018,1681.9647
FDF46,OUT013,1336.8627
FDX46,OUT019,131.12502
NCL18,OUT045,1975.9241
FDJ26,OUT013,1908.7279
FDJ07,OUT045,1315.3846
FDY15,OUT013,1722.7161
DRG01,OUT045,897.1047
FDF58,OUT045,869.43976
FDZ14,OUT019,350.8909
FDP31,OUT049,303.93552
FDH45,OUT013,703.3409
FDA09,OUT010,688.07385
FDW31,OUT035,2027.0505
FDA57,OUT046,962.8371
NCE55,OUT035,2773.9504
FDC17,OUT019,869.45026
FDC59,OUT013,660.4108
FDA22,OUT013,2862.0427
FDK52,OUT035,4203.277
NCM26,OUT046,2458.2737
NCT53,OUT035,3361.353
FDW45,OUT018,2613.8044
NCI18,OUT035,2116.8972
FDE38,OUT018,3048.1233
FDF08,OUT019,123.4559
FDY58,OUT010,482.28595
FDF58,OUT019,128.27376
FDX39,OUT017,5086.0107
FDB44,OUT049,2720.629
FDF28,OUT013,2296.3862
FDE39,OUT013,2276.3918
FDT37,OUT018,2355.468
FDZ45,OUT017,4468.2554
FDO40,OUT035,3357.4038
FDM57,OUT027,2357.9937
DRG36,OUT017,3648.0923
FDY36,OUT010,341.52658
DRL60,OUT027,3764.2112
FDS25,OUT019,248.66554
DRF49,OUT027,1956.7037
FDP16,OUT045,4719.149
FDS60,OUT049,2887.3032
FDU15,OUT027,1199.467
FDK43,OUT046,1633.158
FDN25,OUT046,564.8705
FDE53,OUT049,1404.3638
FDB22,OUT013,2616.5872
FDE39,OUT017,2722.5835
FDX35,OUT035,4085.7505
NCG54,OUT049,3495.995
FDH27,OUT035,2396.901
NCK42,OUT013,3211.929
FDS25,OUT049,1686.7224
FDI10,OUT018,3173.6978
FDU35,OUT035,2306.408
FDI04,OUT017,3494.9988
DRK23,OUT035,6052.9233
FDB53,OUT019,228.04202
FDY02,OUT049,4909.871
FDM60,OUT035,530.8992
NCJ31,OUT010,618.5637
DRP35,OUT017,1438.328
NCQ30,OUT018,1284.217
DRL11,OUT010,457.3956
FDU01,OUT013,4207.4126
FDR39,OUT035,3221.1333
FDO08,OUT046,2157.9395
FDC02,OUT045,4495.159
NCZ29,OUT035,2176.2954
FDF29,OUT010,499.02567
FDZ23,OUT017,3296.86
NCU53,OUT018,1680.2203
NCW30,OUT013,4627.5107
NCM26,OUT027,4292.2627
FDV50,OUT027,3089.1616
FDW15,OUT049,2183.8767
FDI35,OUT027,6266.684
FDO11,OUT017,4776.917
FDN48,OUT046,1523.0913
NCA17,OUT049,2472.8687
NCN54,OUT013,793.42004
FDP22,OUT013,800.35516
NCB54,OUT035,2255.5212
FDD08,OUT045,611.228
DRM48,OUT010,136.96826
FDG41,OUT027,3158.271
FDE44,OUT027,2168.9463
FDE26,OUT035,2105.3367
NCS38,OUT013,1459.6626
NCJ54,OUT018,2086.9658
FDI40,OUT019,274.37512
FDN45,OUT018,4203.276
FDU43,OUT046,5138.68
FDI04,OUT010,1151.4083
NCC07,OUT018,1030.3142
NCC07,OUT019,381.37946
NCD18,OUT045,4087.8923
FDU55,OUT035,4269.5273
FDX59,OUT035,555.1872
FDR52,OUT049,3322.598
NCP17,OUT013,744.798
FDQ32,OUT045,2433.987
NCT17,OUT049,2379.3127
FDO10,OUT049,1201.4917
FDE32,OUT049,504.30362
FDN44,OUT045,2523.3953
FDH02,OUT035,1273.7443
FDK60,OUT013,1536.2905
FDS24,OUT019,295.39865
FDL03,OUT010,486.89346
FDB46,OUT027,4926.7275
FDO48,OUT049,3433.7773
FDZ39,OUT049,1573.0763
FDT02,OUT027,752.53735
FDC50,OUT013,2486.7393
FDP39,OUT035,857.56195
DRG15,OUT018,1107.3229
FDP10,OUT018,1536.0625
FDF53,OUT027,5616.726
FDN34,OUT045,2385.6296
FDK02,OUT045,1850.4409
FDC23,OUT045,3102.859
FDJ10,OUT019,22.176405
FDE53,OUT035,1165.7429
FDR25,OUT035,3677.3152
FDW50,OUT046,1716.7383
FDS09,OUT049,952.3847
FDW49,OUT010,754.7331
FDU51,OUT046,2706.1526
FDF28,OUT018,1227.975
NCY30,OUT018,2215.9255
FDD44,OUT045,5821.5693
FDX09,OUT017,3732.0044
NCF30,OUT013,2429.481
FDZ50,OUT019,598.0014
FDW37,OUT013,1146.1581
FDD11,OUT049,2180.0732
DRH39,OUT018,1155.6667
FDA36,OUT049,2974.5417
NCG43,OUT049,1567.5011
FDF02,OUT035,1853.1862
FDP57,OUT027,2208.513
NCE42,OUT017,1599.8862
NCR38,OUT027,4320.9985
FDP03,OUT019,476.99374
FDO51,OUT035,937.79
NCQ42,OUT046,1088.0848
NCM41,OUT046,1197.915
FDH48,OUT027,2163.9348
DRF60,OUT046,3649.401
FDJ27,OUT035,2087.6973
FDQ14,OUT013,2046.395
FDN27,OUT017,1556.1389
NCQ02,OUT046,2928.3032
FDJ33,OUT049,1956.7037
FDP07,OUT027,6169.4536
DRE01,OUT049,5012.596
FDU36,OUT045,1323.5161
FDL28,OUT017,3380.96
NCX53,OUT046,2608.3977
FDZ39,OUT013,1349.4692
NCP42,OUT013,2849.328
FDJ14,OUT035,1513.2252
FDK04,OUT049,918.97217
NCC19,OUT017,3120.1755
FDS09,OUT018,732.67377
FDZ02,OUT046,1313.2543
FDD35,OUT018,1760.208
NCY42,OUT017,2773.9163
FDB05,OUT045,4191.349
FDF20,OUT035,3337.4817
NCO41,OUT018,1325.7665
FDC40,OUT027,2250.5393
FDV58,OUT045,1539.0337
FDZ57,OUT045,987.5895
DRM35,OUT046,3590.1868
DRN36,OUT018,1061.2716
FDQ13,OUT046,1026.0327
DRO35,OUT010,365.93118
NCD43,OUT035,1532.5138
FDA51,OUT018,1681.2324
NCX17,OUT027,6759.912
NCZ17,OUT049,801.08563
FDR11,OUT027,3951.7102
FDW34,OUT049,2669.1733
FDN50,OUT017,1808.6848
FDS09,OUT046,1007.5304
FDS48,OUT018,1976.5396
FDL44,OUT049,3209.874
DRF48,OUT018,1409.3761
FDA14,OUT018,1604.4662
NCD30,OUT049,2086.143
FDI16,OUT017,853.0391
NCG06,OUT035,3376.6162
DRZ24,OUT035,2765.7173
NCS17,OUT045,1513.6898
FDB37,OUT045,4559.42
FDE10,OUT035,2174.8992
FDC57,OUT045,2916.3594
FDM12,OUT018,2574.6768
FDE24,OUT049,2196.1853
FDW22,OUT045,4518.3325
DRD01,OUT027,1405.3768
NCZ18,OUT027,4318.7515
FDN49,OUT045,392.7482
FDR22,OUT035,2435.135
FDV08,OUT019,145.45117
FDY39,OUT046,4142.222
FDV36,OUT049,2436.8535
FDO60,OUT045,956.2118
FDU04,OUT027,3312.693
FDR20,OUT027,1573.931
FDW19,OUT019,292.4113
FDU40,OUT049,3203.169
FDK15,OUT045,1003.1871
DRF15,OUT035,1365.1233
FDQ25,OUT017,2868.1084
FDI48,OUT019,245.83937
FDS49,OUT046,1470.1072
FDV22,OUT046,2602.9539
NCV42,OUT046,1736.2834
FDX26,OUT046,3033.052
FDI33,OUT018,1713.5139
FDZ14,OUT049,2262.0774
FDG10,OUT013,395.10382
FDM38,OUT018,693.65485
FDG26,OUT027,5074.9233
FDH46,OUT035,1613.8314
FDN13,OUT018,1003.1984
FDU57,OUT035,3181.6545
NCI06,OUT046,3086.5266
FDM38,OUT045,876.61444
NCG42,OUT010,394.42044
FDL39,OUT045,1535.2572
FDT31,OUT019,-619.097
FDV59,OUT013,3806.906
FDB49,OUT035,1698.35
FDD58,OUT049,1885.7522
DRN59,OUT046,805.52277
FDX48,OUT049,2133.0627
FDQ11,OUT049,3259.7424
FDY12,OUT049,1046.9757
FDQ11,OUT045,2589.1992
DRI11,OUT017,1966.4834
FDY32,OUT027,4643.9995
FDS51,OUT045,718.59625
FDR19,OUT010,674.212
DRB13,OUT018,2410.5515
FDS21,OUT035,934.38934
FDQ40,OUT045,2817.102
NCE55,OUT013,3213.3254
FDX43,OUT027,3616.129
FDS12,OUT049,2110.2173
DRK01,OUT027,2240.5344
FDN25,OUT017,299.09055
FDB60,OUT046,3498.4714
FDQ13,OUT017,1555.6017
DRK13,OUT045,4340.6216
DRF25,OUT018,416.74664
NCD42,OUT019,363.699
FDW25,OUT045,1209.9396
NCV29,OUT027,4257.706
NCK42,OUT035,3994.6191
DRJ13,OUT027,5058.886
DRD15,OUT017,3159.3767
FDM27,OUT045,2402.3384
FDZ50,OUT018,2836.0278
FDC04,OUT046,3502.4133
FDF50,OUT049,2715.388
FDP15,OUT045,3889.302
FDK46,OUT035,5261.3096
FDZ56,OUT018,1943.9795
FDY60,OUT049,2571.1936
FDB10,OUT035,2856.2996
FDR57,OUT045,2383.0417
FDU58,OUT049,3436.3696
FDH02,OUT046,1072.8104
FDP48,OUT013,3392.221
FDI46,OUT035,3784.8652
FDW56,OUT013,4396.1016
NCM19,OUT010,192.80751
FDS50,OUT027,5214.0933
FDK24,OUT013,1093.0776
FDO36,OUT017,3415.5417
FDK45,OUT027,2363.5764
NCL05,OUT045,799.09796
FDL32,OUT018,1222.0875
FDA28,OUT049,2494.918
FDY36,OUT018,974.31024
FDP32,OUT018,1720.6422
FDL50,OUT046,1319.5599
DRC24,OUT049,2757.5334
NCS18,OUT017,1829.0033
FDD16,OUT017,1705.5271
NCV18,OUT013,2441.4497
FDX07,OUT046,2481.4614
NCZ05,OUT027,2973.1372
NCI31,OUT013,732.50836
FDK14,OUT049,880.91345
NCR06,OUT045,790.2677
NCF54,OUT049,2951.393
DRG23,OUT010,89.27014
FDD53,OUT046,580.58417
NCM31,OUT027,3718.652
FDT16,OUT017,4398.919
FDR40,OUT035,1136.3611
DRG25,OUT017,3523.6914
FDT10,OUT035,1221.7407
FDY32,OUT013,3686.5557
FDN50,OUT035,1910.8636
FDZ35,OUT019,118.94686
NCP54,OUT045,1874.28
NCD07,OUT035,847.2805
FDS02,OUT018,3152.2742
DRN59,OUT018,287.97943
DRB24,OUT013,2081.5767
FDP37,OUT027,3983.146
DRB01,OUT018,1667.4479
FDR47,OUT046,2220.4504
NCM31,OUT010,783.2747
NCF06,OUT027,6126.7783
NCV17,OUT027,3348.5999
FDS10,OUT049,2253.5547
FDN52,OUT035,1121.6505
FDZ48,OUT013,2044.6467
FDJ48,OUT049,2374.618
DRB13,OUT027,5601.163
FDV59,OUT017,3523.686
FDL32,OUT035,1424.2372
FDZ12,OUT035,2489.2795
NCR06,OUT027,1034.0651
FDP51,OUT017,2610.0852
FDY22,OUT013,2398.4634
FDZ38,OUT049,4205.4243
NCO54,OUT035,788.35565
FDR23,OUT035,1894.6754
FDM38,OUT049,855.14844
FDS25,OUT013,2195.4797
FDZ22,OUT013,1414.6044
FDZ20,OUT019,1550.4984
FDD45,OUT010,118.218185
FDN03,OUT049,2130.378
NCW30,OUT046,2211.8564
FDY24,OUT027,1213.588
FDJ26,OUT019,1298.5227
FDM15,OUT049,2425.072
NCW54,OUT027,1700.2106
FDA23,OUT045,1566.6066
FDA39,OUT019,-63.50398
FDZ12,OUT017,3166.6775
NCB42,OUT046,2136.0925
FDL16,OUT046,1042.1034
FDO24,OUT019,12.815632
NCP42,OUT046,3015.8245
FDR19,OUT018,2666.9863
DRL01,OUT045,3525.5156
FDV37,OUT046,1936.5094
FDI41,OUT010,478.1001
FDF58,OUT049,692.2491
NCF43,OUT018,1518.2491
FDN02,OUT049,3662.127
NCP41,OUT035,1226.73
NCY17,OUT027,1539.8741
FDL58,OUT027,6517.083
NCA30,OUT027,6494.272
FDE46,OUT018,2099.2332
FDY38,OUT035,5030.5117
NCH29,OUT027,2707.8296
FDO20,OUT045,3738.6135
FDP44,OUT018,1044.3047
FDM02,OUT027,1915.6411
FDJ14,OUT027,2499.4746
FDH04,OUT010,500.67108
DRK23,OUT046,5596.549
NCW05,OUT046,2634.0278
FDF12,OUT049,2789.746
FDL51,OUT019,180.17233
FDN03,OUT018,4125.8335
DRJ37,OUT049,2287.8052
FDM12,OUT019,412.65695
FDA16,OUT045,4613.8984
NCB07,OUT017,2182.1028
NCI17,OUT019,218.90436
FDR51,OUT046,2342.073
FDJ55,OUT045,4896.503
NCZ17,OUT013,702.27795
FDU25,OUT013,796.1531
NCG18,OUT045,1801.5288
DRM11,OUT017,4284.102
FDH16,OUT035,1074.575
FDZ04,OUT018,1004.8712
NCX53,OUT035,2388.573
FDX38,OUT027,1265.29
FDX09,OUT046,3345.4656
NCW05,OUT018,2321.0496
NCS41,OUT017,3996.7913
FDI26,OUT046,3421.411
NCZ41,OUT027,3783.9226
NCK06,OUT046,1528.9253
FDX23,OUT027,1729.3857
NCA42,OUT046,1949.5715
FDC20,OUT049,425.12616
DRC49,OUT018,1198.1912
FDX01,OUT013,959.53656
FDC08,OUT045,4772.2075
FDC02,OUT017,5660.542
FDK10,OUT045,2201.7305
DRC24,OUT013,2954.2734
FDW16,OUT019,150.68404
NCU06,OUT018,3417.3938
DRA59,OUT045,2218.733
FDR24,OUT019,343.54327
DRL35,OUT018,199.54869
FDA49,OUT013,1443.9097
NCC55,OUT046,492.6321
DRD24,OUT019,402.99045
NCE55,OUT049,3410.4895
FDT33,OUT045,2895.6453
NCT53,OUT013,2510.3562
FDS26,OUT046,2358.4783
FDL22,OUT018,1235.8658
FDP44,OUT017,1806.3992
FDC52,OUT018,1767.3728
FDI53,OUT010,180.86743
FDZ23,OUT046,3965.8997
NCT18,OUT013,4352.0405
FDR13,OUT046,1939.2104
FDB09,OUT010,300.9758
FDZ60,OUT013,1501.3217
FDB11,OUT046,4059.1042
FDC10,OUT018,1186.3656
FDW56,OUT035,4418.2334
FDK14,OUT027,1960.8612
DRE27,OUT027,2149.3591
FDA38,OUT017,3430.2898
FDT11,OUT045,2687.8281
FDP15,OUT035,3709.18
FDV27,OUT035,1495.0072
FDS36,OUT027,2566.6965
FDY40,OUT027,1010.4603
NCF19,OUT049,728.8425
FDF53,OUT045,3992.4868
FDS14,OUT027,4476.957
FDE56,OUT046,924.6965
FDZ19,OUT035,2684.309
FDZ46,OUT013,1205.526
FDR16,OUT046,4618.1665
FDG29,OUT018,393.27283
NCE30,OUT017,2271.7053
FDZ40,OUT046,990.2447
FDG58,OUT018,2084.599
DRH03,OUT013,1282.1941
FDZ47,OUT045,1340.0653
FDV04,OUT018,2340.1504
FDZ10,OUT018,2043.389
FDG46,OUT017,2537.8848
NCF07,OUT045,1331.5991
FDY44,OUT035,2825.7742
FDB21,OUT013,4343.8945
FDS20,OUT035,3113.298
FDS49,OUT049,1432.3997
FDX55,OUT027,3427.315
NCQ02,OUT018,2489.9902
FDR25,OUT013,4571.788
DRG39,OUT045,741.17413
FDB46,OUT046,2990.8828
NCC30,OUT018,2432.3271
FDE58,OUT035,2213.749
FDC05,OUT019,1132.8037
FDY15,OUT046,2200.484
FDG14,OUT046,2771.1084
FDL08,OUT049,3456.3315
FDQ47,OUT013,563.759
FDN12,OUT035,1461.6603
FDW10,OUT013,2713.293
FDD02,OUT035,2219.902
FDX35,OUT010,764.5467
FDT35,OUT046,2544.2578
DRN47,OUT019,157.38034
FDB11,OUT010,1025.1084
FDN20,OUT045,2608.2292
FDB59,OUT035,2719.0322
FDJ58,OUT045,3592.8718
FDU60,OUT046,3924.6619
FDS03,OUT049,1565.4531
FDU40,OUT019,722.36975
DRH15,OUT049,996.4334
FDD04,OUT027,4141.4624
FDQ01,OUT046,3891.7764
FDF28,OUT035,1909.4211
FDD22,OUT010,525.1322
FDY19,OUT046,2175.8513
FDN33,OUT035,1630.8319
FDV36,OUT035,2057.0469
FDW01,OUT010,327.12866
FDJ28,OUT049,3470.4277
FDB17,OUT035,3081.0667
FDM40,OUT049,1399.3182
FDV46,OUT045,2497.8955
FDQ44,OUT049,2196.861
NCD42,OUT046,855.98413
DRH37,OUT046,1858.9166
FDR10,OUT018,2831.2603
NCD06,OUT027,1465.4678
FDI53,OUT046,2469.6418
FDG16,OUT035,3848.9956
DRB25,OUT046,1435.8353
FDY09,OUT046,3152.369
FDX48,OUT045,2609.8818
FDC03,OUT010,284.93915
FDT47,OUT035,2647.8875
FDW44,OUT027,3677.8142
FDT24,OUT017,1481.1494
FDT12,OUT019,361.22516
NCS38,OUT035,2099.8389
FDO39,OUT035,3001.8247
FDA13,OUT046,581.3852
FDO48,OUT035,4179.1934
DRJ01,OUT017,2114.5679
FDD53,OUT018,570.7885
NCT05,OUT049,3350.6758
FDQ51,OUT045,806.21893
FDU60,OUT013,3035.5764
FDC59,OUT046,788.5154
FDP36,OUT035,1044.9557
NCM19,OUT017,1546.3563
FDL16,OUT035,994.223
FDE50,OUT018,1615.4491
NCR18,OUT013,306.09634
NCD30,OUT035,2122.812
FDH31,OUT013,1166.7474
FDD56,OUT019,473.21167
FDC47,OUT049,4522.431
FDZ21,OUT045,1602.3805
FDM01,OUT049,2127.54
FDF24,OUT013,1415.2377
FDW23,OUT017,614.3549
FDY52,OUT018,1183.813
DRH37,OUT027,5452.989
DRO47,OUT027,3176.689
FDR25,OUT049,3800.3943
FDQ24,OUT027,6321.0684
DRJ51,OUT018,4809.271
NCU06,OUT035,4523.7124
NCV18,OUT018,1194.1279
NCC06,OUT027,2966.4385
FDZ01,OUT018,1393.0342
FDT14,OUT017,2309.8308
FDD11,OUT019,1469.638
FDN09,OUT017,3926.8528
NCO18,OUT010,619.4828
FDZ50,OUT045,2541.8096
FDS44,OUT013,3152.2544
FDI36,OUT045,2558.324
FDA26,OUT010,16.218904
NCY53,OUT049,1499.7992
FDF32,OUT049,3663.5664
FDF59,OUT010,353.15714
FDB20,OUT046,1433.7799
DRH11,OUT035,899.79346
FDT03,OUT049,1496.3721
NCH06,OUT035,2287.9387
FDR55,OUT049,3556.9136
FDI10,OUT035,3461.6716
FDZ12,OUT045,2115.461
FDM12,OUT049,4002.279
DRB25,OUT045,1490.0455
NCS41,OUT013,3040.1648
NCT53,OUT049,2999.9841
NCD55,OUT013,472.52982
FDY08,OUT049,1728.6604
NCP55,OUT049,901.6378
FDA33,OUT013,2574.09
FDQ33,OUT013,3778.5476
FDE45,OUT027,4417.357
FDT26,OUT013,1789.9213
NCV53,OUT049,4259.8623
FDK60,OUT027,2331.8538
NCJ29,OUT046,1085.3024
FDI15,OUT045,3187.8245
FDX21,OUT013,1886.0127
FDV49,OUT019,619.6628
DRO59,OUT046,1670.3091
FDZ14,OUT045,1306.8025
FDP32,OUT027,2766.8416
FDC33,OUT017,3862.2107
FDT14,OUT010,384.677
NCN54,OUT027,2097.4924
FDR57,OUT027,4412.126
DRK12,OUT046,257.55612
FDX52,OUT049,3572.3123
FDX08,OUT010,1157.9294
FDP10,OUT010,194.15762
NCP50,OUT045,1364.4432
NCL06,OUT013,4296.803
FDP25,OUT013,3088.1174
FDE53,OUT013,1331.0237
FDL27,OUT017,1302.0986
FDC35,OUT049,3918.5623
DRJ47,OUT010,362.6075
FDD16,OUT018,1149.1376
NCN42,OUT049,2716.747
FDC38,OUT027,2502.8225
NCO07,OUT045,3089.4722
FDQ20,OUT049,5.7024097
FDI32,OUT046,2384.3196
FDN20,OUT010,-56.953854
DRJ51,OUT027,7066.338
FDU08,OUT045,1174.6677
DRN37,OUT019,280.41916
FDD05,OUT010,677.40515
FDW15,OUT046,2179.1646
FDI52,OUT046,1670.9539
DRM11,OUT049,2557.4988
NCO06,OUT045,503.94647
FDU38,OUT049,4471.161
FDU59,OUT018,3642.2798
FDJ10,OUT046,1288.2102
FDM13,OUT049,1231.6774
NCJ30,OUT019,362.70758
FDM45,OUT018,2139.1763
FDP36,OUT045,815.4014
NCD30,OUT010,149.46529
FDN48,OUT017,1513.3301
FDY32,OUT049,3925.7632
FDU47,OUT046,3000.2805
FDF17,OUT019,300.15326
FDP34,OUT017,2548.7603
FDA47,OUT049,3165.3748
DRD27,OUT027,2001.3414
FDW38,OUT045,770.0177
FDZ15,OUT019,645.9382
FDZ03,OUT027,6985.036
NCN19,OUT049,3402.546
FDG02,OUT035,2086.8694
FDS31,OUT035,3650.0427
FDW43,OUT019,222.275
FDZ47,OUT010,139.7826
FDO57,OUT017,2015.4774
NCL07,OUT013,521.7985
NCV42,OUT013,1833.389
FDP40,OUT017,1517.8827
FDP48,OUT019,474.13104
FDH21,OUT017,1574.742
NCP02,OUT049,874.7518
FDK24,OUT049,763.0175
FDC41,OUT045,1007.1856
FDF08,OUT017,1276.5143
FDO49,OUT017,493.37857
FDS56,OUT027,6301.4224
FDX46,OUT018,494.0831
FDQ07,OUT013,3139.1462
FDC32,OUT010,219.71225
FDT21,OUT019,-88.7641
FDG58,OUT045,1981.3813
FDW14,OUT049,1229.1969
DRA12,OUT027,3643.4082
FDV27,OUT013,1335.0839
DRD25,OUT013,1949.2744
DRF48,OUT027,5453.4985
FDX24,OUT017,1723.3522
DRJ51,OUT046,3690.7827
FDE45,OUT045,3187.9001
FDE14,OUT046,2051.23
FDG53,OUT045,1694.6387
FDT08,OUT046,2659.294
DRC27,OUT027,7464.8643
FDG20,OUT035,2229.7283
FDC21,OUT046,1351.5338
FDV31,OUT018,2376.1455
FDB58,OUT045,2586.8708
FDV23,OUT046,1918.083
FDA25,OUT019,253.20497
FDC15,OUT046,2397.9463
FDU47,OUT049,2334.4866
FDE23,OUT013,246.84262
FDS08,OUT013,2789.1528
FDW03,OUT027,2638.3606
FDJ60,OUT018,2342.8623
FDM34,OUT017,1620.6411
FDW33,OUT013,1888.7047
FDZ40,OUT013,894.0304
FDE33,OUT018,1004.3943
NCC06,OUT010,552.8015
FDU11,OUT046,1219.9077
FDL44,OUT017,3177.6338
NCZ29,OUT017,2133.2014
FDG28,OUT010,594.07214
FDL12,OUT018,902.3008
FDD52,OUT017,1877.3099
FDO15,OUT013,985.54974
NCN29,OUT027,1347.7526
FDW36,OUT013,1478.0125
FDB21,OUT046,4324.857
FDZ28,OUT013,1510.4167
FDY10,OUT035,2161.7534
DRG39,OUT017,499.62878
FDN28,OUT013,1544.1482
FDV15,OUT035,2585.55
DRI13,OUT035,3722.388
FDH20,OUT046,2019.7214
FDY51,OUT013,5302.709
FDE16,OUT013,3362.0474
FDX40,OUT018,360.9781
FDC48,OUT018,1706.7043
FDS14,OUT046,2243.4226
FDX56,OUT017,5594.0493
FDI10,OUT046,3576.5645
FDI14,OUT013,2167.0408
DRM48,OUT013,1165.2722
NCH07,OUT027,3836.3335
FDY26,OUT013,3454.1326
FDD02,OUT027,3105.4763
FDM12,OUT046,3428.522
DRF01,OUT010,721.21454
FDV36,OUT046,2229.3455
DRI59,OUT013,3682.4868
FDV03,OUT018,2607.7522
FDO39,OUT017,3845.437
NCB07,OUT018,2120.0369
FDH38,OUT027,2346.5303
FDZ13,OUT035,666.3498
NCZ30,OUT046,1649.6206
NCA06,OUT035,316.9191
FDB04,OUT049,1265.2637
FDN50,OUT013,1354.9287
NCG06,OUT049,3567.664
NCY17,OUT018,332.6899
FDC23,OUT046,2063.342
FDK33,OUT049,4197.2495
FDR03,OUT049,2320.6306
FDZ07,OUT045,932.3377
FDO38,OUT013,934.57544
FDS59,OUT046,2125.2593
DRM11,OUT019,508.53314
FDX52,OUT027,5469.1475
DRJ35,OUT018,538.31854
NCP53,OUT046,4687.54
FDW15,OUT019,120.17259
DRI47,OUT045,2558.8794
DRZ11,OUT035,1505.3672
FDS02,OUT013,2533.6948
DRD49,OUT018,4275.6113
FDW38,OUT049,1211.8046
FDR21,OUT019,503.199
FDE40,OUT013,1016.18256
FDI02,OUT045,1598.5225
FDQ04,OUT045,731.8853
FDY14,OUT017,5164.4067
NCT54,OUT046,1443.8384
DRD25,OUT017,1547.6019
DRE01,OUT045,6121.123
FDJ12,OUT010,803.2235
NCZ05,OUT049,1542.8802
DRB25,OUT019,91.848045
NCC31,OUT045,2048.8418
FDM16,OUT045,1027.8062
DRG11,OUT049,2133.7134
FDV24,OUT027,3638.8298
FDV43,OUT046,538.6156
FDG05,OUT018,2602.0862
FDV23,OUT010,324.23785
FDI58,OUT018,1348.6356
FDQ11,OUT017,4361.3467
FDC05,OUT027,6424.4146
FDF40,OUT013,3491.8228
FDU02,OUT018,4542.1313
FDT32,OUT013,2935.1467
NCF06,OUT017,3779.958
FDT46,OUT013,752.32874
FDR58,OUT010,175.04593
FDY04,OUT046,2206.077
FDT58,OUT045,1639.1812
FDE46,OUT049,1578.2905
DRH11,OUT017,529.3648
DRI51,OUT046,3277.7278
FDC35,OUT017,2780.109
FDP45,OUT035,4221.0
FDC45,OUT017,2743.8076
FDU01,OUT045,3765.218
FDJ53,OUT010,342.2434
FDJ46,OUT017,3522.998
FDX07,OUT013,3293.7827
NCI30,OUT049,3943.582
FDE47,OUT027,3722.164
FDV48,OUT045,1317.2631
FDN16,OUT019,181.40326
FDM52,OUT013,2981.762
FDA32,OUT027,4128.198
FDH05,OUT017,3319.8545
FDW25,OUT010,-28.73309
FDQ09,OUT046,1564.3706
NCM17,OUT010,178.26747
DRM59,OUT046,2199.684
FDV47,OUT027,1386.8085
DRE15,OUT035,1427.2015
FDS25,OUT010,121.34971
NCZ05,OUT018,1156.3601
NCV05,OUT019,392.83618
DRM37,OUT046,3896.587
FDV58,OUT027,5778.9326
FDN22,OUT027,6158.1963
NCO06,OUT049,470.94852
FDT56,OUT019,176.26314
FDM02,OUT013,1083.2786
FDA09,OUT046,2447.1606
NCC06,OUT035,3102.203
NCL54,OUT049,3550.5015
NCB55,OUT017,641.92206
FDB12,OUT017,1694.55
NCA54,OUT049,3508.234
NCS38,OUT049,2317.0823
FDC02,OUT049,3816.6045
FDK44,OUT019,30.218836
FDE16,OUT035,4694.8003
NCS05,OUT035,2924.7766
FDZ59,OUT045,2560.4
FDI20,OUT017,3903.2888
FDQ14,OUT046,2813.2346
FDF53,OUT017,4270.1636
FDW25,OUT017,1040.6873
NCQ43,OUT010,-4.2055125
FDX52,OUT013,3178.0154
FDE28,OUT045,4755.62
FDN15,OUT017,1155.6644
FDO28,OUT017,2174.6726
FDQ33,OUT045,3855.5122
FDM22,OUT010,327.568
FDJ03,OUT017,960.8329
FDI16,OUT045,908.0694
FDI09,OUT027,4780.613
FDX55,OUT013,3232.873
FDS23,OUT027,3933.484
DRC12,OUT045,3104.2822
FDH41,OUT049,3930.012
FDN01,OUT013,1049.0181
FDV55,OUT045,1980.9913
NCJ19,OUT013,924.5532
NCY29,OUT010,296.4125
FDP03,OUT018,1225.1223
FDZ52,OUT045,1345.3932
FDH31,OUT010,339.89288
FDQ19,OUT018,2325.2007
FDS15,OUT035,1974.9652
FDN32,OUT017,3205.1387
FDH32,OUT049,1672.1576
FDF33,OUT017,1946.4062
FDJ22,OUT046,1990.2719
FDG56,OUT010,335.8989
FDC05,OUT046,3912.597
FDK09,OUT013,4115.2036
NCV29,OUT045,3143.7012
NCC43,OUT019,1339.7283
NCA42,OUT049,3024.1077
FDC10,OUT046,1441.2869
FDC16,OUT013,1234.8252
NCL17,OUT013,1708.206
FDA51,OUT035,2084.8953
FDW01,OUT017,2350.1895
NCF30,OUT045,1637.6277
FDN49,OUT013,328.07153
FDY20,OUT045,1188.9033
FDC15,OUT045,1950.813
FDY24,OUT046,1081.9548
NCG43,OUT017,1606.6053
FDA48,OUT013,3829.8276
NCF55,OUT017,740.02893
FDL38,OUT049,1782.0034
NCQ29,OUT018,3355.3486
FDC34,OUT017,3410.5925
FDP36,OUT027,1753.0059
FDN50,OUT010,250.81036
FDO23,OUT049,1747.6324
FDT56,OUT013,694.14087
FDT13,OUT027,4511.606
FDZ03,OUT013,3336.342
FDQ03,OUT010,782.15234
FDU44,OUT045,3172.724
FDD03,OUT049,3490.5774
NCH30,OUT013,1498.6705
FDS60,OUT010,477.39175
FDG08,OUT046,3513.03
FDX38,OUT017,1310.4657
FDD22,OUT017,1788.0383
FDW51,OUT013,3823.689
FDL09,OUT017,2440.4421
FDZ60,OUT045,1121.5168
NCH07,OUT046,2298.6287
NCQ41,OUT049,2908.1914
FDW04,OUT049,1000.9919
FDI08,OUT027,7167.667
FDR19,OUT019,428.24707
FDV13,OUT046,1646.9218
FDB52,OUT017,2537.408
FDZ48,OUT027,2707.585
NCO14,OUT049,711.7772
FDZ50,OUT013,3400.4604
FDN27,OUT019,272.75024
FDQ60,OUT013,3358.8784
FDR49,OUT017,1135.767
DRJ35,OUT027,1285.5233
DRI49,OUT017,1502.6647
FDB47,OUT017,4221.639
FDP37,OUT010,503.8798
FDR26,OUT049,1812.61
FDY31,OUT019,292.27396
FDC11,OUT045,1873.5867
DRP47,OUT035,4158.972
NCY54,OUT018,1400.1068
FDR27,OUT046,1705.2773
FDQ21,OUT019,335.53268
NCQ29,OUT035,4325.7905
FDJ02,OUT046,2121.0295
FDE21,OUT018,1472.326
FDM39,OUT046,3556.2312
FDZ01,OUT017,2101.372
NCB19,OUT018,1924.8594
FDU03,OUT046,1778.7112
FDP27,OUT049,4479.0024
DRF01,OUT045,2346.2188
FDM03,OUT049,2049.3752
FDV01,OUT046,2341.0244
FDS16,OUT046,3788.1707
FDO45,OUT035,1290.755
NCX06,OUT035,2410.37
FDP13,OUT046,737.8796
NCR38,OUT018,3713.0894
FDA01,OUT013,871.5511
FDT26,OUT017,1969.9188
FDD44,OUT027,5202.046
FDB26,OUT013,689.23694
FDP45,OUT019,1098.8007
NCP55,OUT046,1073.316
FDT23,OUT017,1337.1814
FDO51,OUT045,684.2394
FDA44,OUT046,881.61414
NCJ31,OUT018,3847.2769
FDX37,OUT045,2088.736
NCD18,OUT049,2746.8242
FDN40,OUT027,2704.5254
FDL33,OUT017,3374.2988
DRF48,OUT035,2080.8904
FDW08,OUT035,1990.9493
FDX39,OUT018,3377.7253
FDB38,OUT049,2506.0386
FDY46,OUT018,2589.7397
NCB06,OUT049,3063.6619
FDA34,OUT035,4455.0054
FDA35,OUT045,1629.0681
FDQ07,OUT035,3036.2925
FDU32,OUT045,1762.7115
FDU26,OUT013,1697.7084
FDU13,OUT010,248.20221
FDO09,OUT035,4364.464
FDW03,OUT019,243.26894
FDB38,OUT013,1960.9325
FDL26,OUT010,205.38731
NCN43,OUT045,1755.3431
FDH08,OUT045,3807.1602
NCC31,OUT019,298.96097
FDH14,OUT035,2073.6157
FDL40,OUT017,1372.3292
FDD20,OUT035,1605.7943
NCV53,OUT035,6809.968
FDD16,OUT045,1344.3389
FDP24,OUT035,1267.1277
FDQ25,OUT045,2926.0679
FDM38,OUT035,989.2843
NCT18,OUT010,955.9652
FDM34,OUT049,1700.526
DRH37,OUT010,299.24475
NCE07,OUT013,1718.7965
FDG12,OUT013,1838.4213
FDB59,OUT010,381.4422
FDS10,OUT018,2776.8494
FDN21,OUT010,834.06934
FDM02,OUT045,1035.864
FDO44,OUT049,1709.0583
NCN17,OUT017,1277.1053
FDH16,OUT018,985.6016
FDL44,OUT046,3107.364
FDY47,OUT017,1601.0405
DRI39,OUT046,823.5385
NCX54,OUT018,1182.8751
FDE59,OUT046,670.9115
FDO46,OUT045,3225.248
DRE13,OUT046,939.3702
FDW14,OUT013,1096.0255
FDF35,OUT046,1028.5238
FDO50,OUT019,311.2729
DRF49,OUT017,1650.3483
FDT60,OUT049,2111.956
FDP38,OUT045,676.1625
FDA31,OUT027,4501.2485
FDY52,OUT010,83.89449
FDD03,OUT027,6055.162
FDN52,OUT018,1044.725
FDU20,OUT010,392.04666
FDD22,OUT035,2071.2644
NCB55,OUT019,230.8048
FDN27,OUT045,1271.2559
FDD16,OUT013,1781.655
FDW48,OUT046,1044.358
DRN35,OUT045,594.08997
FDX25,OUT049,3126.9878
DRD49,OUT049,3763.9106
FDE21,OUT019,438.76724
FDN44,OUT035,2912.9934
DRC01,OUT049,941.64703
NCK30,OUT046,4900.648
FDU39,OUT013,1020.06573
FDB49,OUT013,1370.0254
FDS12,OUT045,1943.1512
FDR57,OUT018,3292.452
FDX22,OUT027,6003.3584
FDC60,OUT013,2082.2334
NCE42,OUT049,1426.0354
NCK42,OUT049,3728.1147
DRE01,OUT017,3701.426
FDE57,OUT018,2769.6138
DRK59,OUT019,482.4654
FDB10,OUT027,5267.3154
FDQ25,OUT046,2422.344
FDY26,OUT017,3298.0056
FDG28,OUT049,3490.0032
FDM14,OUT049,1622.9478
NCH29,OUT049,1478.9749
FDD48,OUT049,2083.1597
FDC17,OUT045,4649.7925
DRH49,OUT027,2192.248
FDN44,OUT018,2573.96
FDC29,OUT045,2297.029
DRK01,OUT019,290.3726
FDD48,OUT017,2034.7491
FDB59,OUT013,3386.5115
FDY45,OUT010,259.0239
FDX60,OUT035,597.1144
FDT09,OUT010,674.36383
DRB24,OUT018,1784.4796
FDL13,OUT035,4059.1997
FDN16,OUT035,1706.6105
FDK57,OUT013,2721.37
FDO22,OUT027,2221.8853
FDC57,OUT010,139.79065
FDZ13,OUT027,1115.8154
FDW27,OUT013,2166.2866
FDX10,OUT049,856.8581
FDY08,OUT018,1213.0592
FDA49,OUT017,1754.0077
FDC32,OUT018,1171.1812
FDO04,OUT035,720.57477
NCZ54,OUT013,4087.3564
FDY40,OUT045,814.43353
FDW36,OUT045,1301.3514
FDE11,OUT017,3490.0547
DRE37,OUT045,1936.342
NCK19,OUT017,3975.9397
FDT19,OUT035,3077.413
FDE56,OUT045,816.1406
FDZ57,OUT010,212.72208
FDB35,OUT035,1729.0361
FDF09,OUT010,8.459078
FDO34,OUT046,3035.133
FDA55,OUT046,5080.703
NCM18,OUT035,1666.6398
FDJ20,OUT019,398.69495
DRQ35,OUT019,160.47939
FDG02,OUT013,1915.2657
NCU29,OUT018,2707.7065
FDL27,OUT027,1842.289
NCA54,OUT035,3363.6738
FDJ32,OUT035,538.97534
FDB21,OUT019,1067.3512
FDR46,OUT035,3043.4905
FDZ32,OUT046,1111.4775
DRF36,OUT017,4030.8682
NCU54,OUT017,4816.58
NCI31,OUT017,678.0805
DRA59,OUT035,2616.0784
NCC55,OUT045,640.1121
FDE44,OUT018,427.4252
NCN26,OUT018,1793.2595
FDC11,OUT049,1075.9694
FDV24,OUT035,936.2051
FDR40,OUT019,170.49379
NCQ17,OUT049,2696.047
FDC46,OUT045,3273.0654
NCM18,OUT046,1306.6417
FDK16,OUT046,1742.546
FDI28,OUT017,1518.563
FDS11,OUT018,3950.29
DRD13,OUT046,654.9071
FDL36,OUT035,1204.7825
FDI27,OUT013,478.0355
FDJ53,OUT019,110.034424
FDS44,OUT045,3936.9355
FDE28,OUT046,4615.866
FDQ33,OUT018,2973.5474
FDB37,OUT017,3901.4312
FDQ31,OUT045,1516.1997
NCQ05,OUT046,3146.4883
FDE10,OUT013,1924.3286
FDF38,OUT017,832.1082
FDE50,OUT019,961.0625
DRG37,OUT010,395.8719
NCH06,OUT049,3150.238
FDY14,OUT045,5225.834
FDO27,OUT017,1292.7197
FDQ19,OUT049,2219.8367
FDZ26,OUT019,310.4248
FDN51,OUT013,5019.5283
FDK20,OUT035,2189.23
FDD40,OUT018,2188.236
DRI25,OUT018,674.58514
FDH56,OUT017,1926.5876
FDI36,OUT027,3901.503
DRH11,OUT018,471.1081
NCV18,OUT017,1270.403
DRI01,OUT049,3302.0247
DRE48,OUT049,4089.5046
FDS51,OUT035,1262.9873
FDM38,OUT017,945.0425
FDB60,OUT027,4915.3203
FDY58,OUT035,5667.6743
FDY22,OUT045,1744.7662
FDF11,OUT027,4699.1357
FDZ51,OUT035,1684.2743
FDQ45,OUT017,3540.9482
FDF17,OUT035,3088.9697
NCF31,OUT027,2913.8953
FDA37,OUT013,1681.2766
FDO51,OUT046,993.12415
FDF34,OUT013,2570.6218
FDD57,OUT018,722.4616
FDO37,OUT046,3080.1917
FDR49,OUT049,1058.1238
FDS39,OUT049,1858.6426
FDI48,OUT027,1488.8892
DRM35,OUT049,2950.4849
FDV57,OUT035,4810.732
FDZ55,OUT013,2834.6
FDI28,OUT035,1266.727
FDS21,OUT045,1144.5908
FDT34,OUT013,1800.771
DRI25,OUT035,980.23926
FDT47,OUT010,622.9577
DRH39,OUT045,1362.9305
NCD54,OUT045,2173.39
FDU16,OUT027,3437.422
NCW29,OUT045,1574.4679
FDV25,OUT027,6694.565
FDM56,OUT035,1320.9437
FDZ04,OUT027,1540.0643
FDG59,OUT019,93.75557
FDI56,OUT045,1435.0505
FDS33,OUT035,1755.0668
FDC23,OUT049,2761.7944
FDT11,OUT049,2395.699
FDG17,OUT045,4246.903
FDZ44,OUT045,1147.9518
FDJ52,OUT013,1995.0878
DRI23,OUT046,3261.4417
DRE15,OUT010,83.84935
NCF07,OUT013,1339.2454
NCR29,OUT049,551.04224
FDE44,OUT019,247.74022
FDT23,OUT035,1516.0173
NCG06,OUT017,2959.3748
NCU41,OUT010,892.8625
FDH46,OUT017,1636.5273
FDV31,OUT013,2826.6636
NCT41,OUT027,3867.7751
FDE22,OUT027,4315.774
FDC26,OUT045,1839.2393
DRF51,OUT017,738.3853
NCY53,OUT019,119.743324
FDY21,OUT017,3824.1326
FDL27,OUT013,1093.7214
FDZ34,OUT049,3804.6997
NCF43,OUT010,463.78726
FDC21,OUT035,1113.5828
FDL26,OUT013,2659.0952
FDT25,OUT010,397.9318
NCR30,OUT046,884.50024
DRL23,OUT019,-36.316933
NCR05,OUT049,2612.9358
NCE19,OUT018,1276.5476
FDY07,OUT035,649.28326
FDB10,OUT017,3091.6335
FDP57,OUT013,1624.5146
FDU48,OUT019,583.4746
FDH48,OUT035,1221.791
FDO33,OUT035,2186.7861
NCU29,OUT045,2502.7693
FDW35,OUT046,1072.1615
FDH05,OUT010,446.07318
FDP26,OUT049,1315.3137
DRG27,OUT035,864.97595
FDQ33,OUT046,3593.8423
FDH20,OUT010,87.046646
FDV14,OUT046,1045.56
DRD01,OUT046,645.8687
NCI17,OUT049,1417.962
FDF39,OUT010,139.93259
FDX37,OUT046,1887.1832
NCX17,OUT035,2610.9182
FDN03,OUT013,4201.5776
NCS41,OUT010,636.77075
FDH34,OUT045,3417.846
NCX53,OUT018,1851.3826
FDY31,OUT046,2264.6807
FDD20,OUT017,1511.2413
FDE51,OUT045,538.67883
FDV27,OUT046,1284.2539
FDF16,OUT035,2119.3264
FDZ02,OUT049,1125.7933
NCK05,OUT045,1383.1597
FDM12,OUT027,3991.3352
NCA05,OUT018,1951.1831
FDX33,OUT045,1361.905
FDM25,OUT049,2548.8228
FDE41,OUT018,1095.3853
FDW14,OUT045,1173.2151
NCD30,OUT046,1620.6221
FDB23,OUT010,-262.20444
FDF45,OUT046,1399.7285
FDW20,OUT017,2324.6687
FDF47,OUT045,3065.7778
NCR05,OUT019,792.87384
DRB01,OUT046,1379.3628
FDE36,OUT013,2710.0227
FDU56,OUT049,2544.7488
FDB23,OUT049,2270.2395
FDN48,OUT049,1260.4888
FDS43,OUT013,3093.562
NCN05,OUT013,2527.082
NCL53,OUT049,2812.634
FDL56,OUT046,1336.1187
FDH17,OUT018,1606.1337
FDP37,OUT046,2491.6655
FDG09,OUT019,667.86615
FDA55,OUT045,4889.9688
FDX31,OUT049,4228.2173
FDJ41,OUT045,3579.0122
DRC24,OUT045,3284.0518
FDQ21,OUT035,2554.6067
NCT54,OUT045,1161.7004
FDH08,OUT049,4569.889
FDY38,OUT018,4544.391
DRM11,OUT010,385.3651
FDG32,OUT049,3722.3604
NCH18,OUT046,4084.7983
FDI20,OUT035,4206.353
FDA33,OUT018,2143.0146
FDN45,OUT013,3300.7861
FDT45,OUT010,237.81197
FDR32,OUT035,2773.593
FDA48,OUT017,3973.5867
FDN23,OUT017,2439.493
NCR18,OUT035,655.9356
FDD45,OUT046,1678.9344
FDI22,OUT018,3765.1882
FDT09,OUT013,3191.8755
DRC24,OUT027,5294.422
FDT39,OUT046,1906.7153
FDX28,OUT045,1362.7334
FDA50,OUT018,1429.7682
FDT33,OUT027,3394.9473
FDQ60,OUT049,2771.6133
NCM19,OUT018,1266.2643
FDF40,OUT046,3590.4802
NCI30,OUT035,3803.5078
FDK34,OUT049,2128.5508
FDA38,OUT027,5127.905
FDT02,OUT045,762.74225
FDC11,OUT017,1448.3846
FDD08,OUT046,1022.7227
NCS29,OUT046,3543.0034
DRI03,OUT010,604.69116
FDK48,OUT035,1467.5754
FDM52,OUT049,2116.6714
FDP49,OUT035,1388.3884
DRA24,OUT046,2120.653
NCJ43,OUT049,3288.0056
FDE11,OUT045,3490.8445
FDP01,OUT049,1600.3274
FDQ59,OUT018,1062.4978
FDA43,OUT019,759.3093
FDL14,OUT017,2108.659
FDV50,OUT010,92.2749
FDT01,OUT027,5254.948
NCC42,OUT035,2620.118
FDO28,OUT046,2009.1799
FDD32,OUT019,187.64
FDV45,OUT035,3489.2236
NCW17,OUT019,-218.27533
NCJ17,OUT027,2049.0852
NCF18,OUT049,4499.5557
FDP01,OUT045,2060.7056
FDH24,OUT045,2636.9211
FDI38,OUT027,6373.9062
FDX03,OUT035,663.8601
FDY28,OUT046,3315.699
FDN34,OUT018,2789.1726
FDJ02,OUT045,2441.9097
FDW40,OUT019,228.83861
FDX03,OUT017,375.90997
FDE17,OUT027,4316.3657
FDT58,OUT046,1960.4618
FDI38,OUT013,3604.3008
FDW22,OUT035,5772.561
FDS15,OUT027,2986.6667
NCX06,OUT013,3117.4219
DRK47,OUT035,4352.6943
FDC23,OUT027,5727.864
FDM56,OUT010,242.12708
FDP21,OUT046,4060.256
FDP58,OUT046,3398.4194
FDA27,OUT019,2150.7402
FDK41,OUT019,219.9465
NCH42,OUT046,5019.343
FDG29,OUT045,726.0863
FDW15,OUT018,1570.9966
FDD28,OUT018,725.90247
FDQ37,OUT049,4935.7915
FDC23,OUT035,3392.1934
FDV13,OUT035,2026.1089
FDK33,OUT046,4462.7695
FDO33,OUT013,2377.2915
FDN21,OUT017,2002.5894
NCW06,OUT027,6263.5264
FDI38,OUT035,4012.1296
FDC21,OUT027,1754.6658
NCS05,OUT046,2715.58
NCN53,OUT049,518.24585
FDV40,OUT010,248.699
FDG60,OUT017,2833.7673
NCY30,OUT027,5327.129
FDM40,OUT045,1769.826
NCO30,OUT046,2112.8032
FDK10,OUT046,2672.6362
FDM36,OUT045,3219.6194
FDN10,OUT013,1541.3168
FDM46,OUT018,1208.5371
FDX50,OUT049,990.6606
FDP33,OUT045,2029.6504
FDO12,OUT045,2171.622
FDC28,OUT013,1780.908
FDO31,OUT045,1525.0995
FDX45,OUT035,2744.0242
FDV21,OUT049,2400.5151
FDH04,OUT049,1150.2578
NCG54,OUT013,3598.995
FDO13,OUT046,2043.9044
FDA09,OUT027,5752.0557
FDC38,OUT017,1990.6812
NCO42,OUT046,1669.2867
FDL45,OUT049,2442.915
NCK31,OUT013,692.24695
FDM39,OUT017,3107.7454
FDC22,OUT010,582.46234
FDF46,OUT046,1385.9177
FDQ37,OUT045,3676.0918
FDH41,OUT010,188.76114
FDQ04,OUT046,1208.8239
NCQ02,OUT027,3957.7053
FDJ57,OUT027,4397.5845
NCE07,OUT049,2092.9185
FDE56,OUT013,735.3795
FDI20,OUT049,3787.2288
FDK36,OUT018,498.56625
FDP08,OUT027,6259.773
FDF44,OUT017,2345.4277
NCU53,OUT017,1751.7793
FDF47,OUT035,2937.8447
FDS55,OUT010,789.1939
FDZ52,OUT010,164.12012
FDL04,OUT018,1360.7393
NCM26,OUT035,2572.551
FDX43,OUT049,2026.8939
FDP52,OUT049,3539.5608
DRK49,OUT045,594.28265
FDE38,OUT013,3086.747
DRF13,OUT035,3466.145
FDK41,OUT010,271.6871
FDJ04,OUT027,3824.6458
FDZ44,OUT018,1569.4176
FDS11,OUT013,3800.323
FDA55,OUT049,5456.9023
NCW53,OUT046,2468.2788
FDB49,OUT027,2940.1821
FDD23,OUT017,3671.7876
NCV42,OUT045,1704.401
NCZ29,OUT018,1537.0272
FDQ26,OUT013,281.45105
FDV08,OUT017,615.5251
FDC53,OUT049,1588.8956
FDV58,OUT010,-196.10097
NCP02,OUT019,232.69565
DRI37,OUT045,934.1944
FDQ12,OUT049,2951.049
FDE33,OUT046,1351.1215
FDX27,OUT045,1625.1875
FDM22,OUT017,801.3401
NCH30,OUT019,257.9626
FDC04,OUT017,2740.2065
FDO38,OUT046,1030.6448
FDV52,OUT027,3026.3474
FDB32,OUT013,1660.5751
FDV43,OUT018,340.60358
FDI24,OUT018,3034.2422
FDR40,OUT017,1253.2097
FDW02,OUT049,2185.844
FDE44,OUT049,408.7902
FDL38,OUT046,1861.1467
NCT54,OUT010,-64.06788
DRJ39,OUT010,884.8377
FDW55,OUT049,3480.3674
DRF13,OUT019,581.37976
NCW17,OUT049,2270.3254
FDP13,OUT035,711.57916
FDS08,OUT018,2236.4421
NCP17,OUT035,921.3857
NCO53,OUT035,3789.8848
FDH19,OUT045,2911.7952
FDJ04,OUT017,1895.49
FDG10,OUT049,429.87396
FDA40,OUT010,365.49374
FDI53,OUT045,1851.1903
FDU09,OUT010,350.04016
FDK60,OUT045,972.48035
FDR43,OUT017,515.3731
FDW22,OUT017,4533.7036
DRP47,OUT010,317.14514
DRG48,OUT010,716.98706
FDA14,OUT035,2305.7346
FDU49,OUT013,1321.9363
FDK28,OUT045,6243.4663
FDT19,OUT046,3509.8835
NCQ42,OUT045,1729.798
FDD03,OUT045,3596.87
NCM53,OUT013,1482.4248
NCX53,OUT045,2671.686
FDV14,OUT027,1784.0416
NCZ54,OUT017,3351.1714
FDB39,OUT013,715.5695
DRC24,OUT046,2594.131
FDY36,OUT013,1043.7831
FDN01,OUT035,3281.1162
DRH25,OUT046,770.166
FDV08,OUT046,1174.7655
NCP53,OUT049,2937.4858
FDU52,OUT010,218.17097
NCI42,OUT045,2561.6775
FDZ14,OUT035,2442.6104
FDF11,OUT046,3513.0398
FDQ13,OUT018,1446.191
FDO32,OUT010,282.29788
DRJ37,OUT018,1622.2494
FDY43,OUT046,2386.4473
NCT41,OUT017,2956.044
NCV17,OUT045,2213.456
FDM04,OUT027,1453.178
DRB48,OUT018,109.231415
FDM24,OUT013,3552.2854
FDT37,OUT049,2701.477
NCO05,OUT010,235.06602
FDL13,OUT046,4538.8267
FDL15,OUT017,2772.759
FDB11,OUT018,3327.4102
FDL14,OUT019,375.28802
FDY10,OUT019,74.17047
FDJ40,OUT049,1583.8822
NCW18,OUT046,4526.0093
NCY06,OUT013,2899.8093
DRE13,OUT018,1163.6364
FDA26,OUT045,2764.9172
NCE19,OUT010,211.95526
FDE33,OUT035,1430.7639
DRL59,OUT027,1330.3265
FDY07,OUT046,862.1421
FDF57,OUT018,2232.0588
FDM58,OUT035,2140.3813
FDP26,OUT027,1737.0203
FDY32,OUT046,3693.2188
FDD51,OUT010,-86.33484
FDU22,OUT018,2652.7085
FDZ49,OUT018,3624.3987
NCI42,OUT017,3695.8474
FDT04,OUT027,1645.026
NCU41,OUT045,3376.0898
FDS56,OUT045,3104.044
NCN42,OUT017,2424.5337
FDK34,OUT046,3465.2898
FDB03,OUT017,3878.234
DRJ25,OUT035,838.1445
FDT25,OUT027,3526.0432
FDN20,OUT013,1970.4272
FDP09,OUT013,3879.0178
FDM20,OUT019,-104.46989
NCG55,OUT046,1932.6481
NCP14,OUT045,1961.8098
NCH06,OUT046,2390.6543
FDV52,OUT013,1691.3125
NCL07,OUT035,604.63715
DRJ11,OUT027,4209.5713
DRO59,OUT013,1217.25
FDW15,OUT010,-389.27283
NCQ30,OUT035,1833.448
NCN54,OUT019,117.53741
FDY01,OUT027,3359.399
FDX39,OUT035,4521.382
FDH53,OUT027,2260.5017
FDA57,OUT035,825.52246
NCC07,OUT010,360.41882
FDU28,OUT013,1877.0435
FDK36,OUT010,-166.631
FDR36,OUT018,457.0005
NCQ17,OUT035,2949.4236
FDS28,OUT019,245.19586
FDE08,OUT045,2882.344
FDU22,OUT046,2804.1
FDG41,OUT045,1615.5599
FDO31,OUT010,332.1336
FDM21,OUT019,1099.9907
FDU40,OUT017,3171.2114
FDV36,OUT018,1540.2032
FDT10,OUT027,1696.8607
FDX38,OUT045,942.2049
NCU30,OUT027,3665.979
NCV06,OUT049,4387.8237
FDT16,OUT035,2933.1594
NCP41,OUT027,2541.2148
FDZ56,OUT017,2533.9775
FDC22,OUT035,2570.0347
FDU10,OUT035,909.64636
FDS46,OUT045,1680.2595
FDO08,OUT049,2119.5405
NCV42,OUT018,1692.0913
FDP33,OUT035,3120.3687
FDJ12,OUT046,3781.755
FDH04,OUT045,1658.7821
NCU54,OUT013,4992.4844
FDO36,OUT010,920.12866
FDT37,OUT027,4673.669
FDD14,OUT010,299.23444
FDA16,OUT013,4696.879
NCS42,OUT019,293.95258
FDP10,OUT019,132.10234
FDQ28,OUT049,3504.529
FDK57,OUT010,865.20337
FDK02,OUT013,2094.7378
FDW47,OUT018,1777.9465
NCC42,OUT018,2072.0369
FDQ37,OUT018,3471.2651
FDL40,OUT046,1546.3505
DRE13,OUT010,99.78217
FDQ34,OUT027,2771.0793
NCB54,OUT046,1918.6161
FDS48,OUT049,2092.1582
FDO15,OUT045,980.5545
NCT30,OUT013,631.72394
FDU49,OUT027,1886.3304
FDE21,OUT046,2115.173
FDS49,OUT019,374.70474
FDT38,OUT027,2432.721
FDZ01,OUT045,1457.3369
FDC41,OUT035,1026.5851
DRG13,OUT010,389.6778
NCZ42,OUT018,3850.2178
NCM07,OUT045,1202.5902
NCV17,OUT018,1995.6064
DRK39,OUT035,1680.7495
FDS37,OUT018,1893.6654
FDV12,OUT019,215.85
NCG19,OUT018,4160.997
FDS51,OUT013,677.16736
NCO14,OUT046,272.36417
FDC38,OUT046,1765.7201
FDN15,OUT046,2050.976
NCH42,OUT013,5212.16
FDQ22,OUT046,665.65674
FDC05,OUT013,3844.7788
FDZ31,OUT013,3520.193
DRJ23,OUT049,3876.2524
FDC52,OUT035,2446.2222
DRD12,OUT010,322.44104
FDV55,OUT017,725.8101
FDD32,OUT046,1011.4554
FDR01,OUT049,4403.8213
FDY08,OUT019,239.28326
FDQ45,OUT045,4101.9307
DRN11,OUT027,3809.5027
NCS05,OUT018,2210.446
FDY32,OUT035,4031.9514
NCD31,OUT045,3475.5276
NCE06,OUT049,2882.0005
NCP14,OUT046,2237.6418
NCF18,OUT019,458.00745
FDF14,OUT018,2450.332
FDB22,OUT017,2059.4587
NCH54,OUT049,3361.1587
FDU27,OUT035,773.77515
FDS58,OUT027,4484.7573
NCU29,OUT035,3366.0605
FDJ57,OUT013,3173.8298
FDL56,OUT049,1243.9495
FDH60,OUT035,3172.3247
FDN24,OUT018,815.1467
FDD02,OUT017,2617.2568
FDP15,OUT017,2332.002
FDB28,OUT027,5589.6704
DRC49,OUT045,2598.7107
NCG30,OUT018,2013.8988
FDJ14,OUT049,1405.5066
FDL52,OUT045,597.0019
NCG19,OUT027,7194.598
NCN41,OUT035,1945.6959
FDW22,OUT013,4823.304
FDI02,OUT013,2107.509
FDV51,OUT045,1915.8167
FDV48,OUT046,1671.6162
NCL17,OUT019,397.9058
FDP46,OUT045,1618.5892
FDU10,OUT045,479.90372
FDT37,OUT010,1125.3
FDI27,OUT035,666.0755
FDN51,OUT046,4143.6987
FDW07,OUT035,988.6379
FDN45,OUT049,3259.6372
DRN37,OUT027,5123.9883
DRF48,OUT049,2012.7504
FDP38,OUT019,178.3046
NCX18,OUT027,5490.277
FDK45,OUT018,2040.5189
FDZ37,OUT049,1155.4587
FDS50,OUT018,4334.5186
NCR54,OUT018,3182.6355
NCS17,OUT035,1483.1016
FDV31,OUT046,2061.8955
DRE27,OUT017,1434.9878
FDN60,OUT013,3332.1267
FDK26,OUT013,3348.7827
FDX37,OUT018,1653.3738
FDW31,OUT046,1627.428
FDX26,OUT018,3606.7004
DRL49,OUT019,362.3584
FDU49,OUT017,1477.2026
FDY58,OUT046,4490.287
FDN03,OUT045,3263.8662
NCV06,OUT010,537.5302
FDH53,OUT045,1638.5052
FDG31,OUT018,881.23987
NCC06,OUT045,2378.7683
FDS13,OUT049,3711.6719
FDP16,OUT035,4260.9097
FDA35,OUT013,2445.353
DRP47,OUT018,3593.3018
FDY28,OUT010,873.32965
FDY20,OUT035,1215.4658
NCH30,OUT017,1690.9774
NCR29,OUT019,66.43273
NCP05,OUT013,2414.5051
NCF30,OUT019,348.77084
FDA08,OUT035,2379.776
FDN51,OUT027,5633.691
FDH12,OUT046,1650.4496
FDY39,OUT017,3542.1628
NCO53,OUT045,2463.7642
FDB40,OUT046,2637.45
FDH02,OUT049,1190.1464
FDY11,OUT027,1577.7864
FDQ09,OUT019,328.16763
FDP16,OUT013,4459.401
NCF55,OUT018,472.88635
FDY09,OUT027,4636.1816
FDY39,OUT045,3272.964
NCU53,OUT049,1699.9062
NCT41,OUT049,2226.385
FDJ45,OUT046,1243.96
FDR28,OUT013,2727.1362
FDN08,OUT013,2111.9382
FDJ07,OUT049,2373.068
FDZ09,OUT027,3868.3652
FDQ14,OUT017,2508.1978
FDY12,OUT027,1192.2848
FDK57,OUT046,2564.2456
FDD20,OUT049,1847.0186
FDS36,OUT018,1941.0165
FDI40,OUT049,1839.8474
FDJ40,OUT045,1661.0798
FDE08,OUT013,2370.7358
DRK01,OUT013,1378.975
FDC58,OUT049,658.94727
FDE50,OUT046,3853.8596
FDX48,OUT035,1685.5281
DRM35,OUT018,3405.7053
FDG41,OUT013,1023.009
FDB52,OUT046,2553.8958
FDV19,OUT045,2888.2722
DRG48,OUT017,2390.0742
FDI26,OUT013,3385.8372
FDU11,OUT019,447.89325
FDF59,OUT019,71.375084
FDR07,OUT049,1570.988
NCE06,OUT017,2038.0927
FDE10,OUT046,1923.9993
NCO55,OUT046,2120.8298
FDZ13,OUT013,508.98816
FDT50,OUT017,1595.2438
FDH12,OUT010,143.8595
FDD21,OUT045,1630.2501
NCM05,OUT013,4558.877
FDK04,OUT013,575.2365
FDN33,OUT017,1619.9578
NCM18,OUT010,118.326164
DRC25,OUT049,1529.4316
FDT47,OUT017,1930.4954
FDD45,OUT027,3722.51
NCD07,OUT018,906.66736
NCY54,OUT010,-61.592937
FDL12,OUT049,1067.2533
FDL02,OUT017,2463.8992
FDC60,OUT035,1929.46
FDR37,OUT017,4192.9375
FDY16,OUT017,3843.3271
FDU26,OUT045,1584.9155
FDN24,OUT013,1293.6697
FDH44,OUT013,2444.2534
FDE23,OUT010,16.785275
FDW60,OUT017,2568.4956
FDQ55,OUT049,2203.0347
FDV32,OUT027,2021.3185
FDV03,OUT010,967.78064
FDY14,OUT010,2069.548
NCL55,OUT027,6142.9907
DRF25,OUT017,702.2212
FDX03,OUT046,689.96387
FDF40,OUT045,2898.31
FDX24,OUT010,447.4366
FDA25,OUT049,1446.6534
FDH21,OUT018,2561.372
FDB47,OUT010,663.7168
FDT34,OUT019,212.91948
FDS39,OUT010,107.66681
NCU05,OUT046,1652.8252
FDE02,OUT049,1489.5568
FDL25,OUT035,1714.56
FDC50,OUT049,2058.5364
FDZ32,OUT049,591.1452
FDV14,OUT045,1156.1202
FDR07,OUT045,1341.3011
FDB26,OUT049,899.00385
NCR50,OUT045,3722.9106
FDP01,OUT018,1919.1521
FDH57,OUT045,1783.2473
FDM60,OUT027,1144.258
FDA45,OUT017,2888.3547
FDU55,OUT017,4528.426
FDH40,OUT035,1297.2433
FDG40,OUT019,119.011765
FDT12,OUT049,4622.8203
DRL59,OUT045,692.52893
FDT47,OUT018,1853.5846
FDI60,OUT017,1056.2711
DRF51,OUT027,1731.5718
NCK31,OUT049,819.2489
FDB08,OUT045,2142.4106
FDM44,OUT035,1519.5846
FDD46,OUT018,2581.7815
FDR27,OUT019,248.07773
FDV56,OUT010,-52.562
FDM02,OUT049,892.36365
FDU45,OUT018,2111.6377
FDZ10,OUT017,2145.8071
NCK31,OUT010,-76.19322
FDR27,OUT035,2120.8503
FDF33,OUT013,1792.4592
FDJ36,OUT046,1745.9259
FDP33,OUT049,3871.2725
FDG17,OUT046,4008.7505
FDG47,OUT027,5173.971
NCW29,OUT046,1738.1295
DRH59,OUT017,1313.0148
FDR32,OUT017,3449.5872
FDP48,OUT035,4105.582
FDG17,OUT035,3879.2117
DRJ59,OUT017,565.09314
FDY48,OUT027,2659.3657
FDB02,OUT046,3296.7527
FDN10,OUT019,488.44907
NCD55,OUT035,861.0519
FDX34,OUT013,2252.5796
FDZ38,OUT045,3769.8765
DRF37,OUT049,5484.759
DRL47,OUT019,215.97691
FDL27,OUT035,1525.6019
NCP53,OUT035,4231.929
FDT03,OUT019,91.336235
FDJ28,OUT035,3195.6917
FDF40,OUT018,1932.1863
FDA32,OUT035,4103.261
NCP02,OUT017,507.07062
FDZ31,OUT045,4190.046
NCQ29,OUT013,2467.0625
FDP57,OUT010,392.8241
FDL32,OUT027,2858.2964
DRB01,OUT035,2897.2886
FDJ40,OUT046,1946.9127
FDO24,OUT018,1991.6029
FDO11,OUT018,4087.83
FDA56,OUT035,1616.298
FDF02,OUT045,1458.7572
FDA10,OUT013,1958.6854
NCI55,OUT017,2270.833
FDZ40,OUT010,6.610542
FDV08,OUT049,446.65698
FDN48,OUT013,1235.2174
FDU57,OUT017,2716.2185
DRF49,OUT013,1751.7185
FDS02,OUT035,3744.5337
FDS43,OUT046,3591.2195
FDT16,OUT013,5099.0376
FDX19,OUT027,6783.5977
FDK15,OUT046,1497.4718
DRA12,OUT049,2464.8987
FDY35,OUT017,1051.1099
NCU42,OUT013,2791.751
FDD26,OUT013,3841.203
FDR11,OUT018,3035.2898
NCP53,OUT045,4101.2725
FDP34,OUT045,2383.2954
NCV41,OUT019,321.28165
FDN20,OUT018,2497.9453
FDZ16,OUT018,3815.2314
FDZ28,OUT049,1899.0228
NCL55,OUT013,5397.275
NCJ17,OUT046,1585.0054
FDT37,OUT046,3819.402
FDV51,OUT049,1630.7698
FDZ28,OUT035,1851.5873
FDN27,OUT013,1490.0115
FDS14,OUT019,356.08673
FDZ58,OUT045,1910.3379
FDD46,OUT046,2209.9644
FDJ03,OUT035,749.5214
FDU03,OUT010,599.10547
FDA33,OUT027,2667.198
NCW53,OUT035,2919.5317
NCC55,OUT017,604.4724
FDP52,OUT019,666.86035
FDE39,OUT049,2468.6284
FDB44,OUT035,2660.5898
FDG59,OUT013,265.64163
FDI05,OUT013,1089.7606
FDF59,OUT045,1319.6412
FDM39,OUT019,183.77557
FDB14,OUT013,1692.4908
NCS05,OUT019,634.1802
DRJ35,OUT045,763.8728
FDO31,OUT019,356.6575
FDA31,OUT046,3034.9375
FDX40,OUT049,499.98956
FDW56,OUT045,4362.0186
FDH09,OUT018,790.353
FDA52,OUT019,752.7117
FDF20,OUT019,104.29382
FDE40,OUT046,1027.7751
NCU17,OUT046,1455.2314
NCP14,OUT035,1648.1154
FDN25,OUT027,1901.347
FDU39,OUT049,1087.0171
NCM05,OUT017,2411.433
FDU07,OUT017,2527.526
FDF28,OUT049,1551.292
FDR57,OUT049,2595.3428
FDJ33,OUT013,1404.7219
DRH23,OUT035,1264.5072
FDQ52,OUT046,5458.2476
DRK13,OUT035,3434.4277
FDP09,OUT046,4793.8936
FDR08,OUT027,3118.7703
FDV50,OUT045,1675.0217
FDT13,OUT049,3884.0085
FDJ27,OUT027,3708.026
FDH21,OUT046,2751.1765
FDW14,OUT027,1895.6248
FDL52,OUT049,689.6788
FDW28,OUT017,3088.6504
FDL40,OUT049,1434.2278
FDE24,OUT046,2339.8887
FDX35,OUT049,4139.26
FDP46,OUT017,1371.1523
FDX56,OUT045,5147.5747
FDQ45,OUT049,2740.4075
FDK50,OUT027,4227.1865
FDY26,OUT045,4141.3843
FDQ09,OUT017,1653.9388
FDN39,OUT049,2802.4658
FDP13,OUT017,962.4826
FDR51,OUT013,2400.6611
FDZ49,OUT010,-123.34381
FDL28,OUT018,3236.135
FDZ10,OUT035,2489.7227
FDK38,OUT013,2071.537
DRL49,OUT027,1711.9952
FDR15,OUT013,2766.8984
FDQ24,OUT035,4534.9033
FDD56,OUT013,2697.0674
NCR42,OUT046,582.507
FDH52,OUT045,1080.1731
FDH57,OUT019,201.15729
FDR15,OUT010,436.50812
FDJ34,OUT035,2444.7622
FDW37,OUT035,1657.173
FDQ23,OUT018,1816.5865
FDP34,OUT013,2836.5298
FDE04,OUT027,4576.397
FDC48,OUT045,1740.432
FDA47,OUT019,355.62198
FDI35,OUT018,3740.682
NCV05,OUT013,1712.7498
FDR28,OUT045,2269.698
FDH31,OUT017,1669.2145
FDP59,OUT019,302.97882
FDS19,OUT018,935.6547
FDM60,OUT045,816.402
FDJ44,OUT018,2868.9382
DRH51,OUT017,1168.6595
DRC25,OUT017,1607.134
DRE25,OUT013,1903.1875
NCX05,OUT049,2108.9246
FDR11,OUT017,2652.0176
DRP47,OUT045,4368.441
DRC49,OUT019,128.4846
FDQ47,OUT027,1292.6724
FDL20,OUT013,1290.3052
FDM34,OUT035,2495.8137
NCN55,OUT013,3621.7568
FDD41,OUT035,1735.2527
FDE52,OUT049,1042.5522
NCT18,OUT019,465.01358
FDJ32,OUT018,603.6301
FDE16,OUT046,4321.7153
FDZ09,OUT045,2978.6206
DRZ11,OUT046,1611.6608
FDK41,OUT049,1294.5879
FDE56,OUT049,678.231
FDH34,OUT013,3368.658
DRI49,OUT013,1474.1404
DRI59,OUT046,3778.0208
DRC36,OUT049,3072.908
FDS15,OUT019,370.43173
FDI07,OUT018,2663.7703
FDZ15,OUT018,1686.3147
NCX41,OUT027,4989.8125
NCO29,OUT019,406.7798
FDF57,OUT013,2539.2717
FDI33,OUT035,2328.137
DRJ47,OUT049,2482.4111
FDB34,OUT046,1799.8397
FDY22,OUT027,3736.8818
DRL11,OUT017,2560.392
FDY46,OUT035,2394.296
FDG17,OUT013,3760.5627
FDE52,OUT018,1579.277
DRP47,OUT027,4892.6616
FDO01,OUT010,-109.815575
FDL09,OUT046,2816.8184
FDR57,OUT013,2384.3257
DRD37,OUT035,349.55063
FDQ36,OUT027,1083.2216
FDL33,OUT049,3762.1016
FDL48,OUT045,757.0417
FDL28,OUT049,3010.6245
NCN29,OUT046,730.16064
FDO13,OUT035,3231.9163
FDB38,OUT045,3492.3567
FDI36,OUT035,2875.3103
FDI58,OUT035,2092.8062
FDH22,OUT018,2131.1897
FDQ27,OUT013,2217.507
FDT33,OUT046,3298.1821
FDC56,OUT045,1708.9755
FDF14,OUT046,2196.9922
FDQ39,OUT017,3843.653
NCM43,OUT017,2646.1677
FDS46,OUT035,2349.507
FDI22,OUT049,4516.7925
NCE43,OUT045,3483.7046
FDZ36,OUT010,599.40894
FDR13,OUT019,592.2017
FDP46,OUT018,981.8149
FDW56,OUT019,197.20879
FDB40,OUT017,2636.3618
FDM28,OUT018,1360.5659
FDV49,OUT013,5557.236
NCS53,OUT018,2530.3965
FDO03,OUT049,3915.944
FDT15,OUT035,3910.51
FDD33,OUT049,4044.05
FDX13,OUT017,5482.1274
FDH60,OUT013,2226.709
DRH51,OUT046,1130.6853
NCL07,OUT049,1256.6548
FDW51,OUT045,2234.557
FDF21,OUT019,254.62387
FDH26,OUT019,848.20245
FDJ03,OUT049,699.89655
FDU35,OUT017,1670.3307
DRL01,OUT018,2790.1052
FDE59,OUT045,677.4073
FDI60,OUT035,865.74347
DRH39,OUT035,1514.4822
FDK36,OUT049,820.83234
FDN52,OUT045,1062.3231
FDU12,OUT017,2389.4094
NCT05,OUT027,5716.941
FDS37,OUT027,2992.573
FDK24,OUT017,1120.2235
DRF36,OUT013,3839.0125
FDN46,OUT010,285.06024
NCN06,OUT045,2878.6953
FDD59,OUT035,1342.6229
FDM14,OUT045,1675.4967
FDO10,OUT018,685.67413
FDU35,OUT013,1733.3767
NCA30,OUT018,3188.734
NCO41,OUT049,1347.3156
FDI24,OUT046,3747.85
FDZ16,OUT046,4582.596
FDV47,OUT046,1537.2642
FDV16,OUT045,678.54816
FDZ22,OUT035,1673.283
FDO20,OUT010,366.84933
FDW38,OUT013,258.91995
FDW52,OUT045,2548.857
FDT43,OUT019,217.7156
NCS29,OUT045,3616.454
NCC31,OUT017,1574.3129
FDA21,OUT017,3384.0264
FDQ55,OUT046,2818.9758
NCE54,OUT049,1585.974
FDD45,OUT017,1564.4718
NCP17,OUT017,726.9498
FDR47,OUT035,2851.7756
DRM35,OUT013,3069.8027
FDR47,OUT019,585.39996
FDX19,OUT010,1029.6943
FDV22,OUT027,3739.6248
FDQ46,OUT027,3369.889
DRO47,OUT045,1789.7611
FDB44,OUT010,325.13406
FDN02,OUT010,400.44614
FDW10,OUT045,2725.581
FDJ41,OUT019,2161.1814
FDM50,OUT046,947.79407
FDW10,OUT035,3673.7322
FDY48,OUT049,1621.7212
NCE30,OUT027,5427.1245
FDO04,OUT045,847.00726
FDQ26,OUT010,253.26923
NCX29,OUT018,2440.7375
FDE39,OUT046,2528.664
NCR54,OUT027,6248.8857
NCP55,OUT027,1857.1289
FDX22,OUT017,3925.6853
FDI05,OUT035,1523.11
FDC51,OUT027,2216.561
FDC10,OUT013,1504.4229
FDJ46,OUT045,2708.6702
FDV10,OUT010,214.92064
FDX12,OUT027,5947.6445
FDL43,OUT019,144.54863
DRB13,OUT046,2660.067
FDF59,OUT027,2919.0486
FDT35,OUT049,2188.9402
NCJ19,OUT035,456.72885
FDT35,OUT018,3098.5203
FDI48,OUT046,934.6825
DRC24,OUT019,311.07703
NCZ05,OUT017,1853.6405
FDJ57,OUT049,3670.595
FDX11,OUT017,2840.4263
FDE09,OUT035,1217.5004
NCK06,OUT049,1541.8647
DRE37,OUT017,3059.0361
FDV56,OUT046,1774.2805
FDY43,OUT017,2932.6248
FDV35,OUT013,2717.1475
FDF05,OUT019,1161.5859
FDA36,OUT035,2574.602
FDS13,OUT027,5341.4526
FDU47,OUT013,3073.9153
FDI36,OUT010,692.8453
FDH48,OUT046,1838.8074
FDZ14,OUT013,1851.7279
FDS46,OUT013,2367.3555
FDE21,OUT017,1792.6497
FDA26,OUT049,4219.7085
FDV12,OUT046,2145.5857
FDL46,OUT019,372.40634
FDN57,OUT013,2967.1096
NCJ18,OUT017,1993.579
FDO36,OUT045,2781.418
FDX55,OUT018,2341.333
FDT25,OUT019,257.1365
FDD16,OUT049,1537.2411
NCX18,OUT013,3166.633
NCG55,OUT018,2140.774
NCV18,OUT049,2286.8232
NCS18,OUT035,1731.3619
FDC37,OUT045,1710.5422
FDE47,OUT046,1717.3207
DRG49,OUT019,345.83713
FDC39,OUT049,3655.5498
FDH24,OUT019,537.5949
FDV39,OUT027,6250.884
NCL17,OUT045,2220.2927
NCY53,OUT035,2052.6663
FDH52,OUT013,1008.08374
NCD19,OUT018,1090.9354
FDI44,OUT046,788.3254
DRD49,OUT027,6178.899
FDN08,OUT035,2121.3152
FDO20,OUT027,8091.5356
FDY02,OUT046,4360.251
FDX23,OUT045,1273.8187
FDX01,OUT017,1871.6237
FDH20,OUT027,3059.861
NCX41,OUT017,3045.3503
FDD21,OUT027,2575.1868
DRH11,OUT019,9.332438
DRE60,OUT018,4645.645
FDB10,OUT013,639.68604
FDH38,OUT013,1168.6122
NCL07,OUT018,641.0198
FDD48,OUT046,2210.1982
NCT54,OUT027,2753.9731
FDF32,OUT027,5928.916
DRH51,OUT045,1005.9991
DRG03,OUT035,2719.2231
NCY42,OUT019,402.59766
FDH32,OUT017,1517.1039
NCJ06,OUT027,2387.3413
FDH47,OUT027,3072.0256
FDZ08,OUT018,1076.9259
FDK16,OUT017,1141.0427
DRG01,OUT018,775.24176
NCM53,OUT027,2535.6992
NCB07,OUT035,1956.2842
NCZ06,OUT035,3062.2366
FDU48,OUT049,1847.0602
NCB55,OUT027,1741.4697
FDP15,OUT013,4551.362
FDF17,OUT046,3171.4329
NCN06,OUT049,3797.3948
DRM48,OUT018,292.38425
FDH10,OUT046,1575.0328
FDC60,OUT018,1119.7205
FDE35,OUT018,595.6483
DRI23,OUT013,3022.299
NCR38,OUT013,4708.8936
FDP04,OUT035,628.72784
NCW17,OUT045,2460.0964
FDX34,OUT017,1748.2515
NCK53,OUT045,1695.8707
NCO54,OUT010,-161.85297
NCH55,OUT046,1320.7388
FDT44,OUT027,3291.651
DRG49,OUT046,4053.067
FDX46,OUT010,249.58566
DRG36,OUT049,3762.1714
FDU37,OUT049,1379.548
FDK10,OUT049,2412.664
DRF37,OUT027,6334.9414
FDC44,OUT035,2322.7888
FDP15,OUT046,4231.693
FDZ27,OUT027,817.15546
FDY22,OUT019,248.11049
DRG51,OUT035,3358.634
FDN58,OUT045,3629.0505
FDW01,OUT049,2278.3223
FDX24,OUT018,1377.4409
FDO51,OUT017,570.13715
FDJ52,OUT027,4003.5479
NCY06,OUT010,575.8399
FDE20,OUT018,2153.1707
FDT23,OUT010,19.199863
FDQ51,OUT046,459.13165
FDE35,OUT046,950.3975
FDB46,OUT013,3946.7153
NCG19,OUT035,2733.7437
NCL06,OUT018,2308.9407
FDT36,OUT019,3.312823
FDC56,OUT049,2135.031
FDJ26,OUT049,2848.886
FDZ59,OUT017,2380.0598
FDV11,OUT027,5413.3145
FDR13,OUT010,338.17545
FDI15,OUT018,4167.1904
FDF47,OUT018,3890.6157
NCB54,OUT019,299.51956
NCK19,OUT027,4974.6934
FDX16,OUT017,2795.2844
FDL50,OUT045,1046.644
NCE31,OUT035,1122.6954
DRJ01,OUT049,2083.936
FDE22,OUT013,2924.222
FDY20,OUT019,113.14974
NCO14,OUT045,524.8061
NCR50,OUT017,3808.373
DRM47,OUT017,2967.0605
FDO27,OUT010,253.04398
FDJ20,OUT027,2798.093
NCX17,OUT013,4360.052
FDG59,OUT049,365.22525
FDD52,OUT045,1480.7012
FDO48,OUT017,3460.0774
FDC59,OUT019,360.77835
FDS15,OUT018,1317.5006
FDB47,OUT035,4277.544
FDV14,OUT019,381.85837
FDB27,OUT013,2889.208
FDA35,OUT035,2026.3971
FDN51,OUT018,3992.735
FDO39,OUT019,572.5382
FDB28,OUT049,2998.4346
DRJ25,OUT046,1126.8175
FDH46,OUT027,2839.3142
FDI10,OUT045,3514.2737
FDU21,OUT018,-7.1077194
FDD09,OUT049,3022.7153
FDD10,OUT046,1210.2617
FDN31,OUT010,59.883217
FDA46,OUT018,3568.2124
FDM56,OUT046,1063.2915
FDF11,OUT010,445.3614
FDS32,OUT018,912.9324
NCM06,OUT013,2456.0608
FDZ26,OUT045,3866.3496
FDO01,OUT013,2192.256
FDJ46,OUT049,3048.704
FDG26,OUT019,1187.735
FDZ38,OUT035,4832.748
NCO55,OUT013,2360.1719
FDT60,OUT035,2032.3505
FDW37,OUT049,1263.2108
NCK42,OUT018,3460.94
FDA45,OUT046,2295.4187
FDW55,OUT018,4884.496
FDY44,OUT017,2734.5383
FDQ31,OUT017,1201.3733
FDM09,OUT049,2996.6147
FDH12,OUT018,1312.3043
NCQ43,OUT035,1493.8782
FDT33,OUT035,3785.0142
NCT41,OUT018,2296.6619
DRJ25,OUT010,183.1638
NCQ41,OUT046,3568.416
NCN17,OUT049,1464.6171
DRO35,OUT027,1421.549
FDU27,OUT018,822.6691
FDY43,OUT027,4291.889
FDG46,OUT035,2672.9163
DRL49,OUT018,143.45738
NCB55,OUT049,756.1869
FDK28,OUT049,5195.052
FDO49,OUT045,326.0097
FDT03,OUT013,1926.4122
FDW33,OUT027,3266.3875
FDR02,OUT035,2348.753
FDF50,OUT013,3265.439
FDA40,OUT018,1000.15704
NCT53,OUT018,2411.2607
FDY60,OUT035,2139.1194
FDP44,OUT027,3332.519
NCQ50,OUT045,4365.464
NCC30,OUT017,2951.2627
FDQ60,OUT018,1991.355
FDG41,OUT046,1466.421
FDQ03,OUT046,3007.7378
FDM03,OUT045,2059.6997
FDZ51,OUT018,1183.447
DRF51,OUT035,716.66754
FDF39,OUT017,4931.125
FDW52,OUT035,2892.4324
FDY22,OUT049,2766.1104
FDG14,OUT013,2381.73
FDA57,OUT017,829.3329
FDL45,OUT019,392.77673
FDX28,OUT046,1321.9609
NCQ54,OUT013,3437.7527
FDH40,OUT045,1436.7823
FDU52,OUT035,3235.487
FDT60,OUT010,224.27217
FDK08,OUT045,1195.33
FDN04,OUT049,2699.8098
FDE50,OUT013,3196.382
FDI16,OUT049,1068.7561
FDM50,OUT049,906.8997
NCV30,OUT049,988.0026
FDT44,OUT013,1947.8446
FDY60,OUT013,2869.6528
FDT56,OUT017,623.17847
FDV58,OUT018,2707.896
FDU04,OUT013,1606.2697
NCN05,OUT027,5523.146
FDI53,OUT018,2249.172
FDD34,OUT046,2737.3591
FDW47,OUT027,3022.154
FDT51,OUT027,2501.779
FDO27,OUT013,1418.5767
NCQ18,OUT018,1216.6613
NCW05,OUT013,2538.2676
FDI15,OUT010,1234.6956
NCH43,OUT010,159.5477
FDT40,OUT049,1556.2505
NCG19,OUT017,2373.3381
NCM30,OUT035,799.47656
FDB38,OUT017,3473.5327
FDB22,OUT046,2496.827
FDC58,OUT046,588.29364
NCI29,OUT013,1386.93
FDA23,OUT010,212.37137
DRG48,OUT013,2817.073
FDV21,OUT013,2651.8438
NCG18,OUT019,461.68936
FDG40,OUT045,444.91412
FDU24,OUT018,1181.604
FDA22,OUT049,3589.34
FDY35,OUT046,1080.1427
FDJ15,OUT045,3889.4446
NCW18,OUT018,2193.585
FDK56,OUT018,3239.1738
FDF44,OUT046,3100.8547
FDP51,OUT049,2808.0615
FDU22,OUT027,4031.1118
FDM28,OUT017,2186.4949
NCL42,OUT046,5545.35
FDJ15,OUT019,1540.4591
FDI32,OUT018,1947.2341
DRL11,OUT046,2828.4568
DRO59,OUT018,753.4994
FDA07,OUT019,496.71927
NCO53,OUT013,2932.6008
FDO21,OUT045,2353.7698
FDW39,OUT045,2872.6543
NCV17,OUT013,2646.4983
FDE22,OUT046,2621.0168
NCB06,OUT018,3115.9656
DRF48,OUT017,2223.3533
FDB05,OUT013,3739.8203
FDP28,OUT027,5778.573
FDP23,OUT046,3321.8645
NCS41,OUT018,3079.0488
FDS40,OUT018,386.4559
FDA16,OUT017,3749.1702
FDN20,OUT035,2590.53
FDF04,OUT027,7679.6255
DRG36,OUT018,2564.3328
FDW16,OUT018,1341.8936
FDU09,OUT017,1096.398
FDW01,OUT046,1770.6793
FDB15,OUT045,4827.975
NCJ17,OUT049,1034.0166
NCT18,OUT018,2222.8499
FDG16,OUT018,3149.9565
FDP27,OUT017,3321.6726
FDQ44,OUT027,3381.0754
FDL50,OUT027,3584.4001
FDW57,OUT027,4952.228
FDS34,OUT013,1434.1968
NCV30,OUT035,1271.6044
FDD26,OUT018,2704.2212
FDA03,OUT045,2073.4016
FDS27,OUT018,2778.255
FDM12,OUT013,3601.4258
NCV42,OUT027,2803.8198
NCS41,OUT046,3292.2273
FDN56,OUT018,1333.7244
DRK59,OUT046,3283.0273
NCG18,OUT046,1776.023
NCN26,OUT017,2314.432
FDI60,OUT027,1438.1704
NCI43,OUT049,1051.0175
NCL17,OUT049,2191.8982
FDQ19,OUT019,-173.1245
FDY43,OUT049,2859.4863
FDR36,OUT049,794.0417
FDJ58,OUT049,3878.041
DRY23,OUT045,717.28546
FDK26,OUT027,4477.0933
DRH03,OUT045,1383.3333
FDC10,OUT010,439.3958
FDD23,OUT013,3260.1157
FDP32,OUT045,1978.3527
FDO31,OUT035,1740.9182
FDQ57,OUT013,2443.4976
FDX32,OUT027,2973.3647
FDC39,OUT027,6642.2207
FDU55,OUT046,4634.842
FDL45,OUT013,3596.2036
DRK37,OUT049,4598.303
FDK22,OUT013,2414.508
DRG37,OUT027,4559.986
FDK22,OUT017,4000.1165
DRH36,OUT018,800.00757
DRC36,OUT018,2659.5525
DRE03,OUT027,1006.3869
FDF34,OUT046,2882.3606
FDZ22,OUT046,1632.2319
FDC44,OUT010,385.3945
FDN31,OUT027,4635.295
FDO03,OUT017,4230.4814
FDA01,OUT049,836.4835
NCH42,OUT049,5302.574
FDF46,OUT018,1303.9977
DRL35,OUT046,899.0268
FDW46,OUT049,1025.7008
FDB58,OUT046,2789.7593
FDD47,OUT018,2573.126
NCO17,OUT045,2138.6912
FDJ26,OUT017,5835.0127
FDU37,OUT045,1357.028
