Item_Identifier,Outlet_Identifier,Item_Outlet_Sales
FDW58,OUT049,1437.5158243334408
FDW14,OUT017,1188.857293808788
NCN55,OUT010,495.9798032397757
FDQ58,OUT017,2164.506627930507
FDY38,OUT027,5643.3623011240325
FDH56,OUT046,1640.5607871389323
FDL48,OUT018,552.3323047482604
FDC48,OUT027,2030.774673250908
FDN33,OUT045,1302.2102181184475
FDA36,OUT017,2827.208719021584
FDT44,OUT017,1657.0328227076009
FDQ56,OUT045,1176.4724517018014
NCC54,OUT019,479.77849477303613
FDU11,OUT049,1808.6411788919904
DRL59,OUT013,720.6263663088137
FDM24,OUT049,2167.3856651680485
FDI57,OUT045,2913.627032762189
DRC12,OUT018,2440.7395266707513
NCM42,OUT027,2553.0128651712785
FDA46,OUT010,429.6334372276996
FDA31,OUT013,2578.990836633557
NCJ31,OUT035,3534.472806042856
FDG52,OUT046,688.4056509000009
NCL19,OUT019,285.53922017885884
FDS10,OUT035,2947.614696704459
FDX22,OUT010,472.1190832000492
NCF19,OUT035,726.7600813416668
NCE06,OUT046,2242.369494578663
DRC27,OUT046,3468.2396322239797
FDE21,OUT035,1856.8785278285254
NCR42,OUT019,41.37688131931604
FDX51,OUT018,2524.4091883259825
NCR06,OUT018,383.4865597528154
FDU31,OUT027,5512.195632109097
FDU59,OUT017,2350.0261933236993
FDR03,OUT027,4941.070404991357
FDS49,OUT027,2079.8898029280635
FDD48,OUT010,241.8194888001138
NCF18,OUT017,2810.001142766658
NCD43,OUT027,2282.7907002399543
NCD54,OUT018,1688.3250647836053
FDY19,OUT010,235.35189551111839
NCY54,OUT017,2592.025734549726
NCL19,OUT018,1916.3771949559443
FDP23,OUT010,450.0534261170742
FDC26,OUT013,1576.1493062958073
FDR14,OUT010,146.89184686304284
NCS41,OUT035,2991.1418298366166
FDF41,OUT035,3542.3686575539505
FDU34,OUT046,1800.8923218233497
DRH11,OUT046,787.2922288528138
FDM03,OUT013,1524.7539801838
FDS31,OUT017,2848.045587321265
FDJ20,OUT017,1732.182619712533
FDV44,OUT027,4844.789646989263
FDG02,OUT049,2751.376664459661
FDA09,OUT013,2700.108909427089
FDT04,OUT013,583.6757963110699
FDL58,OUT019,502.8801880345947
FDE52,OUT045,1222.6343933471567
FDW12,OUT035,2245.563198167358
FDL51,OUT017,3014.2234163991025
NCY42,OUT027,3339.8381435718093
FDR07,OUT017,1191.7143562170393
FDN40,OUT045,2118.9298646420157
FDB35,OUT027,2229.2448806121724
FDA22,OUT017,2454.166212200101
NCL06,OUT046,3666.778872471841
FDI35,OUT013,2882.977165950299
NCW42,OUT045,3166.2208396542105
NCX06,OUT049,2709.067654281973
FDC37,OUT027,2395.167682851215
FDZ14,OUT018,1636.3360343489676
DRG49,OUT049,3516.509376578505
NCG06,OUT045,3509.597276865734
DRC36,OUT045,2578.660643501014
FDV21,OUT019,326.22495842340567
FDB53,OUT046,2235.2662747602517
DRP47,OUT019,449.6695735813514
FDA14,OUT013,2127.1981084909576
DRC24,OUT035,2430.4877183436765
FDW21,OUT018,1276.0458353718107
NCH29,OUT046,1445.5214820309557
FDU58,OUT013,2803.731801263762
FDY27,OUT017,2476.562166113705
FDV56,OUT035,1555.5637161563354
FDT59,OUT046,3504.6247422484007
FDB23,OUT046,3305.4251239917726
FDR49,OUT045,685.7867601363199
FDB03,OUT010,557.3623054038333
FDN39,OUT045,2336.3300702861043
FDX02,OUT027,5285.9298136775315
FDQ16,OUT027,2454.670172019902
FDU35,OUT018,1223.8002314943549
NCT29,OUT013,1811.3961512361668
FDZ27,OUT046,677.1722168871844
FDN57,OUT017,1830.1396135839466
FDA03,OUT018,1968.0971652901917
FDZ36,OUT045,2751.8639449995103
NCU05,OUT013,1132.504264880092
FDT39,OUT018,1882.6567822105535
FDK60,OUT017,1400.1595790810472
FDZ25,OUT017,2635.3850227735065
FDG12,OUT046,1871.5972582046884
DRB01,OUT019,404.4391222547086
NCC43,OUT027,5766.152042452401
FDX13,OUT019,505.8399504355189
FDM22,OUT049,762.5823104543028
FDJ03,OUT027,1156.1010312537032
FDU14,OUT018,3037.6364145695875
FDB33,OUT010,328.150602288291
FDP27,OUT046,2782.474020744814
FDO38,OUT010,168.20817381735606
FDE28,OUT027,5631.451974829819
FDO27,OUT035,1474.2962502528894
DRL23,OUT027,2383.8189493193
FDS28,OUT046,773.3665764668921
FDX24,OUT013,1293.5635820456748
FDZ02,OUT035,1361.1304568852431
FDL46,OUT045,1495.7100493719963
FDS60,OUT027,4315.38093603256
NCO06,OUT017,410.5826475422259
FDO16,OUT035,1319.8590426509215
FDC60,OUT049,1218.3179562136909
FDA48,OUT018,2796.459589472961
FDZ36,OUT027,4608.833059807409
FDK27,OUT045,1668.7726622955904
FDW23,OUT018,403.0963199859688
FDM14,OUT018,1386.205749678494
FDM14,OUT013,1535.5725196614221
FDW60,OUT018,2298.336063011891
FDE21,OUT013,1746.4630420502526
NCM42,OUT035,1630.6790273399658
FDY59,OUT010,177.93429235698642
DRI49,OUT049,1197.4692328227961
FDT28,OUT019,300.64093797398476
FDQ22,OUT018,388.44028603076185
FDR60,OUT049,1097.5995107250853
FDC50,OUT019,192.43060368170117
FDV24,OUT013,2168.165072836843
DRF48,OUT010,391.3839746172577
FDQ47,OUT046,585.7914011986862
DRN36,OUT049,1402.2363613579382
NCY06,OUT035,1966.0014727546636
FDE52,OUT035,1354.6929358395867
NCB54,OUT045,1714.9469231964083
NCF31,OUT035,2265.4613466580213
FDJ08,OUT027,4865.6958537870005
NCC07,OUT017,1489.41126905342
NCD19,OUT027,1377.6673187770468
FDL46,OUT049,1581.055353819072
FDM20,OUT045,3314.1957413481537
NCI06,OUT010,378.60743105634106
DRM11,OUT035,3907.6047192987867
NCH07,OUT018,2047.8701409633709
FDS23,OUT013,1895.6473599791043
FDO49,OUT018,555.5191167173547
FDS35,OUT049,990.2003397721996
DRK39,OUT045,1130.4749707519563
DRI39,OUT049,796.7498699826052
FDV04,OUT017,2264.558770554006
NCN14,OUT035,2932.8330707741093
FDH08,OUT013,3468.498691553675
FDS20,OUT046,2772.6345062442424
FDV40,OUT049,1024.3563945454368
FDZ48,OUT010,218.42341194287343
FDS24,OUT027,2060.4578000450315
FDK44,OUT049,2560.3485076112775
FDS48,OUT045,2096.37291299239
FDK26,OUT010,413.21827910384013
FDD23,OUT045,2768.352467060635
NCH54,OUT017,2292.041789898523
NCP14,OUT010,220.07116921963674
FDM60,OUT010,69.5796151591839
FDV24,OUT017,2151.241624292361
FDH08,OUT018,2948.2832196096883
FDS12,OUT027,2970.781082348881
FDR39,OUT027,4681.160233976161
FDP12,OUT027,890.5359233445062
DRF60,OUT027,5496.707397190172
FDC09,OUT035,1556.1559990783696
FDF50,OUT018,2555.823902186627
FDG28,OUT035,3688.5281515329207
NCE19,OUT017,802.5392435030634
NCM53,OUT010,244.81516061208373
NCN18,OUT049,1683.8601648069562
FDF32,OUT035,3022.5130792522405
FDF11,OUT013,3515.7510768271763
DRI59,OUT049,3341.3838852162644
NCG54,OUT035,2696.9186593634067
FDM44,OUT046,1473.5354696984343
FDT57,OUT018,2886.479052030942
FDV24,OUT046,2174.921880433139
FDI50,OUT019,482.6131385129825
FDS09,OUT035,732.1801372893132
NCC31,OUT027,3794.92838112643
FDQ07,OUT019,464.1460984931296
FDC22,OUT017,2871.673612643326
FDZ56,OUT046,2567.3900821241195
FDZ40,OUT019,145.86611445168498
FDS46,OUT027,2670.0596634879694
DRD24,OUT045,1927.308911549149
FDV45,OUT017,2951.6091675441508
FDL26,OUT045,2241.414219639396
FDA56,OUT018,1613.80666369143
FDN27,OUT046,1478.4329967743038
FDM20,OUT049,3459.1302175435912
FDO16,OUT017,1254.0692399890568
FDL03,OUT035,3032.026265772031
FDE58,OUT046,1657.6872615059924
FDI02,OUT027,2615.2504005210853
NCC55,OUT019,67.01587670389875
FDR03,OUT018,2549.9595225253775
FDB14,OUT017,1346.2358044117739
FDR45,OUT013,3349.6436138490108
NCN07,OUT017,1824.4756603474461
FDM51,OUT019,224.68438742882395
FDT52,OUT027,5743.403823479257
FDL26,OUT046,2260.7322366245326
NCZ42,OUT046,3334.6078605324133
DRI47,OUT019,304.55862149782445
FDW40,OUT013,2016.976647288137
FDN34,OUT046,2543.231180598008
FDS01,OUT035,2844.4838558515257
NCG55,OUT045,1630.3077157983373
FDC11,OUT035,1309.4147091627726
FDX35,OUT018,2974.9241807503126
NCB06,OUT046,2352.8835827836856
FDR09,OUT019,554.6812273262979
FDC53,OUT017,1349.5630533905812
FDY45,OUT013,3732.0708923626576
FDA22,OUT010,318.52954903065915
FDE02,OUT035,1500.6928007314575
FDW21,OUT045,1486.6836740928402
FDV34,OUT046,1004.4330698536332
FDS59,OUT049,1597.7199739843595
NCW17,OUT017,1917.5918539646098
NCK54,OUT046,1694.2094097615113
FDG17,OUT019,467.42168066466655
FDG35,OUT017,2285.667140753813
FDD08,OUT010,67.24720180371115
NCO07,OUT017,3053.553991595538
FDJ10,OUT010,260.5882564841432
FDW36,OUT017,1467.4471147352217
FDW21,OUT010,209.62520921597985
FDY19,OUT017,1689.474484319113
DRE03,OUT013,649.9718754559249
NCC55,OUT049,583.014016037696
FDH52,OUT010,143.18634567193223
FDO09,OUT017,3675.823190876391
FDU43,OUT045,3478.181878779892
FDX09,OUT010,371.09311916391965
FDH40,OUT019,170.57541687130487
FDW58,OUT017,1458.3384972506108
FDC47,OUT017,3398.5089169033563
NCR41,OUT035,1517.6219365383804
DRG49,OUT035,3647.9492385525373
FDC52,OUT027,3658.3326789294697
FDY13,OUT046,1044.2025690827593
FDY35,OUT013,623.2751499026416
FDI35,OUT017,2961.5966869792696
NCU18,OUT049,1985.2258776199333
FDY33,OUT018,2123.3812957907553
FDC15,OUT027,3855.7811517118316
FDU01,OUT049,2922.2091426061793
NCU42,OUT046,2554.361370229894
NCV29,OUT018,2270.6622059904116
NCY30,OUT017,2891.73117933371
FDQ46,OUT049,1620.360919619801
FDG58,OUT027,3707.5182618976514
FDK33,OUT017,3201.0501711440397
NCD07,OUT045,1542.3836771852757
NCX29,OUT027,3739.2458939259373
NCT42,OUT013,2184.2184358627223
DRN59,OUT035,726.1949986146012
FDI44,OUT035,1220.8188921577303
FDA45,OUT049,2048.2833173886156
FDP31,OUT045,813.0527451802817
FDY01,OUT046,1683.3252469575773
FDT09,OUT018,1632.5016006980404
DRH03,OUT027,2170.4660742278015
FDA36,OUT018,2335.2950980929877
NCF31,OUT017,2151.570928695268
FDG14,OUT049,2287.4788977522035
FDG28,OUT027,5674.513921129969
FDU14,OUT049,3600.0551176388813
FDY47,OUT019,265.49338031758083
FDI56,OUT049,1286.8985630065672
DRD01,OUT013,801.939888891765
FDM22,OUT046,799.3749722294804
FDH33,OUT013,597.5614492686435
DRZ24,OUT013,1703.6834268035855
NCQ38,OUT046,1479.7135541863388
FDO16,OUT027,2170.040435235879
FDU07,OUT027,3909.0022186045962
NCB07,OUT013,2824.615956714489
FDU48,OUT045,1743.386638750604
NCM43,OUT045,2358.971851196496
FDR31,OUT010,260.14669833357027
DRK49,OUT018,381.92493278350804
NCI30,OUT010,520.5543571400864
DRD60,OUT017,2848.904834367993
NCG19,OUT046,3403.594503634016
FDH12,OUT035,1465.659826516276
FDM32,OUT035,1292.7853925733725
FDM27,OUT035,2377.796861775677
NCU53,OUT027,4037.650056515572
NCQ18,OUT046,1428.0806560456883
FDS10,OUT013,2669.771985145729
FDB33,OUT027,4236.230941209739
FDI12,OUT013,1209.9906958852814
NCW42,OUT013,3258.4510764310703
NCC06,OUT018,1662.7559660578854
FDW02,OUT017,1916.540577415846
NCD43,OUT017,1444.2013653392437
FDM57,OUT018,982.8257970200729
FDA58,OUT017,3461.5359654574963
FDK56,OUT046,2775.909390818054
FDP52,OUT045,3373.0086895676795
FDW20,OUT018,1541.3446728646024
FDS52,OUT049,1498.7375654406555
NCT29,OUT018,1466.8002675282282
NCL54,OUT013,2673.7871494708556
FDC05,OUT045,2785.289683583459
FDF34,OUT035,2974.3562614811894
FDP03,OUT027,3036.7073674532703
FDD32,OUT010,175.4491402581858
FDZ10,OUT045,1745.7733673576322
FDZ40,OUT035,836.75573452054
FDD51,OUT018,423.22697736541187
NCY30,OUT019,374.123569052979
FDP58,OUT017,3081.6483659138776
FDV49,OUT017,3765.619660572014
FDY24,OUT019,115.62129537510496
NCO55,OUT017,1480.4102219137717
FDR13,OUT017,1648.807810914402
FDS51,OUT017,885.2732317915811
FDP26,OUT045,1352.4269232506292
NCB54,OUT027,3023.0936193157136
FDF32,OUT017,2809.825206317037
FDN31,OUT018,2426.222580430981
DRM48,OUT017,565.4869643728156
FDN20,OUT049,2578.0580199774304
DRL01,OUT046,3355.086301655521
FDV56,OUT049,1466.6023665773807
DRH13,OUT027,2315.00627590757
FDA03,OUT017,2155.459574123987
FDF47,OUT027,5255.354144484005
FDX32,OUT046,2181.4727299348606
FDX57,OUT049,1420.2016364588458
NCA30,OUT045,2672.091012705076
FDO49,OUT013,594.3112820597254
FDL04,OUT019,217.6278993808344
DRM48,OUT035,578.4784129248796
FDR16,OUT013,3078.344775960496
NCC19,OUT018,2433.833387902079
NCE42,OUT045,2596.438390152858
FDY24,OUT017,807.1507454645889
FDH19,OUT049,2617.11670197531
FDJ46,OUT013,2644.085338334738
FDN45,OUT010,511.9387194891071
FDY08,OUT035,1993.7528450544019
FDZ37,OUT035,1338.001335777825
NCT30,OUT045,666.5411537358085
DRY23,OUT018,393.42270008418717
NCZ30,OUT018,1533.2138755980816
FDC44,OUT018,1522.16243808651
FDB45,OUT035,1458.7489586145705
FDY04,OUT013,2382.2728866001667
FDM27,OUT046,2348.256330234951
FDZ43,OUT017,3444.666835612109
FDT39,OUT019,338.15124351218645
NCC06,OUT019,263.9383414881313
FDL15,OUT027,3743.265311644658
FDL57,OUT017,3768.3197140844777
FDU08,OUT046,1383.6574721468965
FDK40,OUT017,3755.24396319236
FDQ12,OUT010,525.4809550696398
FDS48,OUT017,2222.4034646766863
FDP09,OUT045,3020.4969445238376
FDW21,OUT049,1483.1640346669599
FDY25,OUT035,2961.099470624556
DRE13,OUT017,1214.3427812075965
FDV43,OUT019,72.33453770678096
FDD22,OUT045,1581.9531393116565
FDM46,OUT019,204.69685826263685
NCO30,OUT010,421.8795216262579
FDM25,OUT046,2504.314520766237
NCN41,OUT049,1781.3230461669148
FDU24,OUT045,1324.0650029199312
FDZ50,OUT046,2836.4021413407845
FDP45,OUT013,3818.309303992425
NCM54,OUT045,1778.4549358226923
FDW10,OUT019,357.3767130347588
FDP20,OUT017,1784.8843134486438
FDK32,OUT046,2279.0630012940783
FDN52,OUT049,1255.222100751727
FDM58,OUT045,1580.4430590850582
FDZ46,OUT027,2567.450225626974
NCA18,OUT018,1319.2177201664122
FDD35,OUT046,1883.1152419052921
NCK31,OUT035,729.1409174843752
FDI40,OUT027,2382.845266041765
FDT50,OUT019,181.77789084462046
NCT06,OUT046,2398.9921071561957
FDT31,OUT035,2992.9589615882896
FDT45,OUT049,759.1641073704046
FDT13,OUT045,2818.506674305252
FDO50,OUT045,1241.8132259558238
NCU18,OUT010,276.323024492721
NCR54,OUT049,2836.1251589549797
NCO18,OUT018,2322.4205048755066
FDU09,OUT045,795.4035825493056
FDT13,OUT018,2467.2702524289602
FDE09,OUT046,1571.3507844912103
NCK53,OUT019,233.4204647184036
FDG45,OUT049,3158.992119723775
DRH15,OUT035,645.3005574964338
FDO21,OUT019,518.5518955034476
FDD14,OUT027,4658.172606734734
FDC09,OUT046,1472.7755229601887
FDH45,OUT027,1019.281677036015
FDV32,OUT046,962.9744841675744
FDG12,OUT035,1737.8313683090478
FDS32,OUT013,1873.8332348610988
NCL55,OUT018,3139.671745498196
DRE01,OUT035,3675.352939409875
DRE15,OUT049,1134.6600150513816
NCL42,OUT045,3236.23587488234
FDP31,OUT013,836.2332432317958
FDN33,OUT018,1142.3754096606488
FDZ59,OUT046,2427.610101004929
FDE45,OUT010,363.00975537534237
FDJ07,OUT013,1600.4471334928544
FDQ45,OUT018,2379.510783462945
FDM33,OUT027,5152.415370834126
FDO15,OUT010,171.6654863523993
FDM46,OUT013,1333.3248570363319
FDR03,OUT045,2790.897520850134
FDY49,OUT018,2108.8957632875054
FDQ60,OUT045,1530.4735511206104
FDW10,OUT049,2269.167714199859
FDO51,OUT049,619.7725559834444
FDJ40,OUT018,1259.157967570587
FDS20,OUT018,2434.401889859458
FDU45,OUT013,1658.23772495189
FDV02,OUT035,2634.8134452548734
FDN09,OUT046,3564.6134790360443
NCM55,OUT027,4616.384759395988
FDN23,OUT018,1937.443954602599
FDY31,OUT010,274.62971750053555
FDW03,OUT010,242.10787894404555
FDD14,OUT046,2764.552613789018
FDV23,OUT017,1818.2695759778114
DRI03,OUT045,2494.9245727145453
FDN13,OUT035,1351.6671162869993
FDF45,OUT027,1667.412092403069
FDU46,OUT035,1304.5019336374075
FDB57,OUT049,3410.848591626483
FDV12,OUT049,1447.9137278837688
FDQ58,OUT013,2128.5063225199615
NCA18,OUT017,1585.0765188904968
FDH52,OUT049,860.6711860503491
FDM24,OUT018,1946.9059520732103
NCP43,OUT027,4599.541989920279
NCO18,OUT019,374.90780896025313
FDM32,OUT017,1209.8308768283453
NCL07,OUT017,586.2475407459324
FDK03,OUT013,3571.198051080051
FDP59,OUT017,1352.9129148677275
FDQ24,OUT049,3700.589677225811
FDQ16,OUT018,1388.5253028682307
FDU44,OUT013,2384.20790687519
FDH28,OUT010,70.0355624633593
FDV28,OUT019,67.71119501539518
FDM22,OUT045,784.5517325746764
FDR56,OUT046,2854.5693715401776
FDV39,OUT049,2769.2691174778315
FDU37,OUT019,196.09270612806088
FDQ11,OUT010,556.0908763486306
FDX02,OUT045,3119.4555016790105
NCS42,OUT018,1132.4995098947531
FDY57,OUT027,2309.2609410923087
FDB21,OUT049,3424.8796686559863
FDE28,OUT017,3479.873888290219
FDQ55,OUT017,1729.5719685220101
FDA48,OUT049,3351.4484191986267
FDZ19,OUT045,2452.773586378593
NCC43,OUT045,3443.3934579348274
NCV18,OUT046,1217.1882095991848
NCA42,OUT018,2104.0262949594858
FDY45,OUT046,3705.559012191654
NCC30,OUT045,2476.2679568090202
FDM57,OUT013,1199.4849429809562
FDL09,OUT010,300.0229934443052
FDB09,OUT027,3012.0201658007218
FDT44,OUT035,1766.1866587402924
NCT06,OUT027,4046.217933575178
FDX26,OUT049,2856.9289020951496
FDK32,OUT013,2287.669441692625
DRA12,OUT046,2026.4030192499854
FDO46,OUT010,434.41970546348483
FDE52,OUT013,1214.763820242222
NCH42,OUT045,3272.596586038513
FDV08,OUT035,625.4686709997843
FDB47,OUT018,2630.2376970547994
FDC28,OUT010,220.6530549289308
FDD22,OUT046,1693.935749361088
FDS07,OUT027,2817.9016877483314
DRI13,OUT045,3045.8279195894174
FDG32,OUT018,2891.176873046485
FDU14,OUT017,3595.0642760327023
FDD28,OUT019,144.72515912050704
NCP41,OUT017,1517.1004784212741
FDS08,OUT049,2521.679132859802
FDX47,OUT045,2260.1913995279233
FDC53,OUT019,189.65194949331115
FDQ19,OUT035,3409.3605972316195
FDL14,OUT045,2130.296083385438
FDM33,OUT019,483.63214793284953
FDA51,OUT045,1608.5816441374325
FDZ27,OUT018,542.6128340210068
FDT04,OUT046,594.0176756160439
DRC13,OUT049,1814.4564461001569
FDR16,OUT027,5035.634121848873
FDQ03,OUT027,5549.482111538464
FDE38,OUT035,2695.9551052708666
DRH23,OUT027,1361.7333386235202
FDT11,OUT019,412.37807010794006
FDD09,OUT035,2923.5399378328393
FDR40,OUT045,1153.35386842889
FDX07,OUT017,2935.6629166562284
FDR07,OUT035,1232.5648485299387
FDA51,OUT017,1675.2735497187005
FDT59,OUT019,506.1235649417946
FDF20,OUT017,2938.333786917707
FDR13,OUT045,1571.8599392349076
FDY26,OUT049,3001.079567796934
FDW04,OUT017,1888.857919359687
FDK52,OUT017,3332.9651011505507
FDN60,OUT049,2363.9426810746513
FDM09,OUT019,329.2183553589444
FDP46,OUT049,1259.353037332921
FDB50,OUT019,207.5349496368233
NCQ29,OUT049,3768.201802463036
FDP16,OUT027,5651.93741835297
FDX33,OUT018,2116.48234784577
FDP07,OUT010,422.0622399885891
FDN22,OUT046,3654.1238659820906
FDF39,OUT049,3651.878759768374
FDS21,OUT017,864.3128187140014
NCM42,OUT013,1476.8500961855682
FDK50,OUT019,334.8515274636744
DRF13,OUT027,3786.7592664224376
FDH35,OUT018,2087.7280904362724
FDP60,OUT018,1207.4853934111368
DRJ49,OUT027,3011.4213355651505
NCT42,OUT019,308.1601629268436
FDE38,OUT049,2569.101263417182
FDI04,OUT049,2896.1709986367673
NCH54,OUT045,2168.6683878169974
FDT56,OUT049,822.7926728358913
DRD15,OUT018,2846.170718416251
FDV58,OUT013,2309.5666577523343
FDP21,OUT049,2942.1215342005535
FDH05,OUT013,3462.1989066756755
FDR10,OUT027,3922.983904228792
NCP06,OUT045,1995.5211739922315
FDF33,OUT049,1529.7033572335474
DRK37,OUT013,2904.700601969925
DRH49,OUT045,1136.1464682487199
FDT58,OUT013,2413.224133495506
FDD41,OUT018,1209.9191516777455
FDP40,OUT018,1353.7057466438043
FDM51,OUT027,2458.19922984303
FDO45,OUT010,159.28876679135436
FDW33,OUT010,215.68267614683256
FDY24,OUT045,830.3192949784532
FDB10,OUT010,509.5237056997331
FDM40,OUT035,2099.515611248973
NCI06,OUT017,2818.0125438960567
FDW12,OUT019,269.54753758137167
FDX48,OUT027,3644.6158306445536
NCW05,OUT027,2387.948772506296
FDX27,OUT017,1301.0005205006648
DRM37,OUT045,2772.7155535893053
FDA38,OUT045,3347.5909693066983
FDR36,OUT046,609.7913228557151
FDZ45,OUT046,2909.498585816765
FDG05,OUT017,2267.3168188348936
FDK28,OUT013,3664.1495806881035
FDV47,OUT045,1197.315975338032
FDN21,OUT045,2144.26118497613
FDP20,OUT027,3146.4673681753193
FDI35,OUT045,2791.7418749721915
DRY23,OUT013,598.2602439830405
FDA56,OUT017,1881.9550568203242
FDB09,OUT013,1759.0253439573592
NCO26,OUT027,2643.6834188687467
FDQ49,OUT018,1863.3798594239552
FDI52,OUT027,3004.8957843183166
FDZ44,OUT027,2691.309074956423
FDZ09,OUT018,2179.188726833392
FDY03,OUT049,1684.693992454984
NCG42,OUT017,1869.1852138787676
DRI13,OUT027,5211.67490130173
FDQ32,OUT013,1896.575012536553
FDW16,OUT035,1408.299711879528
FDU27,OUT046,681.9337808391806
FDR28,OUT010,336.64212456959547
FDQ49,OUT010,302.05717393597337
FDS37,OUT046,1664.6210234063558
FDW26,OUT018,2790.051047258856
FDX12,OUT018,2941.077772728275
NCP06,OUT013,2099.511993897964
FDW45,OUT010,288.95519683532495
NCN30,OUT049,1376.01644749719
FDN24,OUT049,753.3744687232706
NCL41,OUT027,753.7414731934261
FDR02,OUT019,229.72426307001962
FDD09,OUT010,391.67566569168787
FDS33,OUT010,177.19152793058842
FDU22,OUT045,1696.9254864658365
FDI53,OUT013,2310.578032572632
DRH01,OUT049,2630.79953521096
FDX32,OUT013,2029.2626518456582
NCP30,OUT018,372.12345403223645
FDB60,OUT045,2765.531738476683
FDB14,OUT049,1370.2539205126445
NCP02,OUT035,836.17696837879
FDJ10,OUT017,1864.322171510444
FDG34,OUT046,1578.8632872156177
NCB18,OUT017,1264.590231939832
FDM16,OUT049,1039.375723636603
FDW25,OUT018,1026.8440043551072
FDB35,OUT010,189.5896519887812
DRN11,OUT013,2067.054915778632
FDF41,OUT019,447.21712466334367
FDH16,OUT045,1187.5647787826324
NCQ50,OUT018,2732.2716692782246
DRH23,OUT018,664.6459699384658
DRJ37,OUT013,2188.599148560734
DRJ24,OUT027,4567.8112567447815
FDY16,OUT035,2995.668717975688
FDQ27,OUT045,1515.7543962960744
FDZ33,OUT045,2072.2328424496022
FDF29,OUT045,1852.9261537142838
FDA08,OUT049,2311.18330298129
FDG31,OUT046,993.4095073422253
FDE34,OUT019,401.1599553974845
NCR30,OUT027,1775.885146218701
FDV33,OUT035,3949.3333412396005
DRZ24,OUT018,1572.8813074995853
NCL54,OUT035,2807.6896847704097
FDR12,OUT049,2601.014494516232
NCC54,OUT046,3448.851011781901
DRN59,OUT013,681.6035265689959
FDX50,OUT019,219.75537089942276
FDV31,OUT027,4463.248454586298
NCA29,OUT027,4417.538649089789
FDW60,OUT049,2646.7416448783456
FDX08,OUT017,2890.5751084608287
DRD49,OUT013,3446.4891581446345
FDD33,OUT046,3366.1089643239548
FDW35,OUT013,578.9016338614798
FDJ36,OUT017,1466.1383108346643
FDV51,OUT035,2594.047435568349
FDW36,OUT046,1471.0763235444726
FDH35,OUT046,2335.6188049495768
NCS30,OUT027,3042.523348971475
FDN49,OUT017,551.330966544206
FDL08,OUT018,2859.173317411366
FDI09,OUT013,3436.4442105178186
FDP19,OUT018,1600.5806624484005
FDU21,OUT010,51.21332341190275
NCP41,OUT045,1418.8971425847164
FDY10,OUT013,1644.4628404661405
FDP12,OUT018,373.99812114790757
NCN26,OUT049,1698.1051990195224
FDK44,OUT013,2605.9343946341055
FDC28,OUT049,1519.3866355514501
FDJ41,OUT027,6166.630900090645
NCT29,OUT035,1933.3773449915116
NCH42,OUT019,480.4688471798464
FDU60,OUT018,2176.6324672177243
FDS02,OUT045,2729.144291731523
FDC51,OUT046,1846.1501436027331
FDU03,OUT013,2777.8146719454344
FDX39,OUT045,3031.1610862389425
NCY05,OUT010,78.62090759006605
NCL06,OUT027,5647.328817198348
FDD32,OUT035,1167.0248556880783
NCN41,OUT045,1721.6954933151171
NCX53,OUT049,1936.183436941025
FDU57,OUT019,313.2037952145002
FDQ23,OUT046,1537.8322455733821
FDQ52,OUT045,3488.398519870042
FDC14,OUT045,581.107001619283
FDY09,OUT035,2646.3151517803167
FDQ28,OUT045,2224.5389095561895
FDV25,OUT046,3252.859839986447
FDJ07,OUT035,1734.4774755566145
DRB25,OUT049,1528.0371447254965
FDK52,OUT019,478.64775735806955
FDY52,OUT027,1661.0950596296423
FDB28,OUT046,2689.262543156675
FDT36,OUT035,548.4632102457942
FDV25,OUT017,3320.7605122478726
NCN07,OUT027,3038.901834376298
FDC57,OUT017,2761.9795471105563
FDQ03,OUT018,2848.502945848916
FDU23,OUT017,2646.2897436820494
NCX41,OUT035,3310.4015967906917
NCD06,OUT035,716.8765731326336
FDW08,OUT045,1439.5008831020314
NCU29,OUT017,2269.341239407403
NCE06,OUT013,2239.114696691665
FDV52,OUT010,222.22841864579968
FDB02,OUT017,2651.8224183366633
NCR18,OUT045,572.0771247794501
FDK16,OUT049,1404.605842195395
NCQ29,OUT010,550.0850378911838
FDZ01,OUT019,223.18825412968772
FDW27,OUT035,2336.495975833971
FDD17,OUT018,2970.8444375103095
FDW39,OUT013,2562.44594761939
DRH59,OUT045,949.2873342924651
FDS52,OUT013,1477.6611768780904
FDU40,OUT027,4696.131126455884
NCF54,OUT013,2630.5242235087617
FDH46,OUT045,1413.1808970380177
NCP14,OUT049,1500.2699685472674
FDH50,OUT049,2963.4431725819936
DRF15,OUT010,258.678082511509
FDV27,OUT027,2105.0425588410412
NCJ06,OUT049,1773.2166996824842
FDN02,OUT018,2584.185262431073
FDQ51,OUT049,693.4682156093389
FDQ07,OUT017,3300.991017868664
FDS45,OUT049,1595.6583223334626
NCJ06,OUT045,1690.5955616533063
FDD36,OUT035,1742.3992141557935
FDY25,OUT045,2725.0350920427372
FDU52,OUT046,2139.6718408163733
DRK47,OUT017,3473.7213542753702
NCL30,OUT017,1865.7929844087994
FDN22,OUT035,3834.6522827861813
NCF30,OUT027,3016.0705932836618
FDK03,OUT035,3802.8768405968626
FDT45,OUT017,797.4651087863045
NCC54,OUT027,5573.064801056556
FDP08,OUT018,2503.415816420286
FDU44,OUT046,2390.686530197339
DRG39,OUT035,761.7408237974182
FDU32,OUT049,1842.0094997015456
FDY27,OUT049,2522.476376034245
NCP54,OUT013,1871.3076475037758
NCZ41,OUT049,1785.5016259663732
DRL49,OUT013,1995.6611456072571
FDI05,OUT018,918.1388918606654
FDY56,OUT045,3332.0971746202604
DRC13,OUT013,1802.839353908269
NCV29,OUT017,2612.795930402088
FDR24,OUT049,1288.5757824927261
FDZ34,OUT018,2428.232603395633
FDP37,OUT035,1921.337647991001
FDX08,OUT027,4926.295964799946
FDS57,OUT045,1891.833817546174
NCG18,OUT049,1555.8068328023073
FDK25,OUT018,2235.01616460196
FDH53,OUT049,1160.844171078658
DRI59,OUT018,2791.4092158022704
FDA52,OUT046,2574.8088922076195
FDT20,OUT010,72.19284572347547
FDE36,OUT019,327.072282645016
FDI24,OUT017,2622.196664370782
FDB28,OUT018,2373.5959308352694
FDV11,OUT017,2567.7507071253285
FDP01,OUT046,1905.9017953812508
FDD34,OUT027,3917.063507780323
FDJ50,OUT027,1287.9451327918105
FDZ44,OUT013,1596.5389616377158
DRO59,OUT035,1062.3748893307795
DRB48,OUT045,580.2371095861763
FDR21,OUT018,2272.154739561674
NCE42,OUT010,450.0699611148887
FDO23,OUT046,1401.7178190021812
NCE30,OUT018,2591.9130822086645
FDQ22,OUT035,541.7183128700664
FDY01,OUT045,1617.119679827735
FDS08,OUT017,2535.4413795765217
FDG28,OUT018,2958.6961835694174
FDQ51,OUT018,580.4718983240374
FDB05,OUT017,3729.124861383763
FDO56,OUT049,1618.6338079456505
FDE02,OUT018,1125.1069447094658
FDN45,OUT017,3281.1355137960613
FDS09,OUT013,681.1385962619056
NCA54,OUT018,2398.5878660424573
FDP09,OUT010,467.85771877282883
FDC53,OUT045,1295.227986288239
NCM55,OUT017,2824.910048774135
FDL09,OUT018,2053.6144553383324
FDA11,OUT019,196.8967143666285
FDA50,OUT045,1301.8432530898424
FDC23,OUT017,2730.702143278873
FDE22,OUT049,2292.726513862465
FDD23,OUT046,2876.9272012984384
NCA29,OUT049,2654.285957520614
FDK38,OUT046,2189.9665691606583
DRC13,OUT046,1785.020333567524
NCP43,OUT049,2672.0473768272695
FDX28,OUT049,1395.3769883688867
FDF08,OUT049,1278.9643281899218
FDZ33,OUT046,2151.4665604340385
FDD10,OUT049,2420.108237560671
FDO58,OUT017,2383.4619881830117
FDI50,OUT017,3491.110426387647
FDO58,OUT045,2340.83201889173
FDX08,OUT013,2799.5180774417254
NCK17,OUT010,75.67986510120964
FDF39,OUT035,3974.7583932796347
FDU45,OUT010,241.548782482333
NCJ18,OUT018,1485.790423478853
DRC27,OUT019,511.8504374746831
DRC25,OUT035,1265.7822205412624
FDU59,OUT035,2334.1306450320576
FDU28,OUT035,2936.194283753971
NCP30,OUT046,539.8982513011077
FDB39,OUT018,631.4660769683042
FDE41,OUT013,1181.6622427635884
DRH11,OUT010,134.30038808131556
FDA58,OUT045,3389.5266719707947
FDU50,OUT046,1648.9819601594713
FDM34,OUT013,1826.3080005194643
FDM44,OUT027,2487.2248937576087
FDR39,OUT045,2691.9734387169187
FDM25,OUT045,2443.396742531808
FDQ49,OUT049,2150.3760424623038
DRH25,OUT018,604.7204799491874
FDM09,OUT027,4245.285690539712
FDL44,OUT019,329.3208470011087
NCR42,OUT018,217.47244013670712
DRL59,OUT046,753.7525480687252
FDX43,OUT013,2448.3783121597953
DRK47,OUT010,472.35795157202983
FDU48,OUT018,1455.4489522547583
FDY12,OUT045,703.8936028991176
NCN43,OUT018,1517.947366235221
NCM55,OUT018,2424.513225896293
FDQ21,OUT027,3010.6427897183203
FDX13,OUT035,3846.510543681841
NCK30,OUT027,5815.873359185715
FDG20,OUT049,2506.730015915121
DRG27,OUT017,582.8775032927391
FDY14,OUT018,3121.7502779480164
FDP59,OUT035,1437.2510818727044
FDU60,OUT017,2519.30651122356
NCC18,OUT019,474.7805519205263
DRJ39,OUT017,3077.4987546562975
FDS07,OUT049,1679.0823046670062
FDM08,OUT027,5623.356692123175
FDP51,OUT045,1764.6068592526465
FDU16,OUT035,1282.387789746411
FDH12,OUT013,1460.491700535673
DRE48,OUT010,442.4323687914636
NCL42,OUT027,5143.0827561522
FDR21,OUT045,2452.468316707921
NCW29,OUT035,2014.4688675930595
FDO11,OUT013,3665.57790223813
NCM31,OUT049,1976.3119014715212
FDV35,OUT019,299.2568365947299
FDF58,OUT017,888.2270080416287
NCE43,OUT049,2547.107429803238
FDA02,OUT035,2200.0719847586674
DRL37,OUT010,86.61993858887917
FDR24,OUT018,1118.1123890045017
FDW59,OUT049,1238.0538603536945
FDS22,OUT049,638.5764314839897
FDW24,OUT017,690.0596600452377
FDU24,OUT035,1443.3487441858224
FDA21,OUT027,4761.961888020059
FDH58,OUT027,2706.5648875742168
FDW36,OUT018,1195.3998787660885
FDI45,OUT027,4557.981014062803
FDU01,OUT018,2439.8006483937766
FDF35,OUT027,2510.8222438529874
FDU43,OUT019,508.02152970438004
FDE24,OUT019,266.86150877929595
FDK50,OUT049,2429.9491560660636
FDG31,OUT045,955.2011056318815
FDC60,OUT045,1260.6669295384781
FDL36,OUT013,1242.970307994442
FDP21,OUT013,2885.228943881845
FDW16,OUT045,1274.3389625148086
FDX02,OUT017,3277.7432966681486
FDQ58,OUT027,3732.9184533513
FDT51,OUT046,1537.6727270248816
FDD59,OUT049,1142.0021624019948
NCM42,OUT018,1299.411664703832
FDA57,OUT018,411.34714320543156
FDZ48,OUT035,1595.7022909500201
FDE46,OUT045,2054.477313897689
NCZ30,OUT019,244.0359531079442
FDB56,OUT017,2877.9901745723328
FDA25,OUT027,2459.1885083583065
FDD20,OUT013,1890.0791986582135
FDL25,OUT013,1108.2266875054845
NCO18,OUT049,2710.1045152084776
FDJ45,OUT017,500.96180999702335
FDR12,OUT035,2631.602516995397
NCF19,OUT010,101.72385267393886
FDK25,OUT046,2430.3859979118206
NCR17,OUT046,1701.3872409988037
FDC52,OUT046,2163.1334161322197
NCA54,OUT017,2795.7554719057534
FDR45,OUT010,476.8230408456157
NCM19,OUT049,1763.861979014566
FDF39,OUT027,5448.517181117337
FDX23,OUT049,1349.257868206193
FDD58,OUT027,2302.365667541253
FDX28,OUT013,1477.8535583822343
NCD31,OUT013,2342.103489172628
FDU57,OUT018,1962.89560393498
FDI27,OUT046,651.7531448448826
NCM42,OUT046,1482.129497288454
FDD32,OUT027,2103.5871293141436
FDI34,OUT013,3460.646305947
NCM29,OUT049,1848.3220301220383
FDG46,OUT018,1455.5225223143693
DRC01,OUT010,119.4862039438858
FDB15,OUT027,5575.439236340145
NCA17,OUT027,3875.0523152968644
FDF10,OUT046,2206.017215256555
FDR26,OUT027,4350.5870671193015
FDI02,OUT049,1640.7102670157292
NCM54,OUT010,261.8437419576422
FDF14,OUT013,2205.8739810783304
FDJ33,OUT010,251.6356173298545
FDM20,OUT035,3623.2959819986045
FDC03,OUT027,4707.743512996776
NCX05,OUT046,1649.3269474998042
NCM41,OUT027,2182.292928530776
NCU29,OUT010,341.0371883121954
FDQ59,OUT017,1216.031410532791
FDH46,OUT010,200.17819287210767
FDH09,OUT013,722.4634126853704
NCD06,OUT045,671.1267484544425
FDC15,OUT035,2273.713444030454
DRD37,OUT027,1072.5050197248236
FDT28,OUT027,3732.323484282519
FDR28,OUT027,4053.450681807976
FDT38,OUT017,1192.7521201120035
FDV34,OUT027,1775.7227001513595
FDY52,OUT035,950.6651104798793
FDB34,OUT013,1237.4499029981653
DRL23,OUT018,1269.7636010395702
DRB24,OUT046,2230.212558414799
FDJ50,OUT046,803.210388283555
FDQ49,OUT035,2240.915254903762
FDP20,OUT035,1903.2127279801848
FDV19,OUT027,4203.27056528891
NCR54,OUT045,2683.736470343601
FDO09,OUT010,504.1888493737564
FDS57,OUT018,1711.0674573187323
FDN10,OUT049,1662.9461320569042
FDV23,OUT049,1825.1035126999095
FDY28,OUT049,3159.6053965009455
DRG51,OUT013,2376.071811130877
FDD45,OUT019,199.62203356904035
NCL18,OUT027,4578.443552797908
NCM29,OUT013,1855.0206181518606
FDF17,OUT027,4765.485816419039
FDE22,OUT017,2289.726723190278
FDQ22,OUT017,536.9766441269784
FDS01,OUT013,2677.305281487365
FDW35,OUT027,939.413483903667
FDJ33,OUT046,1842.3505904844603
NCF54,OUT035,2757.76444373175
FDE09,OUT013,1506.5936613619908
NCE06,OUT045,2168.338187505447
DRH49,OUT049,1129.3616336769444
FDY43,OUT045,2344.696585980206
NCT05,OUT017,3720.0690435554943
FDZ34,OUT045,2714.785917422766
FDL38,OUT017,1272.0796402149788
FDZ31,OUT017,2880.8191904411988
FDR14,OUT035,818.0405874723056
NCN54,OUT049,1065.6000864611542
NCC42,OUT027,3135.713335911785
FDK08,OUT017,1386.8581382353348
FDP59,OUT013,1364.211352864741
FDV22,OUT035,2552.1449625221326
FDD33,OUT035,3571.3043610448426
DRE60,OUT027,5368.2267719483525
FDK52,OUT046,3289.7612836276885
FDA02,OUT017,2128.7623737044146
FDM56,OUT049,1516.624355295175
FDE57,OUT035,2159.008392757198
FDM32,OUT045,1124.911976966768
NCQ30,OUT027,2866.16276051771
FDQ27,OUT027,2466.5229620019986
FDT60,OUT027,2973.7633522615724
FDU43,OUT049,3564.449994828958
NCO55,OUT035,1580.5429354191936
FDG02,OUT045,2542.2585906890554
FDJ28,OUT013,2948.400845585281
FDP40,OUT045,1560.176725605347
FDJ38,OUT045,2785.8356733500486
NCC54,OUT017,3459.7824269633793
NCZ41,OUT046,1790.1864704612824
FDK38,OUT019,316.02476137976055
FDU52,OUT013,2128.893580980081
FDC40,OUT046,1042.1454977470496
NCR30,OUT017,926.1836505322202
NCN18,OUT017,1670.7387061542593
FDB50,OUT035,1246.0590406729568
FDG04,OUT013,2879.741503532739
FDR26,OUT035,2547.7541537344287
NCT17,OUT018,2538.6935167124043
FDX35,OUT027,5496.22949711328
FDS12,OUT046,1841.9676077397532
NCZ29,OUT027,3017.448259183164
FDB38,OUT010,332.8592837701095
FDP12,OUT013,550.1777122510107
FDP22,OUT046,716.3957847121966
FDS26,OUT018,3049.6942517383377
FDR52,OUT046,2834.0149833676187
DRJ13,OUT046,2318.8813480212743
FDU48,OUT027,2828.763879047563
FDE29,OUT035,910.6562668780304
NCT29,OUT049,1804.298831958664
DRK37,OUT018,2564.906786906083
FDK55,OUT046,1194.722415915897
FDR07,OUT046,1187.9918992196292
FDO21,OUT027,5282.698106701109
FDK46,OUT049,3733.7709234269596
FDB12,OUT045,1431.6339192962955
FDT31,OUT027,4807.956769110391
FDJ33,OUT045,1790.41915876529
FDC26,OUT027,2510.384970266114
NCQ02,OUT045,2681.6387011594184
FDP08,OUT010,421.1837674497493
FDB11,OUT027,5427.206975076673
FDV55,OUT013,2250.770140002682
FDW20,OUT049,1790.6686862633405
NCJ18,OUT019,268.72321829914006
FDC41,OUT018,811.3324241709367
FDE14,OUT027,2504.5621576668123
FDG35,OUT013,2365.484109708807
FDF45,OUT035,872.5031661986886
FDS19,OUT027,2117.618879344414
FDS58,OUT019,332.55934323791485
FDA26,OUT017,3217.1554880686454
FDM32,OUT049,1176.9955696491804
FDL45,OUT046,1875.2619355178965
FDZ55,OUT049,2359.4474670133127
FDY37,OUT049,2089.263638567391
FDO46,OUT046,2785.4287271943144
FDQ60,OUT046,1715.7420766284777
FDA19,OUT018,1500.7406350928563
FDL15,OUT046,2161.3502778904835
FDM10,OUT018,2618.806651270158
NCL05,OUT017,583.4440273735473
DRK49,OUT010,68.98003809750834
NCE18,OUT027,5866.784151005509
FDG40,OUT049,519.0114644509919
DRI59,OUT045,3155.7112637008127
FDK28,OUT035,3636.872398348578
NCD06,OUT019,89.32288886997975
FDO11,OUT019,503.83390611221773
FDK27,OUT046,1650.0610623372306
FDT43,OUT027,1250.0610878663394
FDD38,OUT018,1202.7081415013834
FDA16,OUT049,3259.9089968787835
FDL14,OUT027,3857.9775767403853
NCM17,OUT049,605.9172617493609
FDD20,OUT045,1842.6212028778668
FDA40,OUT045,1187.1132629888773
FDL43,OUT045,1085.6075885378937
FDV15,OUT045,1475.22291497725
FDE52,OUT046,1260.26386701717
NCL17,OUT010,274.15385719635
NCJ31,OUT045,3216.6894101645826
FDR60,OUT045,1079.7399825500675
NCA18,OUT035,1668.3441822164848
FDS21,OUT027,1702.0896416311443
FDW09,OUT035,1194.0024520784891
FDL26,OUT035,2389.486106319
FDS47,OUT018,1142.2736013957388
FDC39,OUT046,3011.269266371765
FDT51,OUT035,1618.587593661245
FDK40,OUT035,3925.5646756873607
NCG19,OUT045,3352.0462311387905
FDZ07,OUT046,876.4838504082088
FDF08,OUT027,2315.522029322527
FDO04,OUT013,786.6997079037487
FDK41,OUT018,1008.3972396852661
FDP15,OUT049,3731.8382823934276
NCD43,OUT018,1139.4576452641234
NCP18,OUT013,2297.4653041686065
FDZ51,OUT046,1356.376872115397
DRH13,OUT035,1547.6928408502033
FDF38,OUT045,568.8209189769063
NCI43,OUT045,664.5942016768053
FDM38,OUT027,1469.5178180434568
FDS03,OUT013,952.754762428299
DRJ47,OUT017,2640.1474010329134
FDT50,OUT010,175.2099517550614
FDV02,OUT046,2559.3147190089812
NCG18,OUT017,1561.1815372540652
FDW52,OUT046,2462.2081983933276
FDS40,OUT035,567.8800467059184
FDN31,OUT017,2811.892205906127
FDA37,OUT045,1756.200785872035
FDA15,OUT046,3657.399126273205
FDL39,OUT046,2681.602463112531
FDJ53,OUT045,1709.2353180067578
FDX22,OUT013,3224.9523177329324
NCZ42,OUT045,3183.1668118603916
FDD56,OUT027,4446.932704645736
FDD40,OUT017,2910.86180517893
FDS50,OUT013,3279.7660565574174
NCN14,OUT013,2783.70123341619
FDT15,OUT013,2848.844170231136
NCS18,OUT027,2459.259415885753
NCO26,OUT010,240.01995496599767
FDF58,OUT018,688.4400054079905
NCB19,OUT013,1217.520189843087
FDH26,OUT017,2012.5668467994954
DRB24,OUT027,3803.524117390458
FDA49,OUT018,980.5909197478978
FDB32,OUT045,1304.2259741521011
FDI36,OUT017,2890.762651991152
NCA17,OUT010,328.4144766675996
FDH22,OUT013,1824.3563811778595
NCM26,OUT018,1955.2569970715485
FDT15,OUT027,4758.512190945172
FDB16,OUT018,992.8397219312013
NCP54,OUT027,3044.179981014364
FDJ36,OUT013,1467.1095939226147
FDO28,OUT045,1614.1308730402745
FDU09,OUT013,814.7895529731866
FDF29,OUT017,1906.5615254381032
FDY08,OUT013,1964.1356839585267
DRJ59,OUT018,357.46130695882107
FDT23,OUT027,2031.8619898246186
FDU15,OUT018,360.71767223587153
FDT47,OUT013,1499.7321764507835
FDI53,OUT019,306.3455632054836
FDR59,OUT018,3268.439946054518
FDD53,OUT035,613.5631658924356
FDY51,OUT017,3301.624835746445
FDT04,OUT049,594.1640856688006
FDU51,OUT049,2594.2688625448727
FDG14,OUT035,2388.460345520614
NCU06,OUT045,3369.1916570737667
DRG25,OUT046,2804.2968330172057
DRH49,OUT035,1248.661340627917
FDN15,OUT035,1985.4727460792706
FDL43,OUT018,910.9889356047304
NCT18,OUT049,2924.7361904543386
NCB31,OUT013,3428.12398909654
FDK57,OUT035,1825.951404109935
FDY04,OUT019,319.4827475779056
NCP54,OUT046,1854.084962208577
FDF41,OUT013,3461.192632717797
FDM01,OUT045,1324.3401645379968
FDW03,OUT045,1498.808524491963
FDF28,OUT045,1793.4314047818748
FDY37,OUT017,2133.012667442755
FDQ03,OUT017,3391.63325465472
FDP51,OUT027,2911.9797934471376
FDJ40,OUT017,1574.3771522628208
FDC32,OUT049,1328.7355100248872
DRI49,OUT027,2066.3733607115278
NCW54,OUT017,793.8625100090152
FDF09,OUT017,488.38163834491763
FDP45,OUT018,3025.0955754377915
DRJ23,OUT018,2506.2179364473077
FDS59,OUT017,1666.6104279337494
FDY08,OUT046,1869.0105616931994
FDX16,OUT049,2183.4341933040046
FDY16,OUT018,2401.097946698239
FDK32,OUT035,2375.849735341871
FDQ22,OUT013,584.4442375438985
NCC31,OUT018,1948.7187418881197
FDG58,OUT049,2159.5950452643424
DRF48,OUT013,2748.079339862804
DRH36,OUT049,1028.796373419536
NCR30,OUT035,976.889657288061
FDB03,OUT019,561.0049982175605
FDZ28,OUT027,3001.411931656207
FDR35,OUT017,2963.3444435296633
DRD15,OUT027,5515.4739024021255
FDJ33,OUT019,261.39257264612587
FDA56,OUT010,246.481341905883
FDP56,OUT046,683.3479045602497
NCT30,OUT046,674.8353682941206
FDK15,OUT017,1490.0124137218645
FDH44,OUT018,1843.0994448763045
FDV01,OUT013,2231.336723188743
DRG03,OUT017,2206.316152019403
FDG50,OUT027,2197.5835269085974
FDR16,OUT010,440.6599939283313
FDZ60,OUT046,1359.6150205553633
DRG03,OUT045,2133.5655014180384
FDS56,OUT018,3013.870434094099
FDU33,OUT045,669.7900156413158
DRD27,OUT035,1494.5934655861495
FDW22,OUT046,3201.2971481049162
DRA24,OUT045,2289.8979878280834
FDF38,OUT049,593.256504274731
FDX48,OUT013,2161.280552136385
FDS58,OUT018,2139.508527532869
FDC32,OUT046,1323.8765148611344
NCQ29,OUT045,3641.4964770715133
DRK39,OUT018,1022.1494690451511
NCS38,OUT017,1668.5137255635454
DRO47,OUT013,1586.485478788263
DRG27,OUT027,974.0103698084079
FDC57,OUT027,4783.632981441647
FDS55,OUT046,2205.2387007112898
NCJ06,OUT018,1429.2866653404983
FDO01,OUT019,247.49609053517295
NCM55,OUT045,2686.772041778107
FDC52,OUT049,2150.6611896157933
FDQ15,OUT045,1068.7476014607385
NCT30,OUT027,1166.493662383357
NCR42,OUT027,659.1381086564527
FDD28,OUT035,834.3995970251958
FDQ34,OUT049,1467.0625131682975
FDZ12,OUT027,3434.906500184589
DRE13,OUT019,189.395329793582
NCN07,OUT019,260.5650745123641
FDM28,OUT035,2905.353666845897
FDI10,OUT017,2622.702003650224
FDQ25,OUT013,2468.3787052530834
FDA38,OUT010,511.0442880694652
DRI13,OUT049,3249.191183427192
FDY20,OUT027,2312.297934338492
NCZ53,OUT035,3056.324694237317
NCM31,OUT013,2142.641015773566
DRB01,OUT017,2739.1749925315953
DRF37,OUT046,3854.46736951966
NCF42,OUT049,2583.1009477720218
FDF16,OUT018,1797.8421817316694
FDB41,OUT013,669.849922586019
FDR34,OUT013,3378.1771476817285
FDR15,OUT018,2032.0815724001764
NCV42,OUT019,230.17065068288593
FDW51,OUT035,3273.9997437832853
FDU36,OUT017,1418.7236606375398
FDX60,OUT049,1177.2282511201515
FDY03,OUT035,1786.0018005547593
FDW55,OUT045,3385.553135603501
FDT01,OUT010,604.6136804764888
FDG58,OUT013,2154.600244796768
FDK21,OUT017,3719.7670208913423
NCS41,OUT019,424.63528207678803
FDS10,OUT045,2681.194449090454
NCT53,OUT046,2382.4691784279094
FDJ28,OUT018,2487.3886442955572
FDX44,OUT045,1179.216384001799
FDT20,OUT018,406.61902593042197
FDO44,OUT017,1572.4684370668072
NCX17,OUT049,2896.4983929227933
FDY01,OUT017,1701.0713692191387
FDJ12,OUT027,5164.620321078569
DRK35,OUT018,385.2608645532324
FDD47,OUT019,331.3954591057358
NCM53,OUT035,1560.4704506595367
FDO45,OUT013,1209.3455258861009
NCM42,OUT010,231.8093729066658
FDE04,OUT046,2563.56521115858
NCI30,OUT027,5528.115940639876
FDZ19,OUT013,2553.7364870900037
FDW57,OUT013,2658.8178254022714
FDA25,OUT013,1505.156525294218
FDT22,OUT046,813.2273574920231
FDP51,OUT013,1711.3570417087315
FDD48,OUT027,2657.9182171347743
FDY39,OUT035,3102.183649144851
FDO48,OUT010,527.4573393739101
FDD23,OUT027,4765.916108822106
DRN35,OUT027,909.5832753155491
FDT01,OUT035,3370.847807502799
FDC20,OUT010,145.54490868716945
DRJ35,OUT035,913.290476326293
FDB32,OUT046,1350.0952236732585
FDL24,OUT046,2692.0541540919216
NCV42,OUT035,1679.8003266573842
FDZ46,OUT046,1519.8622108386885
FDC15,OUT013,2149.3554679959634
FDD08,OUT019,67.47523598197401
FDY50,OUT049,1245.6831426905858
FDD36,OUT013,1687.4086708981113
FDG57,OUT027,1193.490780665271
FDL21,OUT018,374.6809796569123
FDN16,OUT027,2408.374417371432
FDJ09,OUT027,1123.6011728301976
FDS01,OUT010,386.2244123435656
FDV33,OUT017,3778.971717699963
DRE12,OUT017,1579.1526779404758
FDR07,OUT013,1189.90536766272
FDP48,OUT010,397.20002090297436
NCB55,OUT035,840.757617079298
FDQ08,OUT013,889.9909099090519
FDR34,OUT035,3685.5938358630297
FDO33,OUT046,1611.7185415941244
FDP13,OUT045,594.1417549605816
FDX12,OUT049,3501.7683126751413
NCT06,OUT049,2480.0376473966344
FDR16,OUT019,442.16173666245595
FDE36,OUT046,2566.4533232235617
FDZ36,OUT049,2852.0188854740213
FDV13,OUT045,1237.5177900180192
NCZ17,OUT035,592.1742769439031
FDU56,OUT045,2786.564320045683
FDM09,OUT035,2625.513719752285
FDV02,OUT017,2593.184616964577
FDS34,OUT018,1357.0330919905873
FDA11,OUT049,1410.7456673248062
FDP09,OUT017,3204.769764129367
FDB29,OUT027,2673.536356388351
FDT19,OUT017,2626.8213930289317
DRH15,OUT017,600.1988406853864
FDY38,OUT046,3445.914623964775
FDF14,OUT027,3842.821479221686
FDN48,OUT010,197.83948522476493
FDQ12,OUT013,3590.1082053788223
NCJ43,OUT045,2443.1011845830026
FDE17,OUT019,295.1168453314349
FDB05,OUT035,3792.2890488671665
FDH10,OUT045,2049.1191043626363
NCR06,OUT017,578.054853197943
FDU32,OUT018,1533.0713593883931
FDD56,OUT049,2638.3390995249456
FDO36,OUT018,2395.805907858076
FDH16,OUT010,186.93319065092538
FDX10,OUT018,331.80327384101525
FDZ37,OUT017,1282.4109873762593
FDU31,OUT010,466.45896425352583
DRC49,OUT049,2035.8870024688574
FDL15,OUT045,2083.2796083797816
FDN32,OUT019,398.0974616749381
DRH59,OUT027,1755.3685646785714
NCU29,OUT049,2249.6696801716853
FDR37,OUT019,407.4021488062437
FDS14,OUT018,1928.9436333131769
FDU02,OUT027,5545.1764719394605
FDJ08,OUT035,2992.2287647837443
NCZ06,OUT045,3487.4375393805135
FDO31,OUT049,1174.4758715691764
FDH31,OUT018,1217.570807655298
FDS58,OUT017,2417.6392268961235
NCA53,OUT027,1159.6820583542408
FDF50,OUT046,2885.215567430728
NCW42,OUT049,3292.313597208366
NCQ17,OUT045,2187.2297487127903
FDK51,OUT018,2960.7152667612236
NCW41,OUT010,370.7659541390639
NCR29,OUT017,783.3292591669166
FDB08,OUT019,315.571725908205
FDA40,OUT027,2081.2467768825736
FDL14,OUT018,1998.4696705498643
FDB47,OUT046,3080.4957152626494
FDO03,OUT035,3616.309433197316
DRK13,OUT019,404.3597255815883
FDX13,OUT010,477.48037731694785
FDF52,OUT046,2767.322330825164
FDT11,OUT013,2780.330907836492
FDB08,OUT013,2248.6776396159325
FDQ28,OUT018,1946.9979486640054
FDD29,OUT045,3590.474277093691
NCQ29,OUT027,6122.48681037131
NCO02,OUT013,960.2582385262721
FDR56,OUT010,436.08665604395327
NCM54,OUT049,1875.554765838885
FDP51,OUT035,1822.189011021767
FDT38,OUT013,1185.8262179383817
FDZ20,OUT018,2946.3909989696676
FDJ53,OUT013,1776.9476920626057
FDX13,OUT049,3738.2368408145094
FDP58,OUT035,3341.1313750750496
NCK31,OUT019,124.38933215989252
FDA35,OUT018,1622.8666011052176
FDV37,OUT018,2475.0085558723626
NCO07,OUT027,5001.0232105408295
FDA20,OUT045,2721.6937561507693
FDZ59,OUT035,2655.880969404866
NCY17,OUT017,622.7164930050343
FDQ28,OUT035,2371.6299965200674
FDV35,OUT017,2219.6514760720142
FDQ36,OUT013,522.342562144551
FDD34,OUT018,2089.9909602889675
FDK51,OUT045,3653.323652892108
FDV31,OUT035,2651.7201534303736
FDR04,OUT035,1490.33337839124
FDR14,OUT049,778.7297315893658
DRC36,OUT010,367.60069686494757
FDE39,OUT019,244.04439900186617
FDP57,OUT049,1509.835486137961
FDE57,OUT046,2025.1456028060873
NCN18,OUT046,1633.9844752163763
NCQ05,OUT018,2031.8308100055067
FDW47,OUT035,1877.9325059869636
FDV46,OUT035,1989.2408761227916
NCP29,OUT045,937.8382756331279
FDE09,OUT018,1297.0327633439342
NCU06,OUT027,5543.996415517246
FDT19,OUT010,320.2124795505657
DRF15,OUT017,1981.211991531361
DRI51,OUT013,2532.8573307408747
NCX54,OUT013,1490.4571140691507
DRE01,OUT013,3522.112606429284
NCB07,OUT045,2692.5667147663066
FDU50,OUT035,1689.1664069675905
FDG40,OUT035,589.7050630797675
FDW10,OUT018,2163.0644334323656
FDX51,OUT013,2826.1557135659127
NCP17,OUT045,946.0477251137197
FDP21,OUT035,3091.7356662215066
FDL04,OUT045,1421.1295767262652
FDV23,OUT013,1821.382427410916
FDF24,OUT046,1175.2141887926339
FDH56,OUT027,2783.78087002998
FDB51,OUT049,843.8875053158031
FDI58,OUT027,2304.0526183194515
FDR20,OUT013,669.2669295960203
FDC51,OUT018,1585.9373913221575
FDB16,OUT027,2156.6348860691987
FDE40,OUT049,855.3833236363912
NCM17,OUT035,631.4988014286898
FDU56,OUT035,3054.9970950794345
FDS32,OUT019,259.45215459518016
FDX02,OUT049,3297.457258504892
FDT39,OUT027,3749.2306263497744
FDE35,OUT017,794.1290255210769
NCI42,OUT019,479.55915437636094
DRL23,OUT046,1505.5799117555516
FDA10,OUT046,1728.766816970659
FDA11,OUT013,1390.252969473333
NCM06,OUT046,2173.590322389113
NCT05,OUT035,3949.4151100938548
NCQ02,OUT010,419.5302192731045
NCY06,OUT049,1892.7961966978507
FDY56,OUT035,3521.2806825457915
FDL02,OUT035,1620.6210809477586
NCI06,OUT035,2825.970253194913
FDQ14,OUT045,2026.4049650083325
FDQ12,OUT017,3530.3428517404272
FDP36,OUT046,693.742974408083
FDK21,OUT027,5820.95403402972
FDO40,OUT045,2163.448890189947
NCK54,OUT019,239.37096836642178
FDY09,OUT018,2068.356123218533
NCW30,OUT049,3405.608588267637
NCC55,OUT027,865.197630274717
FDE58,OUT018,1501.4410055301366
FDR39,OUT013,2835.545155097685
FDU28,OUT049,2778.5399560959813
FDH08,OUT017,3515.2989492782285
FDG35,OUT045,2187.5170654757453
FDG22,OUT049,518.4544799142129
FDC34,OUT035,2474.67061324497
FDP15,OUT018,3057.044388611095
FDK34,OUT010,495.38862561093197
FDU45,OUT035,1832.8646237812702
FDQ04,OUT027,944.6960786209918
FDX22,OUT018,2727.00536339845
FDB45,OUT017,1369.5137931627748
NCH43,OUT027,5040.026708894961
DRE60,OUT046,3229.687000300996
FDD17,OUT027,5755.87321829837
NCM54,OUT017,1863.8486586626575
NCH55,OUT013,1820.5736281753668
NCT06,OUT017,2416.86764352345
FDA48,OUT027,5292.515373987584
FDY58,OUT027,5609.32493690791
FDO25,OUT045,2978.472956799933
FDN50,OUT045,1350.116010894102
FDH35,OUT035,2476.454190499915
FDK09,OUT045,3364.023917281016
FDO16,OUT013,1244.9169583538082
FDW11,OUT045,971.0835673862828
FDU47,OUT027,2932.0054164673707
NCQ42,OUT010,252.28369255697334
FDK55,OUT027,2179.768589096252
FDN08,OUT049,1672.5800523624368
FDT57,OUT045,3478.164775251564
FDJ12,OUT018,2727.3644388841667
DRL59,OUT017,736.0286516765448
NCN53,OUT046,543.2035862210988
FDO51,OUT010,86.91675839375932
FDK56,OUT017,2810.530877203433
FDY12,OUT035,724.1621338998856
FDU15,OUT035,594.3929053586504
FDQ19,OUT046,3205.4208950827287
DRF15,OUT045,1943.9202877907935
DRE25,OUT019,193.29902888967476
FDK57,OUT018,1526.8612638653042
FDD33,OUT010,479.3981563175101
FDR34,OUT027,5412.2194089244995
FDU04,OUT045,1711.963735215657
FDE35,OUT019,145.0823273950216
NCD31,OUT035,2510.1634562778886
FDJ56,OUT035,1602.7846695827886
NCU53,OUT046,2392.499096868101
FDD39,OUT035,3307.656159998825
NCU17,OUT019,219.73924611602257
FDJ20,OUT046,1748.1572668757137
NCW41,OUT018,2128.9104121448377
FDL52,OUT035,610.9164628721193
FDS39,OUT035,2190.6119056955363
DRJ47,OUT045,2553.347454621542
FDP13,OUT010,66.92406827078884
DRK39,OUT010,175.49889773732968
FDF28,OUT010,251.3578224359105
FDB09,OUT045,1704.7548089223058
FDM51,OUT046,1399.3641319978321
DRM49,OUT018,530.6734131341259
DRF23,OUT013,2521.5887735033034
DRH01,OUT035,2750.248382675209
FDH12,OUT027,2352.21597909948
FDA28,OUT019,247.59744251120125
FDW37,OUT018,1073.037895720964
FDF02,OUT046,1515.4268776017213
DRL37,OUT046,610.4005832130044
NCF43,OUT046,1969.4637892414107
FDH08,OUT010,492.73468239470037
FDR34,OUT019,493.7010930216855
NCK19,OUT049,2837.8195162665843
NCD55,OUT018,386.2830204006314
FDT27,OUT049,3481.233827544184
FDQ57,OUT045,2129.101664817048
FDA47,OUT035,2462.2846951432352
DRG15,OUT027,1747.8217509510387
FDE05,OUT018,1894.7551853720242
FDN46,OUT046,1523.6123542997273
FDX27,OUT027,2245.2314530626254
FDT51,OUT045,1470.5255952745056
FDU33,OUT013,604.751941442651
FDJ16,OUT027,1506.2180482637375
FDD20,OUT019,250.32210464678238
FDT36,OUT049,538.6721117145906
DRF15,OUT027,3521.5802096187936
FDN52,OUT010,173.5431474291859
FDC22,OUT027,4704.8566530121325
FDX15,OUT045,2261.9546883515823
FDT13,OUT013,2978.3033955715123
FDU04,OUT017,1840.0900733175465
FDU31,OUT019,464.08546011463073
FDW59,OUT027,2103.3529135828285
NCO29,OUT046,2367.640180053092
FDL15,OUT035,2288.77144830381
FDI41,OUT049,2210.3553235808395
FDQ48,OUT049,1426.230994486733
DRI39,OUT013,784.9745134618398
FDI08,OUT013,3640.617008412577
FDC21,OUT049,1575.9992032281395
FDF58,OUT035,983.8826465801561
FDS08,OUT010,358.19106763307735
FDE47,OUT045,1769.0442312283008
NCP18,OUT019,303.78798696442226
NCR41,OUT013,1420.293880171366
FDA27,OUT013,3567.877207661352
FDA43,OUT035,2950.743660127013
FDA49,OUT045,1162.432096316847
NCE55,OUT018,2288.9414156753032
DRM49,OUT027,1128.9426954128182
FDF22,OUT027,5166.463066368568
FDQ15,OUT018,933.9370532803215
NCS54,OUT017,2692.033857441962
NCY05,OUT013,570.0335144847685
FDR45,OUT046,3310.444379602667
FDK57,OUT049,1873.2473587131071
FDF41,OUT010,476.36016725574507
FDV21,OUT046,1816.4592662448592
FDD51,OUT046,661.9927636498412
FDF33,OUT046,1670.9035723530778
FDA38,OUT046,3390.883151552572
FDR56,OUT045,2779.7856471014647
NCN41,OUT017,1772.7064562375842
FDC60,OUT027,2191.370579698511
FDB47,OUT045,2963.1870479031963
DRH01,OUT013,2630.0896059155607
FDW08,OUT046,1495.9271876595221
FDF38,OUT027,964.3798241387607
FDY32,OUT017,2283.406988009526
FDG34,OUT049,1540.4521571271068
FDG47,OUT019,519.1714653479257
NCF18,OUT035,2955.7582238734185
FDL39,OUT019,377.62900002987436
NCH55,OUT035,1945.7669475067648
DRJ35,OUT049,855.9513779383155
FDS44,OUT035,3474.5273593718866
DRE01,OUT018,2954.851078600868
FDY39,OUT013,2994.8715775153646
FDY32,OUT018,1942.138680035416
FDR33,OUT027,2621.3941516280097
NCP50,OUT049,1165.3846764888829
FDZ47,OUT018,1151.0537783261314
FDU57,OUT049,2186.6919664032507
FDY44,OUT013,2940.645239920857
DRH59,OUT018,784.8329060280497
FDB03,OUT027,5597.4165505564
FDY46,OUT045,2739.6840986328825
FDM39,OUT045,2439.5654722851045
FDY36,OUT035,1026.4388446632208
NCM55,OUT035,2977.981092954181
FDJ50,OUT010,126.93959355311911
DRL60,OUT013,2130.203183650732
NCJ54,OUT049,3417.1225354193148
FDX59,OUT017,513.9631734312484
FDI07,OUT013,2981.129106436761
DRF51,OUT010,73.29031021703162
FDM14,OUT017,1623.1826747560058
FDP21,OUT045,2768.2508263768864
FDE40,OUT035,1003.1410996810348
FDE05,OUT035,2299.754487592146
FDM13,OUT027,2850.6893888637405
FDC34,OUT027,3937.3956513220164
NCI55,OUT018,1626.4440436513457
NCE43,OUT018,2227.5781786885746
FDW58,OUT018,1211.9195204048215
FDG60,OUT045,3277.258487569835
FDV31,OUT017,2495.0491268149394
FDR47,OUT013,2917.5797066619616
FDM60,OUT019,69.5661580466279
NCF06,OUT018,2907.89820304006
NCN26,OUT027,2682.0380901725184
FDQ59,OUT049,1236.752630423326
FDF09,OUT046,521.0493845198947
NCS06,OUT017,3691.8817823236354
FDT44,OUT046,1662.530484601788
FDI19,OUT017,3533.475550207427
FDT22,OUT017,869.0178725885542
NCF54,OUT027,4306.020844380883
DRG25,OUT045,2698.580889827985
FDB59,OUT017,2777.1295428997673
FDQ37,OUT017,2713.670466087312
FDP56,OUT035,721.8758635730272
FDW44,OUT035,2711.0959813804707
FDJ26,OUT010,486.1434101642116
FDU43,OUT018,2978.196888744413
FDW33,OUT045,1424.521917377201
NCX53,OUT027,3466.5482450544887
FDN56,OUT010,302.7109233186798
DRF15,OUT049,1990.8414924129543
FDO33,OUT017,1677.7946275511624
FDZ39,OUT010,204.81937494321494
NCJ19,OUT017,795.4136988837703
FDU01,OUT035,3101.4257782332347
FDT12,OUT035,3514.089188545806
NCM18,OUT018,763.0168840236627
FDP19,OUT017,1830.846177238629
NCR42,OUT049,410.74304308942743
FDN10,OUT046,1653.1415346261851
FDG44,OUT017,788.8283542628702
FDQ10,OUT046,2675.7667382616164
DRH13,OUT049,1447.7194284874824
FDT52,OUT013,3551.7386387334122
FDM56,OUT045,1523.7295610886945
NCO43,OUT010,214.25746445092142
NCV29,OUT035,2721.0451014815017
NCF06,OUT013,3466.336719629611
FDO50,OUT035,1414.864947382856
FDT59,OUT013,3565.7996734353496
FDX40,OUT027,902.4674068925908
FDE50,OUT017,3001.4348668672974
FDX51,OUT017,2864.4564334263887
NCD30,OUT018,1184.872373828932
FDK15,OUT013,1490.8172668784894
FDL12,OUT045,861.54967371305
FDK46,OUT017,3727.0275241402887
DRH49,OUT010,156.98537713919174
FDQ57,OUT046,2194.6932278720715
FDY59,OUT017,1313.3653874419178
FDO09,OUT018,3009.0927979412154
NCG30,OUT035,1927.2713642927506
FDM09,OUT017,2414.1144689149846
NCN17,OUT027,2397.498724099988
NCS42,OUT013,1264.6707382876014
FDD02,OUT019,247.8708771853817
FDE34,OUT013,2851.6724134458914
FDU38,OUT045,2685.4490477034155
FDB33,OUT046,2384.8532554474677
NCJ29,OUT017,1196.259542434726
FDZ27,OUT035,732.983894756615
FDI40,OUT013,1400.7926393471732
FDG22,OUT013,531.5624690344163
FDT51,OUT017,1543.4790514816693
FDF20,OUT018,2544.6576910954573
FDV50,OUT035,1875.7530377898054
FDT02,OUT049,530.2138563025944
DRC49,OUT017,2230.1310616949972
FDF26,OUT049,2225.6557540242416
FDV52,OUT035,1699.4916994037817
FDX59,OUT049,523.9623416472863
FDV25,OUT035,3387.937461178126
FDW23,OUT027,958.2229134445513
FDE53,OUT018,1179.923618979808
FDA19,OUT017,1831.7628634886894
FDH22,OUT046,1813.248384329273
NCO41,OUT013,1477.2993143323956
FDX12,OUT017,3561.067246584484
FDF17,OUT013,2944.3780013793585
FDS11,OUT045,3108.2545019834924
FDR51,OUT035,2357.8974379354886
FDT49,OUT010,219.45962769753854
FDC56,OUT013,1804.9811152401987
FDR13,OUT027,2708.2098600536474
FDQ60,OUT035,1694.0006359797487
FDN38,OUT049,3666.4342460042094
NCL29,OUT013,2334.234517139017
FDO13,OUT027,3906.374158324466
FDE26,OUT018,1772.9009971472544
FDA31,OUT010,349.64037191079825
FDX14,OUT035,1050.8838442549902
FDA34,OUT045,2533.08952438283
FDF26,OUT013,2195.3262520571216
FDE38,OUT045,2442.269001071318
DRI11,OUT046,1645.860613808754
FDQ60,OUT027,2473.006246923704
FDL21,OUT027,912.1455147937369
DRC12,OUT027,4666.6379187257135
FDC47,OUT046,3351.088271550481
FDE57,OUT045,1856.7439023966876
FDT14,OUT045,1739.0845735077075
NCZ53,OUT046,2833.963864991861
FDE28,OUT018,2997.7280523141467
FDR19,OUT035,2290.1150936034073
NCF54,OUT019,368.83728641278697
FDZ08,OUT046,1150.3424374073886
NCJ05,OUT018,2050.069769654154
FDF59,OUT046,1831.2307802072446
NCO05,OUT035,1625.716520296664
FDW24,OUT018,567.6675989300579
NCX42,OUT018,2126.420575065552
NCA53,OUT035,715.815966711964
FDI45,OUT019,355.2642701702973
FDG46,OUT046,1666.7421655645603
FDM20,OUT010,470.23284615436995
FDW11,OUT010,150.82192741870395
FDX08,OUT035,2847.9171361333597
NCK17,OUT035,630.4508107141259
FDK32,OUT018,2006.42585770608
NCA42,OUT035,2493.422013046349
DRI01,OUT035,2777.020676286926
NCL55,OUT049,3780.031614018831
DRE25,OUT018,1143.7816599787725
FDD14,OUT017,2758.7376118590346
FDB10,OUT046,3382.65831065079
DRN11,OUT035,2321.113657357341
FDP38,OUT018,585.2793374677846
NCA30,OUT017,2779.4419593384446
FDT15,OUT017,2860.0851100253367
NCP55,OUT018,626.581398740543
FDF12,OUT035,2184.8368725170094
FDM21,OUT018,2868.3084910259404
FDX56,OUT035,3311.1552639307565
FDF10,OUT017,2204.2464838668247
FDT32,OUT045,2728.1218838489085
FDM51,OUT018,1259.7559097642932
NCR50,OUT018,2005.9483507367206
FDI19,OUT049,3564.6423385696644
FDX21,OUT017,1466.2486096602636
FDR31,OUT035,2348.2435178206783
FDY02,OUT013,3776.887014752566
NCA29,OUT045,2496.407537223933
NCX17,OUT046,2882.3738534024988
FDM12,OUT045,2699.828369771279
FDI53,OUT027,3926.640802609935
NCU30,OUT049,2468.7421244608176
FDC56,OUT027,3221.552556036547
FDK27,OUT018,1449.0979142127592
NCK18,OUT017,2577.0736700599828
FDB52,OUT019,531.0569604055639
DRG25,OUT027,4723.999673178967
FDZ13,OUT049,744.8484723259988
FDB57,OUT019,489.2909878303175
FDR40,OUT046,1224.23008765717
NCO14,OUT019,82.08146942494774
NCN19,OUT045,2643.6222257696763
FDQ28,OUT019,303.94555217028056
FDO13,OUT018,1913.686944379165
FDK48,OUT013,1131.9339224225416
FDU07,OUT018,1903.7275425820792
FDW20,OUT046,1769.8714332982443
FDV12,OUT010,221.5072380849498
FDH24,OUT013,2266.7679764989048
FDV59,OUT049,3244.519749549723
FDK57,OUT045,1761.3193243329488
FDL16,OUT027,1128.809377246386
NCQ17,OUT046,2242.464210287223
FDJ15,OUT018,2516.9886169927972
FDX24,OUT049,1362.8078734509895
FDT47,OUT046,1456.5882689708844
FDT10,OUT049,878.409243983158
FDZ37,OUT018,1034.539501601091
FDW43,OUT027,5944.437220201683
DRN36,OUT017,1396.3465159683174
FDJ14,OUT045,1085.3884301518829
FDA32,OUT013,3135.9338240171087
FDJ38,OUT019,425.9554719783668
FDQ57,OUT017,2183.460966693108
NCQ41,OUT019,479.84447001751266
FDG56,OUT049,899.1919585898354
DRC13,OUT027,2958.231943299305
FDV55,OUT035,2360.547209964452
FDQ49,OUT045,2040.0080298659082
FDE29,OUT010,135.29122066324925
FDR03,OUT013,3159.19875787079
FDD45,OUT049,1355.9447497709627
FDN38,OUT010,496.7698464110527
FDT56,OUT046,794.8300938922439
FDT48,OUT045,2970.124193818009
FDU03,OUT049,2689.9745867607026
FDC56,OUT010,245.1848640742378
NCO43,OUT027,2368.659988210745
FDQ27,OUT017,1576.1722148347915
FDR03,OUT046,2971.8124488191265
DRH23,OUT010,138.89793750313166
FDG22,OUT045,577.9569986082682
NCJ42,OUT013,1504.4279795539924
FDR24,OUT046,1283.20263056058
FDW60,OUT035,2758.3895698586366
FDJ08,OUT013,2837.4090600034083
DRL59,OUT018,609.4086459200079
FDG60,OUT010,484.38792076296187
FDW27,OUT017,2209.607242250193
FDX14,OUT018,906.969366929437
FDC20,OUT013,768.5148818870026
NCS29,OUT018,3142.1017632543894
FDJ56,OUT046,1500.5029249960105
FDB20,OUT019,163.8652559281711
FDL28,OUT027,5528.462382125229
FDW01,OUT018,1803.7177122491285
FDL03,OUT046,2806.838140716539
FDX22,OUT049,3256.9888912662445
FDJ21,OUT035,2421.5209556276795
FDR31,OUT045,2130.6776409109857
FDG21,OUT035,2313.3755513142005
FDS22,OUT027,963.5733362006381
FDK08,OUT035,1461.5963254792534
FDE17,OUT018,1827.2898325417061
NCN30,OUT017,1372.2313564193003
FDT50,OUT046,1350.2884769582909
NCX42,OUT049,2386.9656539896223
FDJ12,OUT035,3439.3918517893585
NCA18,OUT027,2517.185207006345
FDP23,OUT019,453.5412891781396
FDX12,OUT013,3492.208373821267
FDN40,OUT018,1909.7926539473726
FDV48,OUT035,1142.4647092619366
NCY54,OUT013,2611.423481771431
FDL16,OUT010,87.61765174293762
FDR45,OUT018,2682.5320458584188
FDJ52,OUT046,2274.8860268237727
DRG01,OUT017,1140.042575457232
FDP52,OUT013,3472.357685519069
FDU58,OUT017,2820.341810256689
FDL02,OUT045,1454.7377258077083
FDG28,OUT013,3512.635954615994
FDA19,OUT035,1910.0696419780654
FDW46,OUT027,1737.1702916667102
NCD43,OUT049,1447.2459712433092
DRG39,OUT013,686.9197949143576
NCF55,OUT049,524.8743442040105
FDJ07,OUT046,1608.696885882524
FDE08,OUT046,2170.216380130008
FDP56,OUT019,119.0233170173903
FDT45,OUT045,735.750700658649
FDF17,OUT018,2570.7523584912688
FDX44,OUT046,1226.6828608525332
FDM28,OUT027,4350.604483658921
FDI36,OUT049,2878.2585504762255
FDS07,OUT045,1602.048806226813
FDD36,OUT045,1624.1996212361541
FDW11,OUT046,886.695065854084
FDN40,OUT049,2149.8959774587406
NCQ18,OUT049,1425.1045104355167
NCQ54,OUT017,2578.8145654379646
NCS42,OUT045,1218.6435361952283
DRH39,OUT010,168.8914841565622
FDC09,OUT027,2487.0226758471917
FDT08,OUT010,304.54964194569334
FDC08,OUT035,3543.837470399823
FDT20,OUT017,546.6985361799997
FDS35,OUT035,1037.824334149302
FDX58,OUT018,2503.652570728143
FDW58,OUT046,1418.7424827185484
DRD27,OUT046,1360.2612201573586
FDH32,OUT019,199.15069403309408
FDS26,OUT035,3679.8733215948664
FDQ31,OUT046,1211.708099416271
FDP11,OUT018,2840.9668735776754
FDD58,OUT017,1390.6379940808363
FDM33,OUT045,2995.8507057759493
FDZ16,OUT049,2880.2665789180364
NCS29,OUT010,565.3343278986815
NCM18,OUT019,168.49227626553824
FDP11,OUT049,3286.694523687861
NCC42,OUT017,1997.000123596224
DRM23,OUT046,2610.8418312312183
NCN55,OUT027,5635.664877267462
FDK46,OUT013,3708.656986839058
FDR01,OUT046,2888.19478863509
NCA05,OUT045,2000.405276358934
NCP43,OUT017,2643.231451702966
FDR12,OUT010,333.72096724226896
FDQ01,OUT013,3769.912352805129
FDM13,OUT046,1551.3680286724805
FDQ19,OUT017,3271.0400006898126
FDK56,OUT019,383.3690839633287
NCX06,OUT010,425.52819154119493
FDO56,OUT027,2666.4936791864234
FDU45,OUT045,1590.502485890333
FDI16,OUT019,136.2645611656522
FDL32,OUT046,1624.4570198659424
FDA07,OUT046,1825.4281355728763
FDA14,OUT045,2045.9472116869565
FDV46,OUT027,3068.8029622771473
NCO07,OUT035,3179.347912009401
NCP41,OUT046,1470.7686993080995
FDY60,OUT018,1759.3901792762088
FDN38,OUT017,3617.8337950463924
FDO15,OUT046,1027.2718921789988
FDT60,OUT013,1818.5978095608991
FDA55,OUT035,3597.8335375077463
FDE02,OUT010,201.7385710362004
DRJ39,OUT049,3212.0073893373074
FDV34,OUT035,1072.133760449277
FDS20,OUT027,4829.285744808299
FDF02,OUT027,2458.174661211407
FDW40,OUT017,2057.9161694766244
NCB43,OUT046,2784.5596834171497
FDR58,OUT017,1296.8016262188341
DRJ59,OUT035,606.1602419904599
NCD30,OUT017,1431.760287764518
FDE14,OUT017,1453.0495028782673
FDC28,OUT018,1204.7635986428966
FDU16,OUT018,992.3870089388579
NCD19,OUT035,830.9398834131298
FDU21,OUT046,564.2035252063813
FDV59,OUT027,5086.6454399762515
FDU03,OUT045,2680.640799569313
FDC33,OUT010,448.3885626413167
NCR42,OUT035,474.37057958761534
DRH59,OUT035,1070.253263929072
NCM31,OUT035,2087.104939175865
FDS50,OUT035,3480.7135743829754
FDP39,OUT046,753.8377444905512
FDQ55,OUT013,1730.2785223284582
FDV36,OUT019,257.04316780100953
FDI05,OUT027,2030.9792355599227
FDS45,OUT027,2431.166669267087
FDA39,OUT045,545.9516432241832
FDC37,OUT010,227.62058373163399
FDJ60,OUT027,4047.9222966670995
DRQ35,OUT046,1856.5957683316533
NCJ06,OUT046,1717.4296083099728
NCY42,OUT018,1862.890506736695
DRM37,OUT049,2909.089652227507
FDR14,OUT045,693.6015699158156
FDE51,OUT049,597.2558289650415
FDT33,OUT017,2479.0442916204397
FDR08,OUT013,1578.2758762414962
FDE36,OUT010,333.0068485064148
FDL22,OUT019,191.93179809275938
FDR44,OUT013,1850.6750412847216
FDI56,OUT019,191.86376169234197
FDE47,OUT010,251.85980327024902
FDV27,OUT010,183.48112863618329
FDV10,OUT049,608.577423114846
FDC40,OUT045,1068.2864612972858
NCX41,OUT013,3131.224534531661
NCQ38,OUT027,2392.1625271434955
FDV12,OUT027,2381.72074170729
FDE52,OUT017,1240.0717878491469
FDG20,OUT027,4487.747944484499
FDV16,OUT027,935.2192169539519
FDI32,OUT017,1701.2148241117873
FDJ32,OUT049,866.0169498307213
FDN39,OUT018,2201.017653267554
FDY34,OUT017,2533.144758168261
FDC14,OUT035,637.0430985466381
FDA55,OUT017,3425.31915429012
FDZ50,OUT010,400.1292415167595
DRG13,OUT049,2490.275760355505
FDP01,OUT013,1888.137853787637
NCG54,OUT017,2647.73925088485
FDM13,OUT045,1504.5148927808486
NCO18,OUT027,4489.433496035565
NCW41,OUT013,2281.7376536517204
FDM52,OUT027,3852.8132879934396
NCF55,OUT035,525.9896423341826
FDT09,OUT046,1913.0752929799476
NCM19,OUT035,1791.9386940034094
FDW12,OUT018,1911.5337145896747
FDP15,OUT019,530.4455218181932
FDK36,OUT045,697.7910022905207
FDZ25,OUT035,2866.663599903865
NCW06,OUT049,2860.4868914957433
FDW60,OUT046,2666.738046236796
DRC49,OUT013,2209.647999010604
NCT17,OUT035,3052.796406097649
NCN06,OUT018,2105.0704871235985
FDC45,OUT013,2531.8328074951332
DRJ47,OUT019,335.71707461183047
NCF06,OUT045,3295.3476847540337
FDE21,OUT010,250.42580961496625
DRG27,OUT013,582.8780293229576
FDW40,OUT049,2011.2888226295863
NCO53,OUT046,2711.805854893518
FDE23,OUT049,625.9418154911295
FDQ16,OUT046,1551.4064203093603
FDS26,OUT045,3437.2602258704624
FDZ13,OUT010,111.3379461936074
FDS14,OUT049,2162.7840541909545
FDC10,OUT045,1547.1275195533804
FDY16,OUT049,2858.9821268935984
FDJ20,OUT035,1846.6602440565905
FDV43,OUT035,601.3423206455215
FDZ32,OUT027,2443.838357613822
FDR23,OUT046,2607.501413157957
FDN24,OUT035,736.5944958098133
FDE34,OUT027,4701.307169288272
FDU31,OUT013,3173.97697799195
FDW33,OUT018,1264.883849743303
FDU26,OUT046,1573.3532303825561
FDE20,OUT027,4343.329333930702
NCW05,OUT035,1584.9789732875963
FDB22,OUT018,1963.3158833812975
FDO56,OUT046,1615.9204201739924
FDA19,OUT027,3180.0507251908234
DRI39,OUT045,770.0897069353001
FDH52,OUT018,686.2669436080599
FDZ50,OUT035,3023.28987018056
NCN42,OUT035,2365.9750908425976
FDB53,OUT013,2251.367029638825
DRG11,OUT017,1516.9287662669503
DRK11,OUT027,3621.7587115466395
FDQ60,OUT017,1725.024701769935
FDT36,OUT017,536.9375866102023
DRG25,OUT018,2399.2936360887907
DRJ23,OUT046,2847.611839393466
FDG05,OUT035,2386.5354099611595
NCK06,OUT018,1487.404642971869
FDU52,OUT017,2149.2709168450438
FDW07,OUT018,1037.8055725362422
NCM17,OUT045,611.7179464030476
FDA22,OUT045,2459.822755103496
NCA41,OUT018,2571.2092442364487
FDF38,OUT035,632.602161849721
FDH52,OUT046,862.4058698620732
FDY58,OUT019,482.35558020923247
FDZ16,OUT045,2777.3089587951604
NCM18,OUT017,911.6726756478024
FDA22,OUT018,2180.9603526044584
NCJ43,OUT035,2716.8489357538533
FDI34,OUT027,5570.540214130681
FDG56,OUT046,885.4245558526505
FDS34,OUT046,1636.9097979132528
DRC01,OUT035,737.903082036579
FDQ04,OUT035,610.9588080495136
FDK04,OUT035,836.0871242404171
FDT51,OUT049,1533.299270369527
FDV26,OUT017,2815.6672628742626
FDS04,OUT049,1993.661373590844
FDW43,OUT018,2916.5036888328054
FDQ28,OUT010,306.1537198997475
NCK06,OUT017,1821.7817340378
FDS23,OUT018,1610.4103596069695
FDZ36,OUT019,409.19291211676864
FDE56,OUT018,724.9452325063414
FDW10,OUT027,4332.770784251428
NCN14,OUT045,2645.0767483211066
NCQ18,OUT045,1367.2424235513768
FDW08,OUT017,1506.2268918656391
FDU43,OUT035,3720.3076895835966
FDR33,OUT010,224.52439251479439
FDM24,OUT010,303.4546663728262
NCZ05,OUT046,1432.3355434996874
NCV41,OUT035,1726.128799096163
FDV11,OUT018,2195.5552276176268
NCY05,OUT035,595.9893125137121
FDV44,OUT018,2486.061269045182
FDW32,OUT049,1177.0189083325165
NCU18,OUT027,3417.8313828471646
NCC43,OUT035,3836.992612415271
FDW19,OUT013,1646.2432436361087
FDN31,OUT035,2965.743090479446
FDI48,OUT045,690.2469255762591
FDS24,OUT017,1134.950429281809
FDF46,OUT049,1670.4433771156707
DRG23,OUT017,2167.7918396771547
FDG14,OUT018,1985.1989477253608
NCY30,OUT049,2710.2125803177055
FDO28,OUT018,1414.1864606408308
DRD24,OUT035,2157.7320431197672
FDI33,OUT049,1319.8780673845254
FDN32,OUT046,2857.5501943193776
FDR16,OUT045,2940.38347525558
FDF26,OUT046,2209.855875710229
NCN29,OUT018,525.3404067186236
FDE20,OUT045,2486.508758064796
FDA46,OUT046,2823.9462971570797
FDU28,OUT045,2655.44617980763
FDQ48,OUT045,1374.903910290157
FDV36,OUT013,1802.8564386542635
FDR14,OUT018,593.5295331094213
FDP23,OUT017,3159.5488394254307
FDP56,OUT013,680.867419781766
FDK48,OUT010,171.64684950353956
FDR48,OUT046,2142.1718513013225
NCY29,OUT049,797.0954085593581
FDM22,OUT018,628.5073227359211
DRJ01,OUT013,2281.6452025864046
FDZ43,OUT045,3314.786292253046
FDV03,OUT035,2386.7845647562335
FDX11,OUT027,4640.440312764482
NCA41,OUT027,4806.835900134346
FDE38,OUT017,2575.951813894055
FDI27,OUT018,515.935484237862
FDN32,OUT013,2902.2735242639133
NCN43,OUT017,1898.9675109164384
FDB47,OUT027,5152.103478314505
FDV03,OUT017,2303.8307310032847
NCN30,OUT045,1313.383430626004
NCV54,OUT010,232.62804600756496
FDV07,OUT013,1556.8660277308327
FDP07,OUT049,2822.315036229157
FDK48,OUT018,858.2681457782177
FDM15,OUT019,345.0620920150581
FDY19,OUT027,2846.9586288443575
FDK46,OUT046,3705.3517020101613
FDY11,OUT045,940.5684137340975
FDH09,OUT046,769.5842131371483
FDO08,OUT027,4104.116096933283
FDU14,OUT013,3599.662949838321
FDD22,OUT027,2711.4183156639524
FDM27,OUT017,2319.2029104926864
FDL02,OUT027,2457.9116015235904
NCA17,OUT035,2302.8868756362567
FDE38,OUT019,332.1686072889765
NCG07,OUT049,2920.3054124722416
DRC27,OUT013,3463.790356480891
FDA27,OUT035,3724.6603328291094
FDW40,OUT045,1947.2120436820223
DRI11,OUT013,1637.4203960240418
FDN50,OUT046,1399.5361136068407
FDR12,OUT046,2613.441496751052
FDT34,OUT027,2399.4113632269427
FDW11,OUT035,943.5690219990324
NCO30,OUT027,4566.663433483204
FDZ34,OUT017,2880.923413070107
FDU45,OUT017,1696.6406887063001
NCD42,OUT035,566.2945307808401
FDX25,OUT045,2688.632091463622
NCR29,OUT046,782.0122945156733
FDX43,OUT019,304.4171832888404
FDB04,OUT010,181.74815379021118
FDR49,OUT027,1194.653431983812
FDS39,OUT018,1798.6573336806903
FDW58,OUT045,1366.7484846380319
FDG22,OUT019,60.4482878021554
FDG31,OUT017,942.3903767663128
NCV53,OUT027,5604.790740650736
DRJ37,OUT035,2308.365315014892
FDV07,OUT035,1723.3305779783768
FDW52,OUT018,2123.636891851027
FDT15,OUT045,2692.4891599928246
FDD02,OUT018,1429.8376891705475
FDM16,OUT035,1120.8236857832158
NCE55,OUT046,2589.9379584651388
FDB57,OUT018,2934.4619975646237
FDQ04,OUT013,597.7249862587526
FDQ47,OUT019,82.13114545498752
FDY14,OUT019,482.1790389281584
DRK37,OUT017,2954.392514981982
FDO25,OUT017,3114.6042990864967
FDL57,OUT046,3826.114002059231
NCK29,OUT018,1546.2629170184637
FDK46,OUT027,5980.111218239712
NCB43,OUT010,413.2955073765485
DRE01,OUT027,5570.551244824563
FDC46,OUT018,2515.582677518619
FDQ23,OUT045,1470.2586934244796
FDX38,OUT049,673.454804626982
FDG60,OUT018,2796.98242703756
FDW55,OUT017,3543.564598057684
FDP39,OUT013,686.4691291281616
FDB20,OUT018,907.9579099652151
FDV21,OUT017,1834.6613755652922
FDZ02,OUT013,1282.0586397506167
FDP19,OUT027,3258.502303954638
FDA38,OUT035,3637.779766620422
FDH22,OUT045,1754.2180063587396
DRM11,OUT045,3623.270115643868
FDO12,OUT027,4618.329482751523
FDT14,OUT049,1776.8570103940247
FDW34,OUT010,488.81529877268423
FDG04,OUT027,4468.466706830486
FDW59,OUT018,1051.3774627262164
FDR33,OUT018,1312.9284379333385
FDP32,OUT013,1802.9474903089908
FDL13,OUT027,5582.113313927781
FDD22,OUT013,1713.2065379315216
FDV40,OUT027,1725.9278119623013
NCD55,OUT046,581.2340888714534
FDQ20,OUT010,71.99698761078785
FDD28,OUT045,770.6710662952722
FDC39,OUT045,2982.1916534202883
NCR17,OUT049,1690.55717457627
DRO35,OUT018,1544.814847526577
FDF40,OUT049,3763.45465709298
FDR31,OUT018,1904.1139341178164
NCQ41,OUT017,2904.961312626853
FDP38,OUT046,687.1848826115439
NCU54,OUT027,5129.541452676971
FDG22,OUT018,341.43594637064973
DRK59,OUT013,3451.861468490875
FDC37,OUT046,1524.6549104614144
NCO42,OUT013,2112.655177858092
NCT42,OUT017,2194.9319717610992
FDX27,OUT035,1377.493373546153
FDV40,OUT018,806.9570068484944
FDT45,OUT027,1375.0380663726162
FDS47,OUT019,183.1865522449653
FDR45,OUT035,3514.4943756205694
FDB03,OUT045,3374.072240363699
FDO49,OUT035,733.7360523189029
FDU60,OUT027,4079.2266096514286
FDB26,OUT018,600.3455953543553
FDB46,OUT017,3136.26350484832
FDQ37,OUT019,401.42973755624405
FDN03,OUT017,3615.666878410636
NCX30,OUT045,3517.081676030156
FDK32,OUT019,303.30358079797065
DRM47,OUT013,2866.8912505462235
NCO02,OUT046,985.525258181821
FDP04,OUT013,956.0694308296576
NCO43,OUT049,1543.4441427308434
FDD59,OUT013,1167.4997089629628
FDQ10,OUT017,2694.3561847256415
FDW45,OUT035,2379.459937353839
NCK30,OUT049,3756.242052182908
FDU31,OUT018,2736.6986421266693
NCQ17,OUT019,304.1274738717807
FDN01,OUT017,2527.313774252454
FDZ19,OUT049,2550.5447302951998
DRG37,OUT017,2273.4405136799055
FDE32,OUT045,470.29690480591967
FDO34,OUT049,2582.307195631117
FDM04,OUT019,118.37719089040264
FDZ25,OUT049,2677.684542968094
FDU08,OUT049,1401.6116460109145
NCW30,OUT045,3201.922994329731
NCM18,OUT013,891.0995056214776
FDS22,OUT035,622.9493915245147
NCH18,OUT017,3562.0558416724566
FDC23,OUT013,2708.096479280807
FDY46,OUT013,2867.8116638054603
NCU06,OUT046,3418.292818946353
FDX57,OUT045,1365.0759181192138
FDX36,OUT027,5305.732815973954
FDL16,OUT045,686.3682452241598
FDT16,OUT010,515.1404340562441
FDN16,OUT018,1209.428153329395
FDC03,OUT046,2797.123966907775
DRF60,OUT013,3447.4095600248875
FDS27,OUT027,4521.990831393531
FDP33,OUT010,524.3095521470799
FDJ36,OUT018,1259.1633176483103
NCR42,OUT013,365.5326741410308
FDV14,OUT017,1145.2735666177975
NCP42,OUT035,2996.4681470992227
FDB50,OUT027,2081.437405478857
NCC30,OUT027,4336.702495972066
FDA23,OUT018,1291.9606117663886
FDW16,OUT017,1333.952668840316
FDQ52,OUT010,481.9224006917373
FDB58,OUT049,2128.625147953567
NCP29,OUT049,973.7913698859707
NCM05,OUT045,3533.4179766925276
FDO25,OUT013,3117.314462559832
NCM54,OUT046,1862.2896995192245
NCL54,OUT046,2640.0943359525063
FDL39,OUT010,383.06901980533416
FDF53,OUT018,2215.813291607399
NCQ42,OUT035,1951.3206670766604
FDF58,OUT013,910.7850553048349
FDZ04,OUT035,1008.3048219823007
FDE26,OUT019,276.3775877029992
FDS60,OUT017,2196.5000830646454
FDV58,OUT017,2202.841454016398
FDM04,OUT045,700.3026985463417
FDE08,OUT035,2281.3840611381843
NCB43,OUT049,2851.359487411641
FDU11,OUT010,252.67322098267968
FDF22,OUT019,460.9115902550289
FDE24,OUT013,1980.7383245448168
DRJ49,OUT046,1827.253559315686
NCQ53,OUT035,3818.499292054253
NCL41,OUT013,503.2536379713075
FDR22,OUT013,1695.1432828540294
FDH04,OUT035,1341.3624776824156
DRH15,OUT045,579.6452345431877
FDY40,OUT049,688.1065054844672
NCI17,OUT035,1497.9151128483588
NCC18,OUT013,2571.365380575232
FDY28,OUT027,5130.716776526576
FDB45,OUT027,2602.463459772067
NCL30,OUT018,1622.8181088698498
FDM10,OUT017,3064.743531753054
FDH22,OUT027,2992.16453192167
NCZ53,OUT017,2877.317589803163
NCI18,OUT013,3204.0762247007588
FDH14,OUT027,3433.6217670973747
FDR36,OUT027,986.3941259544843
FDW01,OUT045,2106.384236652651
FDK02,OUT027,2864.6792218008363
FDJ02,OUT018,1826.9346144027172
FDU55,OUT013,3669.445122593061
NCV18,OUT027,2210.1013483309853
FDH14,OUT018,1530.3882574833358
FDZ37,OUT045,1214.4731079705666
FDX49,OUT049,3502.9493457783847
NCD43,OUT046,1419.5904705447276
FDZ07,OUT013,858.5968899869127
FDK43,OUT035,1980.1051584624342
FDR32,OUT018,2854.173105717086
FDT39,OUT013,2130.85001606825
NCV54,OUT017,1749.119636372422
FDF38,OUT018,372.39070111545163
FDV60,OUT046,2808.040158622027
FDH44,OUT027,4059.211562059303
FDS21,OUT046,852.0607676918727
NCL41,OUT045,523.3569062724512
FDM46,OUT017,1384.1706813908872
FDU27,OUT045,683.2462713989305
NCJ54,OUT017,3388.2594360224507
DRG51,OUT018,2093.021729886773
NCA29,OUT019,348.10146526478155
FDR47,OUT045,2762.990969590112
NCL19,OUT027,3360.067205758978
DRG01,OUT049,1077.9103865500922
FDG10,OUT046,765.6921970841759
NCV05,OUT049,2156.5674287456586
NCH18,OUT019,497.32148665267107
FDV14,OUT018,977.9737374998284
DRJ23,OUT035,3057.0576020839644
DRJ11,OUT046,2763.315300851656
FDZ03,OUT017,2819.1381022066616
FDI27,OUT010,83.76283584785908
FDJ14,OUT018,966.572826724135
FDU32,OUT017,1855.9448063996585
FDD47,OUT027,4353.662208661182
DRF36,OUT035,3162.1080640422883
FDM21,OUT046,3624.599697887088
FDV10,OUT018,420.80157392978845
FDH60,OUT018,2489.8534104043165
FDX47,OUT010,317.2129942248585
FDT19,OUT019,385.71337395675926
FDO11,OUT045,3495.9661727627845
FDH24,OUT027,3917.524170705268
FDL02,OUT018,1238.7434251426318
FDB02,OUT049,2658.055451205732
FDA43,OUT046,2765.561065076437
FDG52,OUT045,674.6557348424043
DRC12,OUT013,2883.4564750129025
FDY37,OUT018,1747.9854530142532
NCU18,OUT045,1881.2565063391476
FDU09,OUT035,886.8315216038403
DRJ25,OUT027,1170.2588472747673
DRE12,OUT018,1353.6152780774385
DRL47,OUT017,1817.3297757212822
DRK01,OUT046,1367.2272568909202
FDC22,OUT019,393.289452315698
FDG44,OUT013,747.0389760227906
FDW04,OUT035,1989.8944941591344
FDK09,OUT049,3490.9501329341288
NCN43,OUT035,1987.8066146437
FDG04,OUT049,2875.1801568060973
FDH32,OUT010,197.4625993079972
DRI47,OUT017,2288.554528256729
DRE15,OUT013,1016.6505966294678
FDY11,OUT035,965.3115360404738
FDO60,OUT049,605.0966760763379
FDQ20,OUT018,399.79244139004777
FDO57,OUT027,3873.9062701793846
FDT14,OUT019,235.56226664063638
FDA57,OUT049,589.5755107851228
DRN35,OUT017,568.9025551319135
FDJ03,OUT046,684.2113453612893
FDX28,OUT017,1461.970053280281
DRE25,OUT045,1240.0259511783488
FDR09,OUT046,3670.680268393418
FDB23,OUT035,3558.052675363739
FDO08,OUT045,2185.5679371714905
FDQ23,OUT049,1542.0694108535072
FDW04,OUT013,1866.3747862016683
DRK13,OUT010,445.8797266591379
NCL17,OUT027,3413.6650861208464
FDY21,OUT035,3021.2847607031467
FDJ38,OUT027,4751.08624115192
FDA37,OUT019,262.99755480984516
FDV43,OUT013,593.0560140694645
FDL36,OUT046,1310.2226420015554
FDD53,OUT045,578.6995096966444
FDZ19,OUT010,344.86250827771545
FDV21,OUT045,1773.942543912836
NCL54,OUT018,2299.989697817728
DRI47,OUT027,3731.224500199128
DRG03,OUT049,2253.3563579027104
FDG21,OUT013,2315.0296251789055
FDW03,OUT018,1379.7942429114544
NCI55,OUT046,1838.815474551289
DRC36,OUT019,363.82010324955195
FDH22,OUT017,1824.090278720291
FDV20,OUT045,1729.900648204557
NCU41,OUT027,4725.590959191614
FDN46,OUT027,2441.023505695295
FDK50,OUT045,2318.6993162745557
NCA05,OUT027,3777.919679103473
DRH01,OUT018,2288.322838867349
FDT08,OUT018,1994.1411335323228
FDM08,OUT018,2898.6750280853257
FDZ07,OUT035,918.0019435431722
FDS22,OUT017,697.2584507558614
FDV35,OUT027,3854.0546139955977
FDI28,OUT010,161.51358647556214
FDW58,OUT027,2427.474883738156
FDT52,OUT045,3449.2099182195534
FDY34,OUT046,2418.5280065714865
FDR10,OUT046,2330.9183947994384
FDK57,OUT017,1865.0118966628686
FDR02,OUT027,2544.4804545949505
FDX49,OUT046,3437.332020637278
FDQ20,OUT046,582.563178604995
DRK23,OUT045,3475.1612417442484
NCW06,OUT046,2798.5726975222374
FDR31,OUT017,2219.9774280764436
NCE43,OUT013,2540.2611742475547
DRO59,OUT027,1904.6609392792352
FDN09,OUT049,3626.5712781146012
FDR11,OUT046,2383.0703721626805
FDO57,OUT013,2146.134472094061
NCX18,OUT017,2842.4695110242533
FDB05,OUT018,3211.343592378925
FDQ08,OUT018,720.9972158618094
NCG43,OUT035,1384.9161908291005
FDJ56,OUT013,1498.7928311488938
FDA13,OUT010,68.40560222990464
FDO56,OUT017,1613.6416646998987
FDB37,OUT018,2774.0810606879095
FDZ02,OUT018,1054.9683118514695
FDQ24,OUT046,3652.304182945986
FDM16,OUT013,1007.5465268318128
FDU35,OUT049,1434.3479369365484
FDT35,OUT035,2619.8644772220323
NCX30,OUT049,3551.9183885267535
FDG04,OUT017,2914.593122971922
FDI12,OUT035,1187.3783682326205
FDE35,OUT035,915.9599012473136
NCP14,OUT027,2412.339180340701
NCY53,OUT045,1549.2592936384192
FDP49,OUT017,755.5572165310967
FDQ04,OUT017,590.2037518317471
FDM39,OUT035,2729.94603729313
FDO58,OUT019,330.9519546777602
FDC56,OUT017,1708.5943651347807
NCQ54,OUT046,2537.0588661005513
FDV10,OUT027,960.041793414551
NCK17,OUT046,604.87725604277
NCF55,OUT027,872.5996653259863
FDV33,OUT013,3797.377792951902
NCH29,OUT019,211.82559388606612
FDA37,OUT027,3072.5728543730006
FDH46,OUT018,1255.9200163977202
FDS25,OUT035,1728.8585967672566
FDH04,OUT027,2144.63534832479
FDX52,OUT046,2824.9547215905714
NCD42,OUT017,541.6392369705827
FDW47,OUT017,1848.2375102165868
FDL25,OUT027,2112.922312318896
NCJ06,OUT010,230.6752059610236
FDY09,OUT013,2489.2799426929764
FDS40,OUT046,559.4119088782696
FDH41,OUT017,3139.7443979015093
FDG38,OUT035,1341.820211474114
FDU03,OUT027,4577.263916057886
FDV20,OUT046,1810.3551471896621
DRB13,OUT045,2604.629363183634
NCQ30,OUT013,1699.5208677121536
NCH06,OUT013,3486.132776209246
FDU50,OUT018,1370.3495604111522
NCO42,OUT019,298.6762468311116
FDW09,OUT018,918.199273553389
FDH04,OUT013,1223.7641508181487
FDC21,OUT045,1412.3298506202293
FDL21,OUT049,594.2277169779402
FDM46,OUT010,205.02085358422968
FDT22,OUT019,140.65768987801096
FDB28,OUT035,2906.766623956752
FDI12,OUT018,1037.7618137305085
FDA28,OUT045,1799.1737725719013
FDF59,OUT013,1824.8699794426748
FDM45,OUT027,2995.8690720711484
FDQ56,OUT017,1218.1776254025538
FDR46,OUT049,2218.064150303112
FDT01,OUT013,3176.6800846789106
FDD16,OUT027,1781.8937555820805
NCU30,OUT010,328.1356129124234
FDM40,OUT010,304.97386500470196
FDI56,OUT035,1450.1697752557934
NCS30,OUT013,1834.7421326719325
FDU08,OUT017,1410.2585955157429
FDX51,OUT027,4803.066936800238
FDA43,OUT045,2666.439689758758
FDX59,OUT010,62.88832643843608
FDC37,OUT018,1294.835447709386
FDP58,OUT013,3162.3453081472403
NCY42,OUT035,2107.772952385577
FDF21,OUT018,2483.6854711690758
FDU10,OUT027,948.7286409909399
DRL47,OUT018,1497.4613458407628
FDA58,OUT018,2754.7693202832966
FDJ22,OUT049,2772.334607554326
FDK50,OUT046,2333.8842898844364
FDO38,OUT035,1243.328997548282
DRF60,OUT035,3625.56139494165
NCZ42,OUT019,503.8668308999014
FDD35,OUT049,1746.6005529862698
FDL25,OUT045,1107.7995582996969
FDJ16,OUT013,782.4935472475198
DRK59,OUT049,3471.6972586319275
FDI50,OUT046,3403.4200323501345
NCB19,OUT045,1161.4493167731462
DRI37,OUT035,907.074944365166
FDA14,OUT027,3668.350468610017
FDC08,OUT018,2945.4129422979418
FDS45,OUT046,1584.803392164463
FDI21,OUT049,983.3471507644666
DRJ47,OUT035,2780.5095060759672
DRE37,OUT027,4503.567016547846
FDT55,OUT018,2136.61990339421
NCG42,OUT027,3081.082766753119
FDA31,OUT049,2559.3255105722315
NCW42,OUT046,3212.8601837022175
FDF50,OUT017,2888.546654432571
FDK56,OUT049,2833.58145444027
FDX10,OUT035,552.5116231641684
NCK07,OUT027,4040.5358542731387
FDZ49,OUT017,3365.353182346867
FDR33,OUT013,1528.0911555968607
FDO44,OUT018,1431.4068502022783
FDA20,OUT046,2831.9849923103607
NCL30,OUT045,1790.8516861649352
FDI05,OUT019,167.09530194554947
FDQ12,OUT018,2936.5997131858435
FDH47,OUT017,1407.4207257724975
FDH34,OUT018,2513.5024889228584
FDF29,OUT046,1923.0308965907195
FDG40,OUT018,332.4941474920563
NCE18,OUT017,3720.9051263859037
FDP21,OUT010,410.77748304241936
FDY50,OUT013,1245.8788434536143
FDB36,OUT049,1886.8811339749286
NCZ29,OUT049,1817.0422089656158
FDU20,OUT018,1516.2370690052367
FDO56,OUT013,1602.5282657285113
FDW31,OUT049,2809.0368454258546
DRH59,OUT013,996.0597316247206
NCB30,OUT017,2926.340908695524
FDK43,OUT027,3107.086591452169
FDW43,OUT045,3412.305618143495
NCL19,OUT017,1989.3480739428803
FDJ27,OUT046,1523.5545124743694
FDC45,OUT046,2427.341421538344
FDY40,OUT035,727.0394952192776
NCM41,OUT035,1345.558810877064
NCK18,OUT019,343.0171553586702
FDP37,OUT049,1829.9552411960512
FDA27,OUT027,5921.2968119899615
NCX30,OUT035,3713.8833972521447
FDR09,OUT017,3619.6279269628967
FDG08,OUT027,4582.315265347451
NCU30,OUT013,2456.01015759234
FDB16,OUT017,1196.4468613821934
FDM16,OUT017,1036.918793644245
FDC48,OUT013,1155.2878810767547
NCF18,OUT046,2761.767826852423
FDU46,OUT018,1014.3428999223474
FDH41,OUT018,2675.847767494776
NCN42,OUT010,318.5932227125445
FDU49,OUT046,1282.651936725992
FDB20,OUT027,2146.6098546496883
FDG50,OUT019,185.19895660087508
FDW20,OUT045,1703.2724359156637
NCO55,OUT049,1530.195621428625
FDX48,OUT046,2177.83202834503
FDU48,OUT046,1776.4324198613579
FDR48,OUT019,277.73294418987615
FDK27,OUT013,1759.1595890062904
FDT35,OUT013,2390.1909992248193
FDN12,OUT049,1565.737529422616
NCE31,OUT019,77.64805523800423
FDL21,OUT017,603.1019240525626
FDV56,OUT017,1473.4296486850028
FDR16,OUT017,2998.5877113604665
NCP41,OUT049,1485.738394821343
FDJ27,OUT013,1523.8662002624505
FDA07,OUT017,1829.8221600674076
FDK55,OUT049,1240.9446457477466
FDM33,OUT049,3310.1820696168993
FDY46,OUT046,2819.012699666216
FDD36,OUT046,1691.6706272149497
FDB12,OUT027,2393.3808605791833
FDF28,OUT019,251.3017627944123
NCE07,OUT019,276.26339070759127
FDW50,OUT027,3933.109727397656
NCW18,OUT017,3511.723741996847
NCJ17,OUT019,184.85849356322365
DRZ24,OUT010,244.7862542427011
FDS07,OUT035,1785.7443901101599
NCW05,OUT010,246.61083454506655
FDZ22,OUT018,1000.8969144544851
FDK02,OUT046,1687.8090147368994
FDZ45,OUT027,4693.348104215623
FDL25,OUT046,1081.9136708061144
FDS08,OUT045,2458.9786455805247
NCZ42,OUT027,5455.740653826241
FDX57,OUT035,1508.8802213371382
FDF21,OUT046,2821.9625840987715
FDJ56,OUT018,1195.0892530588876
FDX10,OUT013,523.8993215736656
DRG48,OUT035,2232.065994471024
DRN37,OUT046,2397.0704354258664
NCY41,OUT018,361.74178441401705
FDN28,OUT045,1411.030883063608
FDE34,OUT045,2630.7542046493177
FDR10,OUT045,2268.1158808624314
FDC32,OUT017,1321.0662513745447
DRG13,OUT046,2455.5205668963804
FDP59,OUT049,1356.818041904927
NCT53,OUT010,324.75432728630864
FDL57,OUT027,5829.103498445165
FDN32,OUT010,421.18163635082647
FDK09,OUT018,2788.6535677050965
FDA52,OUT010,351.3190339965154
FDC57,OUT049,2776.556950272389
FDI09,OUT035,3407.2006435379735
NCB07,OUT046,2757.994490718586
FDP26,OUT035,1475.03310690153
FDP40,OUT027,2574.083087110659
FDL15,OUT013,2153.0313374200587
FDV07,OUT046,1591.8070846723845
FDS03,OUT017,971.5947112364802
FDE50,OUT049,2957.3847339250333
FDQ15,OUT017,1116.8688035400558
FDQ33,OUT010,313.6990643285774
FDT22,OUT013,788.4280386571246
DRO35,OUT035,1873.6254277586909
FDJ41,OUT049,3888.496286963507
FDQ27,OUT035,1637.141914727968
FDC26,OUT017,1588.604048842294
NCF43,OUT027,3514.5228895872942
NCR50,OUT035,2407.2194124175894
FDE39,OUT018,1564.949860066104
FDN49,OUT027,955.4770106492645
DRG11,OUT035,1564.929537934068
NCA18,OUT049,1597.2347202523379
FDM36,OUT018,2270.3502221353415
FDW32,OUT017,1185.1757987235194
NCQ18,OUT010,204.87802729466526
FDX14,OUT027,1826.6357243512114
FDD46,OUT017,2151.368888650327
FDI34,OUT019,488.74338454731605
NCJ17,OUT035,1259.8937304210785
FDB52,OUT035,3825.4133089203765
FDV55,OUT018,1866.7583944560815
FDC57,OUT046,2747.9244567788674
FDB29,OUT046,1669.3900698667014
NCO43,OUT035,1599.1705001715454
FDG44,OUT045,740.6290404775987
FDJ34,OUT045,1734.246775602558
FDH40,OUT049,1190.8692163675344
NCD07,OUT027,2538.480488035354
FDB41,OUT017,676.0904920139645
FDH47,OUT018,1168.0483908152403
DRK37,OUT035,3027.0656302385423
FDM25,OUT019,369.27256270158273
NCX06,OUT045,2629.4622004624794
NCS05,OUT017,1891.2278778632583
FDS39,OUT045,2007.3120056925638
FDC47,OUT027,5478.306932682224
FDG20,OUT013,2524.214467339635
DRL23,OUT017,1519.9570977703515
FDY33,OUT013,2377.7734971239092
NCH18,OUT045,3392.470325311619
FDX47,OUT035,2368.7537470986686
NCB06,OUT045,2293.925451948205
FDP36,OUT049,700.4028059776415
FDW44,OUT018,2206.0457077174
NCU41,OUT018,2511.4101498893215
NCS17,OUT046,1381.878883365512
FDD46,OUT035,2279.2549066958222
FDE45,OUT017,2715.2193373627847
FDI09,OUT017,3231.1995903240772
NCJ54,OUT010,480.32508362577425
NCA29,OUT018,2303.614973174367
NCN41,OUT027,2959.7651097700596
FDY34,OUT035,2581.30378470914
NCG55,OUT035,1823.6441634395972
DRM49,OUT046,628.6055208872957
NCB42,OUT049,1657.6069355123045
FDE58,OUT045,1612.9147138296357
DRJ25,OUT013,691.849304962999
FDS47,OUT010,187.34512848772593
FDY21,OUT049,2857.7572237525524
NCI54,OUT013,1603.6303049127732
FDO24,OUT017,2292.0936248372973
FDY43,OUT035,2498.3054862253093
FDF35,OUT018,1272.6667322590001
NCP29,OUT019,147.57110310914317
FDN28,OUT027,2392.284164170221
FDJ50,OUT018,607.3275313689373
FDQ14,OUT027,3670.6759121848295
FDC37,OUT035,1565.3537296270679
FDN08,OUT046,1656.4778505140673
FDD04,OUT035,2083.272593966747
FDW34,OUT018,2776.567395929316
FDP04,OUT017,977.1669271581775
NCG07,OUT017,2880.1503513425605
NCN14,OUT018,2341.199204889232
FDJ16,OUT045,771.119225584202
NCM42,OUT045,1446.8326166187965
NCF19,OUT046,682.8114401573895
FDY21,OUT018,2513.1584783459252
FDY19,OUT035,1803.0666578149878
FDV09,OUT045,2156.0890068328354
FDA28,OUT013,1845.2871174497227
FDC38,OUT018,1569.9162752552536
FDL28,OUT045,3235.229478116826
NCH43,OUT049,3078.169495966677
NCN53,OUT045,536.5883048807273
NCW05,OUT017,1478.8216671921773
NCO30,OUT018,2371.536175107663
FDT04,OUT019,67.55300369797799
FDB27,OUT018,2460.1092608588337
NCK07,OUT013,2448.404687467561
NCA53,OUT013,666.1167912080282
FDB33,OUT018,2122.281368870714
FDU37,OUT017,1158.631021280063
FDR13,OUT035,1753.7189113525046
FDE45,OUT049,2715.3778723560167
FDV37,OUT017,2872.6962120992725
FDX44,OUT019,190.58523333031061
NCL06,OUT017,3639.61428157116
FDJ28,OUT045,2792.3852894330485
FDX55,OUT049,3182.898891009418
NCK17,OUT018,403.9880161413983
FDH52,OUT035,917.7353890274402
FDN13,OUT027,2284.8548438902562
FDK44,OUT018,2301.1778542728625
FDU16,OUT046,1197.162651562145
FDZ07,OUT017,867.2422674619688
NCN06,OUT027,3980.3562004322157
FDH02,OUT010,174.90961111832905
NCW18,OUT045,3358.2565206967665
FDH57,OUT013,1881.008632414954
FDV35,OUT045,2191.556607504644
NCU29,OUT013,2254.084973965051
NCP02,OUT046,778.1276550283325
FDN44,OUT013,2431.1919496323976
FDX03,OUT018,448.0396372673935
FDR11,OUT010,313.8793946410265
FDA36,OUT046,2790.9426296850374
FDP58,OUT027,5063.263189405613
FDH31,OUT045,1329.359337133505
FDH34,OUT035,3059.3947499667734
FDS13,OUT035,3696.264611558211
FDT01,OUT018,2657.165520967734
FDY09,OUT049,2498.474038817983
FDV33,OUT027,5903.297231938189
NCW29,OUT010,271.2812243758476
NCN17,OUT045,1402.3730780113583
FDX01,OUT046,1669.5399143193454
FDL03,OUT049,2871.3366871391054
DRL59,OUT049,813.1929517068662
DRM11,OUT027,5784.476492832389
FDA43,OUT049,2799.568354290224
FDZ56,OUT010,331.29495874379825
FDI44,OUT018,958.4175293192077
FDB50,OUT013,1139.0229447875224
FDU15,OUT019,65.14250191124708
NCJ19,OUT019,147.6592263626992
FDD48,OUT013,1684.8282010870214
NCW42,OUT035,3435.0531695360787
FDL24,OUT017,2729.7246091019915
NCB30,OUT013,2905.048891247921
FDK25,OUT013,2485.737360163262
FDW28,OUT049,2810.0320097607237
FDD47,OUT017,2663.9806181482654
FDK16,OUT019,197.39302402696282
FDW37,OUT046,1315.0701537292564
FDA48,OUT035,3516.898634013279
FDA14,OUT017,2127.7538642176805
FDV15,OUT013,1524.5663357800734
FDN22,OUT049,3692.447645821885
NCD55,OUT045,559.4060297020211
FDY43,OUT013,2393.0875371195593
NCU05,OUT017,1101.3147743611694
FDF10,OUT035,2320.39372953488
FDR39,OUT018,2437.878037423173
FDG40,OUT013,521.2578217749956
FDZ28,OUT019,239.87229158562073
FDE02,OUT045,1322.9960686676166
FDU60,OUT049,2524.8673208473933
FDM21,OUT013,3641.8250743990898
FDV52,OUT019,231.1209044079541
NCW06,OUT013,2838.907854053522
FDX36,OUT035,3499.781308202357
FDT35,OUT027,4129.363655767294
NCL19,OUT010,278.0953524477713
NCD31,OUT046,2370.442611238448
FDE53,OUT019,207.3313063429966
FDW58,OUT019,215.8772654858842
DRF48,OUT046,2715.752765175632
FDW57,OUT035,2765.8114101110777
DRH13,OUT017,1453.980095635367
FDT33,OUT013,2472.4123438412703
DRK47,OUT027,5437.402215151718
FDY22,OUT010,312.305170376187
FDC35,OUT019,454.24691306802293
FDO03,OUT013,3410.5856433571403
FDF24,OUT045,1146.1878465286263
FDF56,OUT018,2362.3414220038317
FDD28,OUT013,777.8971492549
FDG53,OUT027,3348.4429308637236
FDO27,OUT019,256.59823923489944
NCF54,OUT018,2303.0255312992176
FDC20,OUT027,1458.8617407981565
FDU10,OUT046,591.8026496837492
DRA24,OUT018,2083.5880908895956
FDA02,OUT010,268.7880363267572
FDG10,OUT017,776.3271445490228
FDW39,OUT010,382.39044267173773
FDP04,OUT019,159.44839977074383
NCM55,OUT013,2840.524381698477
FDG47,OUT045,3718.803772448576
NCU41,OUT017,2826.3892063550293
NCK31,OUT017,727.2804485019789
FDZ46,OUT045,1472.3882877304643
FDU13,OUT027,3746.98141561733
NCF19,OUT045,673.3952948889541
NCJ43,OUT013,2539.5275246573124
NCJ05,OUT045,2163.593244820305
FDS04,OUT027,3097.870364835559
FDX28,OUT010,205.18608805414124
FDB41,OUT027,1130.764388453563
FDG53,OUT046,1956.2322409248427
FDL15,OUT010,286.3782444347168
FDQ08,OUT049,904.6873616881074
DRN36,OUT013,1381.8880527513309
FDI46,OUT013,3698.1239369432037
FDG16,OUT027,5131.95485428737
FDV32,OUT013,903.6729759614077
FDF44,OUT010,258.7844254903474
FDK04,OUT018,633.6955403984583
NCA41,OUT013,2931.313924937065
FDD51,OUT017,588.2478270680231
NCZ53,OUT045,2743.7123601701505
FDP01,OUT027,3648.756323490083
FDY25,OUT049,2776.754198485637
FDB17,OUT018,2296.6357173227902
NCV54,OUT018,1411.87441387245
FDJ32,OUT017,948.6447686717894
FDA37,OUT049,1856.9746873324311
FDG35,OUT035,2465.333310761398
NCM05,OUT018,3100.181444619565
FDG45,OUT046,3052.98456838782
FDH28,OUT013,586.0163787076748
NCE18,OUT049,3685.267122516694
FDH38,OUT045,1578.5961400896583
FDR56,OUT013,2909.0485209669423
FDH17,OUT027,2320.0718417867943
FDD39,OUT049,3135.5777025712423
FDB41,OUT049,685.7962675517807
NCR53,OUT046,3318.4974266507725
FDX46,OUT017,812.3628116110559
FDV28,OUT049,551.4362130689286
FDA08,OUT018,2085.5693736242547
FDH45,OUT017,593.983371836242
NCS38,OUT010,234.7404554534678
FDD40,OUT010,440.60854572548493
DRM59,OUT035,2230.2251532293003
NCJ43,OUT018,2198.7494898629907
NCN29,OUT013,683.7408655536756
NCC19,OUT045,2689.352574512846
FDR56,OUT035,3042.825712966696
FDZ43,OUT049,3437.7950087573017
FDJ32,OUT010,148.7309600840454
DRH03,OUT017,1241.1401284506696
NCZ54,OUT035,2542.825888976232
FDE26,OUT017,2196.737827936366
FDS03,OUT045,936.6915100326843
DRZ24,OUT019,249.7098026197365
FDO48,OUT027,5239.286086652852
FDW39,OUT049,2568.0369297636935
NCK05,OUT049,904.9945893429136
NCK30,OUT017,3789.1080606407363
FDT27,OUT018,2888.939577419008
FDS08,OUT019,356.8852867457813
NCJ19,OUT049,794.9007972538242
FDC58,OUT045,587.4167357808778
DRE37,OUT013,2787.0779901503033
FDW02,OUT035,1973.410324071441
FDJ02,OUT010,299.49324771301
FDX09,OUT045,2514.2520235055586
FDT31,OUT010,417.1132472462126
FDI24,OUT049,2664.138905604754
FDY09,OUT045,2399.53334676508
FDV28,OUT045,513.3050275950706
DRM47,OUT049,2921.023161031402
FDT52,OUT019,497.68200229251727
FDI48,OUT018,619.0648033951131
FDY55,OUT017,3644.7956436615596
FDU48,OUT013,1763.5850457771626
FDN25,OUT045,666.0522704103364
FDP20,OUT049,1793.5600628862665
FDJ15,OUT013,2927.406474006874
FDD04,OUT018,1535.9643673814276
FDY58,OUT045,3341.9156784881147
FDR37,OUT018,2482.6210314765326
FDF44,OUT013,1894.5994996425047
FDD32,OUT045,1156.7866840413692
FDR57,OUT017,2266.198794782857
DRG39,OUT027,1366.4415365851119
FDX15,OUT017,2321.0386463021396
DRN37,OUT045,2230.456924438863
FDW40,OUT027,3284.695974643879
FDB32,OUT049,1355.9734857892088
FDM40,OUT018,1690.7783037401243
FDE39,OUT027,3050.853944467996
DRH49,OUT017,1199.6679187015848
FDT46,OUT049,691.8765466785393
NCF06,OUT035,3626.6106431097537
FDP07,OUT017,2812.5847554392217
FDC04,OUT013,3513.960470813492
FDZ32,OUT017,1449.844111435972
FDD50,OUT045,2473.6781011836947
FDU56,OUT017,2943.920063175082
FDV34,OUT017,983.474740363239
NCY41,OUT013,565.5546246839888
NCK18,OUT046,2456.1138786431734
DRH25,OUT049,748.6616803798894
FDT57,OUT046,3634.619531299382
FDV56,OUT018,1197.731261559054
FDV12,OUT045,1372.0410841665066
FDN52,OUT017,1253.002776089687
FDX38,OUT035,701.81439223596
FDE47,OUT018,1579.373175710185
NCO07,OUT013,3011.56949733645
FDV09,OUT027,3794.92838112643
FDZ23,OUT019,410.42411010472046
DRH51,OUT018,1025.9877021204804
NCY54,OUT045,2523.943619624154
DRG49,OUT013,3473.1670994446454
NCC19,OUT049,2872.1464742979483
NCV53,OUT045,3480.93005659035
FDZ47,OUT019,207.79112166028148
NCO26,OUT018,1457.865063836027
NCP02,OUT045,829.6268276115511
NCW30,OUT018,2816.521384558487
NCN55,OUT046,3497.393672627827
FDB20,OUT010,157.18943927982164
DRL11,OUT013,2373.681161980552
DRD60,OUT045,2753.239387625026
FDW14,OUT010,179.84823196580243
FDL27,OUT010,164.9286795115805
FDU09,OUT018,723.0761147515421
DRH36,OUT027,1842.7890704561855
FDP34,OUT027,3883.055303654853
FDE04,OUT017,2594.6752695851324
FDZ57,OUT027,2935.521056757785
FDF02,OUT010,216.72164063122875
FDG28,OUT045,3417.473920999064
NCI31,OUT046,505.13485451047114
FDT43,OUT013,703.7377608969392
FDU20,OUT046,1857.5123710496032
FDD53,OUT013,594.149099597997
FDW15,OUT045,2168.573243954926
NCT53,OUT045,2250.4323095904733
NCG55,OUT027,2717.3684539744895
FDD48,OUT035,1729.2851654285232
FDG47,OUT049,3755.624439926241
FDI21,OUT017,976.5676352739807
FDT27,OUT017,3464.692613265397
DRO35,OUT013,1768.1340416648525
FDD33,OUT017,3454.8021889914835
FDC04,OUT035,3695.163002045941
FDY34,OUT013,2422.196730786264
DRJ49,OUT049,1801.5344662319408
FDE05,OUT049,2118.6645947338475
FDU31,OUT017,3297.1022705644805
NCN19,OUT027,4552.298135518261
FDK56,OUT027,4944.066923929007
FDK58,OUT017,1511.4753931653493
NCJ42,OUT035,1625.46389075206
FDZ34,OUT027,4575.3434783210805
FDA52,OUT018,2202.6258342431893
NCR29,OUT013,770.8105272496778
FDT48,OUT035,3301.7124498850176
DRJ51,OUT019,492.62261109794184
NCS54,OUT046,2654.4995304828117
FDV01,OUT035,2334.255758080878
DRG51,OUT027,3891.767925986569
NCG42,OUT013,1862.794620436953
FDA51,OUT049,1678.9172640125469
FDV19,OUT010,321.09715720002754
NCT18,OUT045,2723.8568077734194
NCS41,OUT045,2662.745583992183
FDO03,OUT046,3370.817726147632
FDL12,OUT010,153.33179286341442
FDY37,OUT010,285.9124776293436
FDI58,OUT049,1340.449238082667
FDT28,OUT018,1875.000867936768
NCC42,OUT010,289.4455131200699
FDO01,OUT017,1692.3025725297512
FDJ02,OUT013,2195.932020043904
FDQ04,OUT018,342.33149760767117
DRL47,OUT013,1812.4634409068146
FDZ32,OUT035,1515.054786903573
FDC35,OUT035,3243.7609098127296
FDX14,OUT045,947.2421736636363
FDZ35,OUT013,1545.6888975394777
FDL14,OUT013,2219.981566075002
FDO04,OUT049,804.328162722506
DRK11,OUT017,2143.0495122771304
FDB44,OUT018,2638.8903332243062
FDZ50,OUT049,2855.8810384528083
FDI12,OUT027,2141.7431523958962
FDU43,OUT017,3515.937081874253
FDD58,OUT010,170.09558815221925
FDB27,OUT017,2839.2282042926604
FDB04,OUT018,1038.2924441155444
NCO17,OUT013,1679.9936986959133
FDL12,OUT017,785.7810663856591
DRJ13,OUT049,2323.7818718009953
FDD57,OUT045,1342.1574313757972
FDW19,OUT035,1755.7277524357587
DRD27,OUT018,1188.4916216180693
FDH27,OUT027,3684.037858342285
NCW30,OUT027,5464.540373270644
FDR40,OUT018,886.3919395234699
FDG05,OUT013,2280.4110074740747
NCY41,OUT019,65.86883008589069
FDI38,OUT018,2624.709358009408
FDR20,OUT046,591.3203463966913
FDE09,OUT017,1513.5267503660807
FDN50,OUT019,189.95765384680084
DRF27,OUT045,2132.2203211333363
DRF51,OUT013,513.7767611056197
NCO02,OUT019,164.00778853006497
FDB51,OUT027,1515.3294530113114
FDJ50,OUT013,742.7689443416489
FDN52,OUT013,1226.2392294096414
FDX14,OUT013,1069.1331622146963
FDT27,OUT019,550.4570579024212
FDV10,OUT013,592.3207468592899
FDU33,OUT046,625.8586825214378
FDU58,OUT046,2796.031240359432
NCP42,OUT027,4706.729218230012
FDL51,OUT027,5222.320685030814
DRH15,OUT027,1114.4688293024408
FDU16,OUT017,1215.344809039573
FDW15,OUT017,2236.4141109890315
FDQ44,OUT045,1779.8682439900256
NCI06,OUT027,4516.266374050755
DRK23,OUT019,441.37269868894026
FDC28,OUT035,1622.3136166059753
NCY17,OUT019,82.53609674571298
NCV05,OUT018,1891.9325856554383
FDM34,OUT019,263.8952370080619
DRD60,OUT027,4735.1668771494715
FDT38,OUT046,1189.9161627386945
FDQ57,OUT018,1924.568836142862
FDE59,OUT027,899.3646704241986
NCM43,OUT046,2388.474570246433
DRI51,OUT049,2628.841704997426
NCG30,OUT017,1799.3183537293662
NCK54,OUT035,1825.3314094313318
FDQ16,OUT019,231.69386890201275
FDI36,OUT013,2882.8763421934505
FDX16,OUT027,3700.3069998888877
FDA34,OUT046,2625.6112491910417
FDJ48,OUT018,2815.1504207945195
FDU47,OUT035,1957.536975437166
FDS39,OUT046,2095.809628475679
FDD11,OUT046,3698.120875765714
FDM16,OUT027,1880.017093565203
FDU56,OUT018,2501.0541866033864
FDQ32,OUT017,1869.599923706815
DRK35,OUT013,596.1092989268823
FDA58,OUT049,3459.456710179624
DRG48,OUT019,287.8092006573541
FDT59,OUT010,520.3553436675306
FDQ31,OUT019,180.05189532106974
FDS51,OUT018,801.9545166603511
FDW32,OUT027,2196.7941002733096
FDI15,OUT027,5792.417214694034
NCV30,OUT017,905.3742960262598
DRG25,OUT049,2871.5394904275904
FDT02,OUT013,475.25334709748665
FDO33,OUT027,2668.567666314131
FDP38,OUT035,732.9954462560827
FDZ45,OUT035,3066.9441404200497
NCA54,OUT027,4448.792465494854
FDU33,OUT017,685.2336205444913
FDN58,OUT017,3403.92744229536
FDI05,OUT045,984.6938708489744
FDM57,OUT019,162.67117959343992
NCS42,OUT027,2221.9044076934765
FDB57,OUT045,3302.68274027615
FDC03,OUT045,2713.4048796148427
FDZ58,OUT013,1835.35905381655
NCK29,OUT045,1755.0519591402415
NCR53,OUT045,3289.1816260473283
FDE26,OUT027,3783.434940699864
FDU52,OUT049,2153.944958785672
FDE41,OUT027,2081.4004632274214
FDU38,OUT018,2475.349585953891
FDA52,OUT017,2582.534128427468
FDW46,OUT046,976.8304973711219
DRI59,OUT035,3447.160664377744
FDT38,OUT035,1273.1332228265242
FDL33,OUT018,2447.731084966133
FDQ01,OUT027,5793.8168336928
FDJ08,OUT046,2782.451551795907
FDQ47,OUT049,589.8572741790413
NCZ18,OUT013,3299.3595277651675
FDE29,OUT017,872.3970615453587
FDF10,OUT027,3723.979398881673
FDC48,OUT049,1233.1297111631216
FDY58,OUT013,3498.5750059549255
NCX30,OUT010,489.51850465934785
FDV11,OUT013,2581.4538177132536
FDT46,OUT046,684.5333680597636
DRD01,OUT019,146.6932674044902
FDQ11,OUT013,3745.016087879978
NCM41,OUT017,1288.7037990711376
NCC55,OUT013,515.0922752605368
FDG45,OUT027,5339.80734371944
NCQ54,OUT049,2580.359520903734
FDM34,OUT045,1754.7963948446713
FDD17,OUT019,491.23297040857454
FDN38,OUT027,5777.8441029141895
FDB53,OUT018,1892.350580649894
NCL06,OUT035,3814.04812291046
NCV18,OUT019,199.66896612967062
FDX25,OUT013,2923.364404270017
FDB39,OUT046,753.7070646009865
FDC33,OUT049,2907.9387159171147
NCO14,OUT018,430.3453455372005
FDA58,OUT027,5534.725932334406
NCQ02,OUT017,2946.3885496302273
NCR53,OUT017,3400.8440249239065
FDN52,OUT046,1247.8199669060737
FDG26,OUT046,3686.6621156630467
FDE23,OUT027,1179.620231957456
DRI37,OUT013,808.8356307051193
DRH37,OUT018,2086.889693709991
FDO01,OUT035,1784.756344755879
FDK45,OUT049,1638.687509870052
FDP23,OUT049,3172.4531614634125
FDM33,OUT035,3364.7584092354764
FDD36,OUT017,1755.3976387796558
FDL56,OUT017,1215.5130154294302
FDT27,OUT010,556.5300688581349
FDG52,OUT017,612.109175807763
NCL42,OUT035,3483.5037071775523
DRJ24,OUT046,2731.413605794428
FDV38,OUT046,712.7849553688582
FDT35,OUT045,2372.4470296846275
FDY51,OUT045,3163.4406906864483
FDC37,OUT017,1525.9439324980146
NCP43,OUT013,2809.0611668560205
FDO33,OUT045,1541.3331658563948
FDW04,OUT018,1576.7370273444587
NCC31,OUT046,2190.366038497261
FDK22,OUT049,3110.036822780976
FDJ50,OUT017,819.9474037403838
FDV13,OUT017,1335.4143341362876
DRL60,OUT017,2146.8157620638995
FDW03,OUT017,1548.287008620091
FDY27,OUT035,2609.699947073388
FDB39,OUT027,1355.064506664436
FDU59,OUT045,2276.6321374745826
FDZ57,OUT049,1798.786614678589
FDO21,OUT049,3221.306009586764
FDS43,OUT018,2438.7139825864656
FDU28,OUT010,409.9825144330876
FDC51,OUT010,252.343735549905
FDW16,OUT010,201.57578924005114
FDP32,OUT010,234.1571715907935
FDB60,OUT019,417.2378823384226
NCQ30,OUT046,1708.6774782433788
FDD26,OUT049,2941.8050778494544
FDI44,OUT045,1094.4370710313674
DRH23,OUT046,799.4412132583718
FDO44,OUT046,1626.0157958121556
FDG04,OUT046,2858.684792183203
FDM32,OUT027,2329.347698078256
FDM09,OUT013,2418.732093330231
FDZ47,OUT013,1343.7707612489066
FDM40,OUT027,3441.306084188754
FDY48,OUT017,1525.3499072996176
NCM30,OUT045,549.127188687521
FDX36,OUT010,475.7942761828225
DRF03,OUT017,560.6675226488098
FDN51,OUT049,3734.936622551587
FDM57,OUT049,1185.5642125843654
FDB35,OUT049,1398.341194335309
FDY13,OUT027,2089.5471294321874
FDA37,OUT017,1860.9224589227285
NCX53,OUT017,1964.9349767495034
FDD59,OUT018,956.5111383807065
FDX10,OUT019,60.16457703851569
FDC03,OUT018,2485.6591782092173
FDW43,OUT035,3644.0577462628953
FDW10,OUT046,2268.8528538333712
FDY14,OUT027,5541.303018719976
FDV43,OUT045,631.4547815405818
FDO40,OUT013,2241.4723633303543
FDP46,OUT027,2219.1398191328826
NCE43,OUT019,324.6327100697294
FDD05,OUT035,1913.496204339012
FDJ60,OUT010,335.1325477325219
DRE27,OUT018,1103.5877761742613
FDO11,OUT035,3875.270281888651
DRG11,OUT027,2379.563588124487
FDK33,OUT010,498.8350415690154
DRM23,OUT045,2481.9503739534357
FDJ02,OUT027,3826.3791213765217
NCZ05,OUT045,1376.2870807546678
NCL30,OUT013,1865.79278143895
FDZ19,OUT018,2243.468379557164
FDM45,OUT049,1813.1879680687916
FDO36,OUT046,2597.9075379122187
NCK31,OUT045,686.7633570362614
DRJ37,OUT045,2137.5886244637336
FDP24,OUT018,1444.395112246512
FDF46,OUT013,1665.3815664390804
FDX46,OUT019,134.88997020801284
NCL18,OUT045,2640.6952906005563
FDJ26,OUT013,3200.4512642664545
FDJ07,OUT045,1544.0049107240084
FDY15,OUT013,2142.92604080073
DRG01,OUT045,1003.4566628545949
FDF58,OUT045,940.8321755057164
FDZ14,OUT019,244.58177642662082
FDP31,OUT049,854.5054318522549
FDH45,OUT013,588.4240313553677
FDA09,OUT010,398.9783985897939
FDW31,OUT035,3024.1912561712757
FDA57,OUT046,588.1879034632394
NCE55,OUT035,2778.3293527536666
FDC17,OUT019,459.97051520258447
FDC59,OUT013,961.0246610148208
FDA22,OUT013,2534.6242992000557
FDK52,OUT035,3406.5114551282745
NCM26,OUT046,2222.0516331112954
NCT53,OUT035,2489.0474870624935
FDW45,OUT018,2012.493783880745
NCI18,OUT035,3396.724132822948
FDE38,OUT018,2160.5716821363285
FDF08,OUT019,173.3293882121107
FDY58,OUT010,486.8139058863849
FDF58,OUT019,140.48075635856233
FDX39,OUT017,3192.0115046901074
FDB44,OUT049,3125.2452880293727
FDF28,OUT013,1885.2702781194996
FDE39,OUT013,1677.5161343958318
FDT37,OUT018,2990.573316422738
FDZ45,OUT017,2960.8628593294497
FDO40,OUT035,2355.2225151569346
FDM57,OUT027,2149.836665650501
DRG36,OUT017,2631.4079475961457
FDY36,OUT010,162.90260759998688
DRL60,OUT027,3709.2093007976573
FDS25,OUT019,228.0140447316976
DRF49,OUT027,2512.7280173777685
FDP16,OUT045,3391.534496421517
FDS60,OUT049,2329.3461116039753
FDU15,OUT027,968.7622154013895
FDK43,OUT046,1842.955303969816
FDN25,OUT046,671.4303818758702
FDE53,OUT049,1471.8232117136986
FDB22,OUT013,2232.5065009315063
FDE39,OUT017,1742.8096640171927
FDX35,OUT035,3492.1756444901225
NCG54,OUT049,2580.657782391479
FDH27,OUT035,2230.049364797519
NCK42,OUT013,2985.620911160768
FDS25,OUT049,1562.0766471477968
FDI10,OUT018,2304.2356280794
FDU35,OUT035,1593.2413209383808
FDI04,OUT017,2915.131234435078
DRK23,OUT035,3760.9689148899047
FDB53,OUT019,280.40284150220026
FDY02,OUT049,3751.602523043255
FDM60,OUT035,580.7979836496196
NCJ31,OUT010,650.788822008246
DRP35,OUT017,1828.9901249984773
NCQ30,OUT018,1440.9902095099962
DRL11,OUT010,296.50999575472696
FDU01,OUT013,2917.2439902714987
FDR39,OUT035,2891.8417724499386
FDO08,OUT046,2314.5317238144103
FDC02,OUT045,3222.105578785026
NCZ29,OUT035,1937.8335852580622
FDF29,OUT010,263.9280955635057
FDZ23,OUT017,2890.729538075058
NCU53,OUT018,2043.1065980423082
NCW30,OUT013,3410.7087011717613
NCM26,OUT027,3827.524867401783
FDV50,OUT027,2953.5327698430324
FDW15,OUT049,2239.2173135674648
FDI35,OUT027,4790.783022772927
FDO11,OUT017,3756.376721131954
FDN48,OUT046,1331.3693892025144
NCA17,OUT049,2154.8518303875044
NCN54,OUT013,1041.0935836418878
FDP22,OUT013,673.2515752711213
NCB54,OUT035,1894.1080088686542
FDD08,OUT045,518.9595407932861
DRM48,OUT010,73.58218193917517
FDG41,OUT027,2554.9115220632007
FDE44,OUT027,1276.9875522580946
FDE26,OUT035,2237.467131760492
NCS38,OUT013,1658.1696289702254
NCJ54,OUT018,2772.8676635518955
FDI40,OUT019,199.7446468773911
FDN45,OUT018,2776.534500023128
FDU43,OUT046,3521.2837764941
FDI04,OUT010,422.20222413370857
NCC07,OUT018,1241.9593148378156
NCC07,OUT019,218.4722961695026
NCD18,OUT045,3327.655695018331
FDU55,OUT035,3758.633895445419
FDX59,OUT035,575.8850117817898
FDR52,OUT049,2887.459940145121
NCP17,OUT013,950.2364805109844
FDQ32,OUT045,1804.1857334144092
NCT17,OUT049,2893.640676461353
FDO10,OUT049,806.5473049816832
FDE32,OUT049,512.1550852218892
FDN44,OUT045,2330.9049669494416
FDH02,OUT035,1320.8496975709877
FDK60,OUT013,1429.400464734699
FDS24,OUT019,172.16459657523976
FDL03,OUT010,502.7619048631509
FDB46,OUT027,5134.756698775568
FDO48,OUT049,3413.3010883329207
FDZ39,OUT049,1466.1876203621455
FDT02,OUT027,873.1690510186131
FDC50,OUT013,1415.3535553318986
FDP39,OUT035,774.3581216017399
DRG15,OUT018,706.4217036964062
FDP10,OUT018,1263.8958667307575
FDF53,OUT027,4699.674766393807
FDN34,OUT045,2519.3214149472246
FDK02,OUT045,1745.1067707663153
FDC23,OUT045,2551.7634917148025
FDJ10,OUT019,259.6636283147495
FDE53,OUT035,1583.5094961758214
FDR25,OUT035,3931.358678021177
FDW50,OUT046,2304.5497182665586
FDS09,OUT049,715.097000007556
FDW49,OUT010,379.11174241904934
FDU51,OUT046,2593.9082181064537
FDF28,OUT018,1593.0209467197215
NCY30,OUT018,2348.5607188473527
FDD44,OUT045,3619.3900279774666
FDX09,OUT017,2643.1889362639713
NCF30,OUT013,1845.4989306932416
FDZ50,OUT019,388.44206429276625
FDW37,OUT013,1282.3580610716192
FDD11,OUT049,3748.2593660819493
DRH39,OUT018,824.0314167744652
FDA36,OUT049,2789.865296143727
NCG43,OUT049,1294.517159080992
FDF02,OUT035,1617.1773473289134
FDP57,OUT027,2415.7437357904373
NCE42,OUT017,2739.7646601885804
NCR38,OUT027,5607.307306709369
FDP03,OUT019,275.1059983937353
FDO51,OUT035,635.5327022382053
NCQ42,OUT046,1821.5150664309544
NCM41,OUT046,1263.5718398770541
FDH48,OUT027,2054.8338954388364
DRF60,OUT046,3380.896215605616
FDJ27,OUT035,1626.6463345339905
FDQ14,OUT013,2085.581418830504
FDN27,OUT017,1476.8348693468467
NCQ02,OUT046,2878.174454654521
FDJ33,OUT049,1869.0457096579632
FDP07,OUT027,4886.273324209797
DRE01,OUT049,3527.0010634622417
FDU36,OUT045,1389.7109301845105
FDL28,OUT017,3327.8868694120083
NCX53,OUT046,1947.5849426476245
FDZ39,OUT013,1453.9647357076233
NCP42,OUT013,2788.8150021293063
FDJ14,OUT035,1206.9326968486569
FDK04,OUT049,800.0207313366316
NCC19,OUT017,2842.7487099312502
FDS09,OUT018,593.1196091694134
FDZ02,OUT046,1320.6428287188846
FDD35,OUT018,1659.9312180251998
NCY42,OUT017,2114.258772883102
FDB05,OUT045,3398.849460545272
FDF20,OUT035,3109.283785326601
NCO41,OUT018,1264.4791149217392
FDC40,OUT027,2033.742548479263
FDV58,OUT045,2161.242598809214
FDZ57,OUT045,1724.5479282273154
DRM35,OUT046,2630.817865991731
DRN36,OUT018,1150.4383728333519
FDQ13,OUT046,1216.2437661705349
DRO35,OUT010,232.03143037944625
NCD43,OUT035,1523.5434171426455
FDA51,OUT018,1486.8359698567137
NCX17,OUT027,5682.990266808869
NCZ17,OUT049,609.0538092618647
FDR11,OUT027,4005.7811970734883
FDW34,OUT049,3532.4622373292536
FDN50,OUT017,1396.9410194271468
FDS09,OUT046,696.0619578467208
FDS48,OUT018,1876.0167746250304
FDL44,OUT049,2368.9676531690493
DRF48,OUT018,2256.5349170734594
FDA14,OUT018,1791.7515623121137
NCD30,OUT049,1411.0277912976671
FDI16,OUT017,732.5851662863904
NCG06,OUT035,3827.1055116732646
DRZ24,OUT035,1946.212915723828
NCS17,OUT045,1357.8174586781784
FDB37,OUT045,3348.4056105281093
FDE10,OUT035,1954.8368848916996
FDC57,OUT045,2611.727824681357
FDM12,OUT018,2241.0564511036655
FDE24,OUT049,1882.1834621609837
FDW22,OUT045,3026.5246170216647
DRD01,OUT027,1280.6927181305266
NCZ18,OUT027,5319.632436830267
FDN49,OUT045,520.5528945000351
FDR22,OUT035,1860.348416547557
FDV08,OUT019,80.8297023201458
FDY39,OUT046,2976.1257784922773
FDV36,OUT049,1835.3017266997285
FDO60,OUT045,635.006473250658
FDU04,OUT027,2947.1646209721457
FDR20,OUT027,1226.0634120102147
FDW19,OUT019,225.4749122954667
FDU40,OUT049,2370.7205699458564
FDK15,OUT045,1331.7078042573119
DRF15,OUT035,2045.4431391729893
FDQ25,OUT017,2589.5773990680527
FDI48,OUT019,122.92632501695984
FDS49,OUT046,1130.8825141506081
FDV22,OUT046,2400.5143227224166
NCV42,OUT046,1501.9839660048372
FDX26,OUT046,2783.455345695894
FDI33,OUT018,1200.1594935256403
FDZ14,OUT049,1854.2456219310286
FDG10,OUT013,757.023557161363
FDM38,OUT018,592.9352288086947
FDG26,OUT027,5883.607410234685
FDH46,OUT035,1576.3987213853766
FDN13,OUT018,1081.709432767741
FDU57,OUT035,2287.4062123769886
NCI06,OUT046,2641.607440708137
FDM38,OUT045,750.2343531089801
NCG42,OUT010,242.9504516939441
FDL39,OUT045,2493.736103169548
FDT31,OUT019,427.1201959540958
FDV59,OUT013,3236.4919341326413
FDB49,OUT035,1475.2983383546546
FDD58,OUT049,1467.6984230047879
DRN59,OUT046,690.5321682433223
FDX48,OUT049,2171.7607130388387
FDQ11,OUT049,3716.3663267393617
FDY12,OUT049,769.1693087331566
FDQ11,OUT045,3622.5291034119764
DRI11,OUT017,1657.654527938088
FDY32,OUT027,4092.398009588754
FDS51,OUT045,851.416946985973
FDR19,OUT010,305.54340236764114
DRB13,OUT018,2372.825482400209
FDS21,OUT035,956.7447305430102
FDQ40,OUT045,2479.665760060538
NCE55,OUT013,2639.7873158413495
FDX43,OUT027,4118.238040648175
FDS12,OUT049,1854.7218067221775
DRK01,OUT027,2274.11686026153
FDN25,OUT017,731.368282546107
FDB60,OUT046,2841.078565692625
FDQ13,OUT017,1233.1910881504145
DRK13,OUT045,2730.701657713754
DRF25,OUT018,362.7671405122061
NCD42,OUT019,79.25855106376258
FDW25,OUT045,1214.0269724979423
NCV29,OUT027,4483.360585435457
NCK42,OUT035,3214.73779765148
DRJ13,OUT027,3885.5219612649203
DRD15,OUT017,3345.622500996217
FDM27,OUT045,2201.1644978125832
FDZ50,OUT018,2463.6551663452674
FDC04,OUT046,3464.405983722948
FDF50,OUT049,2961.7199323018212
FDP15,OUT045,3576.753437401689
FDK46,OUT035,3893.5538794319996
FDZ56,OUT018,2247.5407616517828
FDY60,OUT049,2111.99783870137
FDB10,OUT035,3585.7688151420343
FDR57,OUT045,2214.439891311814
FDU58,OUT049,2844.2236201610976
FDH02,OUT046,1242.478038485791
FDP48,OUT013,2928.9304522710468
FDI46,OUT035,3846.423044411084
FDW56,OUT013,2866.621050947265
NCM19,OUT010,246.78740758003218
FDS50,OUT027,5375.610228703673
FDK24,OUT013,600.428649687608
FDO36,OUT017,2752.0773649201487
FDK45,OUT027,2636.068356027163
NCL05,OUT045,593.4761819585868
FDL32,OUT018,1348.5455165590315
FDA28,OUT049,1877.7009066370786
FDY36,OUT018,802.2844194297588
FDP32,OUT018,1508.4676929537043
FDL50,OUT046,1847.244225067072
DRC24,OUT049,2292.5784318623887
NCS18,OUT017,1544.0619658180858
FDD16,OUT017,951.3689187471914
NCV18,OUT013,1258.612046661281
FDX07,OUT046,2864.117695547717
NCZ05,OUT027,2304.4777042434475
NCI31,OUT013,560.5776510379517
FDK14,OUT049,1195.4962736864084
NCR06,OUT045,579.6802426602904
NCF54,OUT049,2625.334294316243
DRG23,OUT010,277.9096770566091
FDD53,OUT046,599.2961811398055
NCM31,OUT027,3098.013683503899
FDT16,OUT017,3674.735624771647
FDR40,OUT035,1224.5009391441683
DRG25,OUT017,2876.8960538305896
FDT10,OUT035,908.9471902403384
FDY32,OUT013,2286.0727304954576
FDN50,OUT035,1491.276344132761
FDZ35,OUT019,233.57934323670924
NCP54,OUT045,1781.9721260510923
NCD07,OUT035,1664.0364921343971
FDS02,OUT018,2486.331494642831
DRN59,OUT018,578.1987037677002
DRB24,OUT013,2284.4145972326305
FDP37,OUT027,2971.7343665768417
DRB01,OUT018,2237.4287819081715
FDR47,OUT046,2847.2100092593623
NCM31,OUT010,274.6313954213609
NCF06,OUT027,5838.928726647108
NCV17,OUT027,3161.985226524803
FDS10,OUT049,2678.0365598840554
FDN52,OUT035,1301.0667694191557
FDZ48,OUT013,1658.0115832535794
FDJ48,OUT049,3726.2029575420042
DRB13,OUT027,4616.567682546586
FDV59,OUT017,3210.74103958895
FDL32,OUT035,1614.122471627697
FDZ12,OUT035,2033.0181774671612
NCR06,OUT027,938.5492750459598
FDP51,OUT017,1761.5973798820382
FDY22,OUT013,2025.6921207337368
FDZ38,OUT049,2729.7850093149323
NCO54,OUT035,838.7688174731319
FDR23,OUT035,2766.9449355455226
FDM38,OUT049,814.0879498200982
FDS25,OUT013,1638.2356213750923
FDZ22,OUT013,1186.3069425962474
FDZ20,OUT019,493.6469717023399
FDD45,OUT010,195.93536139428534
FDN03,OUT049,3633.8048808985573
NCW30,OUT046,3385.5992592130347
FDY24,OUT027,1356.6784695926438
FDJ26,OUT019,483.9805767760669
FDM15,OUT049,2246.310524766059
NCW54,OUT027,1377.785769175241
FDA23,OUT045,1452.7262396485498
FDA39,OUT019,74.35657552185053
FDZ12,OUT017,2135.6149959419286
NCB42,OUT046,1674.0734751997857
FDL16,OUT046,693.2644277716425
FDO24,OUT019,314.32505945575633
NCP42,OUT046,2760.9795819514184
FDR19,OUT018,1998.206257669175
DRL01,OUT045,3275.702989788663
FDV37,OUT046,2898.2511318718084
FDI41,OUT010,302.98771902050294
FDF58,OUT049,926.1543181946569
NCF43,OUT018,1733.158717453947
FDN02,OUT049,3162.6207567716783
NCP41,OUT035,1521.8152181601301
NCY17,OUT027,1139.773099927952
FDL58,OUT027,5896.63302689161
NCA30,OUT027,4630.660137700084
FDE46,OUT018,1820.3497231205317
FDY38,OUT035,3656.4376311187316
NCH29,OUT027,2357.095709812703
FDO20,OUT045,3536.3360749669187
FDP44,OUT018,1261.508560402583
FDM02,OUT027,2175.23105515482
FDJ14,OUT027,1994.84080533694
FDH04,OUT010,178.94689058170886
DRK23,OUT046,3577.1703572051324
NCW05,OUT046,1493.792240593362
FDF12,OUT049,2159.2295142479816
FDL51,OUT019,462.38625548020514
FDN03,OUT018,3089.448845430182
DRJ37,OUT049,2193.319598693546
FDM12,OUT019,342.7738872220177
FDA16,OUT045,3174.320907246837
NCB07,OUT017,2827.020662537463
NCI17,OUT019,213.49786011078228
FDR51,OUT046,2225.8588913384087
FDJ55,OUT045,3268.307227240329
NCZ17,OUT013,602.494772734799
FDU25,OUT013,873.0342855469945
NCG18,OUT045,1471.7138539374575
DRM11,OUT017,3768.04676769945
FDH16,OUT035,1402.6304159259269
FDZ04,OUT018,696.3693510857959
NCX53,OUT035,2122.290154402161
FDX38,OUT027,1163.4209534031675
FDX09,OUT046,2591.0334109900864
NCW05,OUT018,1372.7632748066321
NCS41,OUT017,2780.7298166986134
FDI26,OUT046,2601.304240534487
NCZ41,OUT027,3016.5687929509163
NCK06,OUT046,1812.0028861548483
FDX23,OUT027,2150.518045053518
NCA42,OUT046,2341.8034398584614
FDC20,OUT049,792.8852751959255
DRC49,OUT018,1830.2701332931063
FDX01,OUT013,1657.002573389908
FDC08,OUT045,3333.1799601873054
FDC02,OUT017,3275.9796627498295
FDK10,OUT045,2492.784839680443
DRC24,OUT013,2307.5159998294885
FDW16,OUT019,199.85570184414556
NCU06,OUT018,2884.317556572076
DRA59,OUT045,2716.2311547872005
FDR24,OUT019,195.20418282944627
DRL35,OUT018,423.4577339835034
FDA49,OUT013,1196.6790469555108
NCC55,OUT046,522.5960983404337
DRD24,OUT019,268.62731120917647
NCE55,OUT049,2661.637323888095
FDT33,OUT045,2381.5213061801223
NCT53,OUT013,2378.3992912318263
FDS26,OUT046,3543.9891615136044
FDL22,OUT018,1122.4877928096516
FDP44,OUT017,1490.8672673907545
FDC52,OUT018,1761.9624480964233
FDI53,OUT010,287.17927449648573
FDZ23,OUT046,2861.8690722918277
NCT18,OUT013,2881.8185985562104
FDR13,OUT046,1631.7730194674366
FDB09,OUT010,227.35159889484552
FDZ60,OUT013,1373.0839451223355
FDB11,OUT046,3345.675160448699
FDC10,OUT018,1378.3151634362598
FDW56,OUT035,3052.0372553576426
FDK14,OUT027,2144.0041139773994
DRE27,OUT027,2149.218989794596
FDA38,OUT017,3443.722440758032
FDT11,OUT045,2696.2426953969994
FDP15,OUT035,3830.1800739193905
FDV27,OUT035,1279.895515523937
FDS36,OUT027,2508.0758447018075
FDY40,OUT027,1171.4708879746895
NCF19,OUT049,699.0623447098645
FDF53,OUT045,2620.8005216663787
FDS14,OUT027,3780.6275940670475
FDE56,OUT046,981.6345638521559
FDZ19,OUT035,2697.726236873058
FDZ46,OUT013,1585.154813225714
FDR16,OUT046,3031.3258598082316
FDG29,OUT018,379.29125359326
NCE30,OUT017,3067.200981435271
FDZ40,OUT046,742.4205170228838
FDG58,OUT018,1951.3312031701967
DRH03,OUT013,1287.8387996638003
FDZ47,OUT045,1275.7589720730232
FDV04,OUT018,1896.3068455161758
FDZ10,OUT018,1557.0286611375218
FDG46,OUT017,1702.5986567085054
NCF07,OUT045,1335.5752325473732
FDY44,OUT035,3141.4797610423793
FDB21,OUT013,3419.102540008964
FDS20,OUT035,2999.457045244485
FDS49,OUT049,1151.9980049912667
FDX55,OUT027,5428.936688852556
NCQ02,OUT018,2426.123964031012
FDR25,OUT013,3861.0044520226074
DRG39,OUT045,750.5759347573083
FDB46,OUT046,3092.7579521188977
NCC30,OUT018,2160.798274992945
FDE58,OUT035,1812.7545449900115
FDC05,OUT019,462.1920887405827
FDY15,OUT046,2252.872126672187
FDG14,OUT046,2245.4716073196346
FDL08,OUT049,3494.588515373161
FDQ47,OUT013,555.7858717707838
FDN12,OUT035,1646.209089858587
FDW10,OUT013,2155.890324028043
FDD02,OUT035,1813.8809194384694
FDX35,OUT010,545.4476793795521
FDT35,OUT046,2489.905869858255
DRN47,OUT019,374.40308270810095
FDB11,OUT010,493.2660961048117
FDN20,OUT045,2494.2462972284884
FDB59,OUT035,3023.476593659132
FDJ58,OUT045,2532.213842807994
FDU60,OUT046,2514.715901525921
FDS03,OUT049,977.5645102282908
FDU40,OUT019,408.66264436727084
DRH15,OUT049,682.2569820180172
FDD04,OUT027,3652.281552087129
FDQ01,OUT046,3680.5193793191884
FDF28,OUT035,1988.858240481928
FDD22,OUT010,247.47140546429353
FDY19,OUT046,1688.1337781559096
FDN33,OUT035,1398.4850116106932
FDV36,OUT035,1901.233930494033
FDW01,OUT010,297.069327244173
FDJ28,OUT049,2967.5998614040673
FDB17,OUT035,2880.2710956785713
FDM40,OUT049,1963.4716558115554
FDV46,OUT045,1774.2437555816778
FDQ44,OUT049,1769.6792665392131
NCD42,OUT046,546.5992825039659
DRH37,OUT046,2346.8777857403898
FDR10,OUT018,2029.4338267171238
NCD06,OUT027,1148.8465189967599
FDI53,OUT046,2292.4410302245906
FDG16,OUT035,3358.68008119404
DRB25,OUT046,1521.3843253026819
FDY09,OUT046,2483.89028090212
FDX48,OUT045,2116.21614146174
FDC03,OUT010,428.35979516158426
FDT47,OUT035,1564.4665947514634
FDW44,OUT027,4462.642477466686
FDT24,OUT017,1046.5188440661568
FDT12,OUT019,503.35772539888245
NCS38,OUT035,1766.5807829780497
FDO39,OUT035,3067.808842110966
FDA13,OUT046,594.9174153353562
FDO48,OUT035,3643.0672812352414
DRJ01,OUT017,2229.408928340436
FDD53,OUT018,375.40084633418616
NCT05,OUT049,3692.2215569678724
FDQ51,OUT045,679.5003589872285
FDU60,OUT013,2499.1713261508853
FDC59,OUT046,918.0727628505166
FDP36,OUT035,743.5430514172102
NCM19,OUT017,1692.2142920783006
FDL16,OUT035,651.9415410294376
FDE50,OUT018,2456.5892686105167
NCR18,OUT013,602.7917697355226
NCD30,OUT035,1502.8538830663633
FDH31,OUT013,1477.0466304497606
FDD56,OUT019,367.21022289372195
FDC47,OUT049,3491.7900662274565
FDZ21,OUT045,1325.608462311934
FDM01,OUT049,1439.8702984289196
FDF24,OUT013,1216.776351627892
FDW23,OUT017,589.7038427781451
FDY52,OUT018,676.36512908843
DRH37,OUT027,3933.8941309766406
DRO47,OUT027,2640.6324379065327
FDR25,OUT049,3788.030356219257
FDQ24,OUT027,5729.625647448916
DRJ51,OUT018,2894.6242284499926
NCU06,OUT035,3642.7227838313765
NCV18,OUT018,1079.332869569562
NCC06,OUT027,3147.653418918329
FDZ01,OUT018,1205.5123026980978
FDT14,OUT017,1801.2742354889174
FDD11,OUT019,530.4832359059221
FDN09,OUT017,3617.509825709206
NCO18,OUT010,378.9581471497912
FDZ50,OUT045,2710.0008956121446
FDS44,OUT013,3326.5941004122765
FDI36,OUT045,2762.626569221452
FDA26,OUT010,454.11863362864483
NCY53,OUT049,1599.5283088652718
FDF32,OUT049,2863.10840252406
FDF59,OUT010,239.65778412731592
FDB20,OUT046,1055.0636842357121
DRH11,OUT035,813.1321244704731
FDT03,OUT049,2127.2155408409003
NCH06,OUT035,3626.3791569245873
FDR55,OUT049,2858.2582770210015
FDI10,OUT035,2754.775580414292
FDZ12,OUT045,1934.678601801214
FDM12,OUT049,2811.420209946137
DRB25,OUT045,1451.3738944936324
NCS41,OUT013,2808.2485177535036
NCT53,OUT049,2316.8475520250195
NCD55,OUT013,572.8168450846501
FDY08,OUT049,1983.0069061701493
NCP55,OUT049,804.2243689630272
FDA33,OUT013,2231.743294171834
FDQ33,OUT013,2293.81037071461
FDE45,OUT027,4689.76034178613
FDT26,OUT013,1760.6473910612249
NCV53,OUT049,3583.308949844444
FDK60,OUT027,2276.8112943423394
NCJ29,OUT046,1185.9919000195425
FDI15,OUT045,3563.440190774525
FDX21,OUT013,1574.0652333861692
FDV49,OUT019,525.2387495804522
DRO59,OUT046,1089.8974188382122
FDZ14,OUT045,1763.925582252157
FDP32,OUT027,3164.0642029297537
FDC33,OUT017,2910.586964803298
FDT14,OUT010,249.54777533126025
NCN54,OUT027,1968.377202094814
FDR57,OUT027,3877.692229663868
DRK12,OUT046,441.591349162654
FDX52,OUT049,2885.3652056919364
FDX08,OUT010,371.22721466381427
FDP10,OUT010,204.98176927677477
NCP50,OUT045,1092.7503489061078
NCL06,OUT013,3687.171625868682
FDP25,OUT013,3315.9198328439848
FDE53,OUT013,1454.0119501719323
FDL27,OUT017,967.7000942952617
FDC35,OUT049,3097.0768453696624
DRJ47,OUT010,334.24738676277724
FDD16,OUT018,779.9028896704702
NCN42,OUT049,2223.788374520298
FDC38,OUT027,3030.791534458228
NCO07,OUT045,2773.1120655687605
FDQ20,OUT049,590.8877064172249
FDI32,OUT046,1702.6612288332367
FDN20,OUT010,334.1132902932289
DRJ51,OUT027,5572.618371274628
FDU08,OUT045,1325.2918589340416
DRN37,OUT019,314.1544579527551
FDD05,OUT010,248.391016145668
FDW15,OUT046,2225.627937483039
FDI52,OUT046,1787.5634345909066
DRM11,OUT049,3756.19590755326
NCO06,OUT045,352.51967147385767
FDU38,OUT049,2839.5558802586374
FDU59,OUT018,2111.3299905874364
FDJ10,OUT046,1889.7859484583635
FDM13,OUT049,1668.4383428065735
NCJ30,OUT019,326.6753894018091
FDM45,OUT018,1586.0336321871723
FDP36,OUT045,698.1992894375117
NCD30,OUT010,195.52332948494802
FDN48,OUT017,1369.7682766374637
FDY32,OUT049,2277.7093773024535
FDU47,OUT046,2004.6935412784217
FDF17,OUT019,436.09554450833286
FDP34,OUT017,2353.8334890512524
FDA47,OUT049,2386.8156019919893
DRD27,OUT027,2295.7307712154347
FDW38,OUT045,768.3635010726774
FDZ15,OUT019,251.39906996074848
FDZ03,OUT027,4692.461892357734
NCN19,OUT049,2805.791318855503
FDG02,OUT035,2917.047876813263
FDS31,OUT035,3110.1431528089893
FDW43,OUT019,492.21498633593586
FDZ47,OUT010,198.24283891468505
FDO57,OUT017,2089.70235237121
NCL07,OUT013,590.3660710040579
NCV42,OUT013,1576.8673508235559
FDP40,OUT017,1611.747076944489
FDP48,OUT019,405.20517779056024
FDH21,OUT017,2280.2310031197053
NCP02,OUT049,874.5563973150778
FDK24,OUT049,686.1827984718878
FDC41,OUT045,994.9905905673438
FDF08,OUT017,1226.3695532368279
FDO49,OUT017,688.9392204295095
FDS56,OUT027,6093.069596835525
FDX46,OUT018,715.0921348625837
FDQ07,OUT013,3228.144465716537
FDC32,OUT010,174.4943740372055
FDT21,OUT019,497.632137071147
FDG58,OUT045,2092.252464234861
FDW14,OUT049,1200.2682163623526
DRA12,OUT027,3058.4623102054343
FDV27,OUT013,1206.890329161888
DRD25,OUT013,1597.1815189893885
DRF48,OUT027,4581.596370253322
FDX24,OUT017,1341.2134176672907
DRJ51,OUT046,3398.22567566942
FDE45,OUT045,2627.2342759095777
FDE14,OUT046,1538.1088447834265
FDG53,OUT045,1757.154401675294
FDT08,OUT046,2257.737664896773
DRC27,OUT027,5623.587194330571
FDG20,OUT035,2662.560125826365
FDC21,OUT046,1465.7507011079647
FDV31,OUT018,2116.356639112601
FDB58,OUT045,1916.0043629141715
FDV23,OUT046,1825.2673876225683
FDA25,OUT019,217.61884741659418
FDC15,OUT046,2216.282936932938
FDU47,OUT049,1871.8372243998215
FDE23,OUT013,685.703548890165
FDS08,OUT013,2548.348962798048
FDW03,OUT027,2488.3712205114807
FDJ60,OUT018,2105.5909944477876
FDM34,OUT017,1828.6056827620969
FDW33,OUT013,1488.4634806313875
FDZ40,OUT013,775.4785656741819
FDE33,OUT018,899.4753445465097
NCC06,OUT010,262.66367408539
FDU11,OUT046,1698.9195880276995
FDL44,OUT017,2387.6731310208597
NCZ29,OUT017,1809.065024070407
FDG28,OUT010,517.389542755607
FDL12,OUT018,715.6208490531227
FDD52,OUT017,1485.8659888610096
FDO15,OUT013,993.4996219299924
NCN29,OUT027,1176.6434098007214
FDW36,OUT013,1455.8947844494937
FDB21,OUT046,3343.022065388829
FDZ28,OUT013,1800.7808255780114
FDY10,OUT035,1815.4703326911635
DRG39,OUT017,722.4687068797306
FDN28,OUT013,1451.9803167603488
FDV15,OUT035,1631.8614678830622
DRI13,OUT035,3456.7348811464867
FDH20,OUT046,1422.7512103214642
FDY51,OUT013,3318.99978847401
FDE16,OUT013,3167.4471424543567
FDX40,OUT018,367.84787186270523
FDC48,OUT018,954.8313348335408
FDS14,OUT046,2147.299787499607
FDX56,OUT017,3174.775707834677
FDI10,OUT046,2608.434320198327
FDI14,OUT013,2006.3609820789848
DRM48,OUT013,571.7620448036089
NCH07,OUT027,3896.0472820417363
FDY26,OUT013,2966.25654718488
FDD02,OUT027,2690.39622113016
FDM12,OUT046,2781.8211010879254
DRF01,OUT010,321.99481665516527
FDV36,OUT046,1836.4183991796167
DRI59,OUT013,3272.8021351534608
FDV03,OUT018,2049.7813976937327
FDO39,OUT017,2910.2401081042512
NCB07,OUT018,2455.5885910451575
FDH38,OUT027,2708.8248934791964
FDZ13,OUT035,734.54876309594
NCZ30,OUT046,1812.5423747998975
NCA06,OUT035,464.46741539666044
FDB04,OUT049,1206.015715776146
FDN50,OUT013,1362.0387619290282
NCG06,OUT049,3690.8665139315904
NCY17,OUT018,510.5561386676482
FDC23,OUT046,2688.8407295795605
FDK33,OUT049,3168.4368835198798
FDR03,OUT049,3051.324691896069
FDZ07,OUT045,948.1189976420732
FDO38,OUT013,1133.4403261018863
FDS59,OUT046,1549.2464728164655
DRM11,OUT019,483.8124674214624
FDX52,OUT027,4751.591633486153
DRJ35,OUT018,694.9080776288408
NCP53,OUT046,3496.4427272638686
FDW15,OUT019,343.83932179070183
DRI47,OUT045,2137.54013283485
DRZ11,OUT035,1914.5953381255972
FDS02,OUT013,2843.5623720873746
DRD49,OUT018,2851.8065772324535
FDW38,OUT049,740.127161411865
FDR21,OUT019,368.4965239287694
FDE40,OUT013,935.3788274053247
FDI02,OUT045,1559.475662605632
FDQ04,OUT045,541.4666690098153
FDY14,OUT017,3670.309445753816
NCT54,OUT046,1321.3309870423197
DRD25,OUT017,1579.7898484560899
DRE01,OUT045,3467.3009299211535
FDJ12,OUT010,465.821939186254
NCZ05,OUT049,1426.291535447394
DRB25,OUT019,227.7996898155923
NCC31,OUT045,2195.0295298375645
FDM16,OUT045,992.2649605335605
DRG11,OUT049,1483.6999524784721
FDV24,OUT027,3667.59013926967
FDV43,OUT046,601.2475497723337
FDG05,OUT018,1921.1092856930995
FDV23,OUT010,256.23828714218973
FDI58,OUT018,1131.8942493736208
FDQ11,OUT017,3689.839028131021
FDC05,OUT027,4691.111505283247
FDF40,OUT013,3552.508241873161
FDU02,OUT018,2902.67111094741
FDT32,OUT013,2844.3827773992157
NCF06,OUT017,3469.531600349944
FDT46,OUT013,680.9562701405383
FDR58,OUT010,183.06458994599137
FDY04,OUT046,2368.495389382259
FDT58,OUT045,2320.6560776627302
FDE46,OUT049,2114.8088615531765
DRH11,OUT017,779.3249599889929
DRI51,OUT046,2608.8754238164233
FDC35,OUT017,3034.4810596935786
FDP45,OUT035,3997.140788303854
FDC45,OUT017,2476.1633844964454
FDU01,OUT045,2746.135714515509
FDJ53,OUT010,229.95248886213497
FDJ46,OUT017,2656.70904616373
FDX07,OUT013,2900.9687416288452
NCI30,OUT049,3381.3924369927163
FDE47,OUT027,3028.721312103885
FDV48,OUT045,1091.422507833668
FDN16,OUT019,205.79487312993982
FDM52,OUT013,2293.5568448421764
FDA32,OUT027,5429.120636313259
FDH05,OUT017,3445.6458322706567
FDW25,OUT010,174.41021265306856
FDQ09,OUT046,1671.4678416922627
NCM17,OUT010,92.092372953521
DRM59,OUT046,2222.59837296577
FDV47,OUT027,2131.8667610440157
DRE15,OUT035,1142.3987249952233
FDS25,OUT010,210.47732620165922
NCZ05,OUT018,1184.0080084352765
NCV05,OUT019,317.56438234842597
DRM37,OUT046,2830.7448644017036
FDV58,OUT027,4649.7503661698875
FDN22,OUT027,5940.464193386392
NCO06,OUT049,379.9695638701452
FDT56,OUT019,155.22209563211564
FDM02,OUT013,1231.313915600596
FDA09,OUT046,2754.173866266459
NCC06,OUT035,2046.661978238972
NCL54,OUT049,2676.085893189411
NCB55,OUT017,820.467645450857
FDB12,OUT017,1493.0877837965188
NCA54,OUT049,2693.0351699644057
NCS38,OUT049,1680.5567502538659
FDC02,OUT049,3286.647797124996
FDK44,OUT019,344.7556128309804
FDE16,OUT035,3420.381005254204
NCS05,OUT035,2027.4461001770585
FDZ59,OUT045,2441.171573517278
FDI20,OUT017,3178.708074907575
FDQ14,OUT046,2101.011532185433
FDF53,OUT017,2653.393216814597
FDW25,OUT017,1257.6815854768658
NCQ43,OUT010,196.68301680719026
FDX52,OUT013,2851.3518573493207
FDE28,OUT045,3383.4690751481235
FDN15,OUT017,1860.5754137646604
FDO28,OUT017,1613.6317527117778
FDQ33,OUT045,2218.965440556892
FDM22,OUT010,136.23806809211428
FDJ03,OUT017,678.4210609399041
FDI16,OUT045,792.7941547617743
FDI09,OUT027,5396.110822053911
FDX55,OUT013,3162.459107413083
FDS23,OUT027,3036.9888525948504
DRC12,OUT045,2719.327336507427
FDH41,OUT049,3154.385752994571
FDN01,OUT013,2474.2990824486956
FDV55,OUT045,2100.910289617134
NCJ19,OUT013,778.9855673124031
NCY29,OUT010,155.14680959496354
FDP03,OUT018,1565.5124373199485
FDZ52,OUT045,1522.1441638789167
FDH31,OUT010,200.31766007008656
FDQ19,OUT018,2664.6904700378495
FDS15,OUT035,1602.6889761721734
FDN32,OUT017,2931.130498001278
FDH32,OUT049,1432.9972761957968
FDF33,OUT017,1597.6832218918428
FDJ22,OUT046,2724.857557640481
FDG56,OUT010,158.44963935166948
FDC05,OUT046,2825.5839380326493
FDK09,OUT013,3483.0764730840233
NCV29,OUT045,2489.86210247842
NCC43,OUT019,542.9818975327279
NCA42,OUT049,2383.815569106556
FDC10,OUT046,1610.5610473577592
FDC16,OUT013,1222.5026468011054
NCL17,OUT013,2005.1243679348252
FDA51,OUT035,1771.8407207678579
FDW01,OUT017,2201.119191557555
NCF30,OUT045,1748.813602231799
FDN49,OUT013,517.3734170864944
FDY20,OUT045,1220.5466780088598
FDC15,OUT045,2104.1463442974127
FDY24,OUT046,788.3276580475698
NCG43,OUT017,1342.8772503792181
FDA48,OUT013,3342.9880285231366
NCF55,OUT017,535.7454433676377
FDL38,OUT049,1319.8389698926187
NCQ29,OUT018,3093.501695581187
FDC34,OUT017,2360.3336845522995
FDP36,OUT027,1271.5081568592664
FDN50,OUT010,183.36270424210002
FDO23,OUT049,1431.668862693644
FDT56,OUT013,783.308939439889
FDT13,OUT027,4816.064058393993
FDZ03,OUT013,2832.374038401108
FDQ03,OUT010,577.6039791001901
FDU44,OUT045,2311.2637458589306
FDD03,OUT049,3494.1346454675463
NCH30,OUT013,1612.2052476967706
FDS60,OUT010,337.0563012626868
FDG08,OUT046,2632.2342044363277
FDX38,OUT017,666.6855551925632
FDD22,OUT017,1709.027851882914
FDW51,OUT013,3125.3992956697
FDL09,OUT017,2395.913415266226
FDZ60,OUT045,1319.775019879606
NCH07,OUT046,2284.5628505459413
NCQ41,OUT049,2941.9008856394366
FDW04,OUT049,1861.3977621103152
FDI08,OUT027,6025.397223367226
FDR19,OUT019,332.2996036197542
FDV13,OUT046,1265.2177303145418
FDB52,OUT017,3636.777313435147
FDZ48,OUT027,2548.1721449837933
NCO14,OUT049,684.7182010011575
FDZ50,OUT013,2874.090261324135
FDN27,OUT019,249.2917971108235
FDQ60,OUT013,1795.6598461590318
FDR49,OUT017,708.7276900003679
DRJ35,OUT027,1553.501525771257
DRI49,OUT017,1224.5965954985145
FDB47,OUT017,3123.8986288007777
FDP37,OUT010,252.64899359759227
FDR26,OUT049,2406.039688742932
FDY31,OUT019,302.25632808358097
FDC11,OUT045,1237.424437587912
DRP47,OUT035,3882.544922794845
NCY54,OUT018,2283.8819871353485
FDR27,OUT046,1862.1242779532165
FDQ21,OUT019,257.829487767209
NCQ29,OUT035,3947.0159536853853
FDJ02,OUT046,2202.2110270118274
FDE21,OUT018,1539.3058235997344
FDM39,OUT046,2528.8731155410496
FDZ01,OUT017,1527.402706197054
NCB19,OUT018,1049.999302174346
FDU03,OUT046,2693.862176969971
FDP27,OUT049,2884.08204275853
DRF01,OUT045,2111.9591164854005
FDM03,OUT049,1531.9237954472524
FDV01,OUT046,2266.367639920227
FDS16,OUT046,2262.6565702664316
FDO45,OUT035,1366.2495873188539
NCX06,OUT035,2933.9724877915323
FDP13,OUT046,604.5955604652282
NCR38,OUT018,2947.948876366451
FDA01,OUT013,791.769599377328
FDT26,OUT017,1630.0080809244917
FDD44,OUT027,5628.229814063688
FDB26,OUT013,797.4018365916414
FDP45,OUT019,530.9284006149784
NCP55,OUT046,790.6656063692176
FDT23,OUT017,1131.3673600724005
FDO51,OUT045,584.4719061966091
FDA44,OUT046,788.231119874094
NCJ31,OUT018,2797.919214531523
FDX37,OUT045,1396.3031211161035
NCD18,OUT049,3566.4585470065063
FDN40,OUT027,3786.7831828048425
FDL33,OUT017,2783.2527480718063
DRF48,OUT035,2813.239590381753
FDW08,OUT035,1596.6016474113896
FDX39,OUT018,2685.1820162212757
FDB38,OUT049,2344.5726268544145
FDY46,OUT018,2517.6559504617335
NCB06,OUT049,2361.2858114327987
FDA34,OUT035,2833.4024858403536
FDA35,OUT045,1801.0853549192393
FDQ07,OUT035,3352.960697601885
FDU32,OUT045,1751.7373525907012
FDU26,OUT013,1692.8131967510083
FDU13,OUT010,399.39651290627313
FDO09,OUT035,3738.177727875141
FDW03,OUT019,236.99203403737678
FDB38,OUT013,2363.4822367301385
FDL26,OUT010,307.5392940200585
NCN43,OUT045,1787.9889683276895
FDH08,OUT045,3393.192055801482
NCC31,OUT019,325.80676322270875
FDH14,OUT035,2035.028707693643
FDL40,OUT017,1359.695234795901
FDD20,OUT035,2042.7512390426798
NCV53,OUT035,3789.0635734486173
FDD16,OUT045,912.1130222421771
FDP24,OUT035,1745.1457379765957
FDQ25,OUT045,2480.674599339457
FDM38,OUT035,798.2012107155826
NCT18,OUT010,371.9044410131657
FDM34,OUT049,1835.9733643859176
DRH37,OUT010,328.8212557434402
NCE07,OUT013,1988.2187706920843
FDG12,OUT013,1712.9895159288171
FDB59,OUT010,478.71779063267076
FDS10,OUT018,2301.742439066292
FDN21,OUT010,302.06324823819375
FDM02,OUT045,1188.6614986827585
FDO44,OUT049,1631.096538371386
NCN17,OUT017,1439.3396310164824
FDH16,OUT018,1087.709590912962
FDL44,OUT046,2334.2283777650996
FDY47,OUT017,1839.1335581115286
DRI39,OUT046,789.5433559031046
NCX54,OUT018,1268.4476426677065
FDE59,OUT046,571.1757029963196
FDO46,OUT045,2658.037299187107
DRE13,OUT046,1229.3533186601517
FDW14,OUT013,1205.9777378998358
FDF35,OUT046,1501.89823083813
FDO50,OUT019,202.76188012215724
DRF49,OUT017,1645.072877462323
FDT60,OUT049,1834.5389325579654
FDP38,OUT045,678.208632313538
FDA31,OUT027,4459.477944612126
FDY52,OUT010,140.1829965079337
FDD03,OUT027,5608.488179281698
FDN52,OUT018,1030.2131691451225
FDU20,OUT010,247.72788482509625
FDD22,OUT035,1738.408762145553
NCB55,OUT019,148.39527161101364
FDN27,OUT045,1407.2751437179281
FDD16,OUT013,1032.3412773148693
FDW48,OUT046,1090.5950732241106
DRN35,OUT045,509.41059505688895
FDX25,OUT049,2838.309711117923
DRD49,OUT049,3454.0475744342325
FDE21,OUT019,247.77341437957978
FDN44,OUT035,2563.724163638259
DRC01,OUT049,713.5226215797674
NCK30,OUT046,3655.1024425012993
FDU39,OUT013,768.7213518740299
FDB49,OUT013,1371.4254845652458
FDS12,OUT045,1770.3152343124
FDR57,OUT018,2103.5948906641743
FDX22,OUT027,5326.119159024581
FDC60,OUT013,1288.9831955327415
NCE42,OUT049,2741.1857481354923
NCK42,OUT049,3048.94454328322
DRE01,OUT017,3516.268559243102
FDE57,OUT018,1752.050191055291
DRK59,OUT019,468.37212008650505
FDB10,OUT027,5545.82096546331
FDQ25,OUT046,2538.7415339107324
FDY26,OUT017,2965.36585239062
FDG28,OUT049,3540.9635771951403
FDM14,OUT049,1542.342353619451
NCH29,OUT049,1460.3712893900438
FDD48,OUT049,1696.9858943359925
FDC17,OUT045,2934.8996408845337
DRH49,OUT027,2049.2422614661136
FDN44,OUT018,2139.469511373246
FDC29,OUT045,1618.4555454924987
DRK01,OUT019,197.9984861073274
FDD48,OUT017,1693.6882025606574
FDB59,OUT013,2842.945728494354
FDY45,OUT010,526.8852601515862
FDX60,OUT035,1173.1443538997678
FDT09,OUT010,290.5833356115102
DRB24,OUT018,1991.623278600216
FDL13,OUT035,3710.5071572641746
FDN16,OUT035,1604.3144369338613
FDK57,OUT013,1866.78617664603
FDO22,OUT027,1957.9077681527347
FDC57,OUT010,403.16239427781056
FDZ13,OUT027,1184.340857507444
FDW27,OUT013,2186.668021416722
FDX10,OUT049,544.4196741841237
FDY08,OUT018,1550.7640551873726
FDA49,OUT017,1208.3989824277394
FDC32,OUT018,1121.8266254203718
FDO04,OUT035,847.3318063633582
NCZ54,OUT013,2394.6817502226445
FDY40,OUT045,676.5299713817705
FDW36,OUT045,1423.1311737999583
FDE11,OUT017,2898.4485414231394
DRE37,OUT045,2634.425868577277
NCK19,OUT017,2830.845745457286
FDT19,OUT035,2799.2626985097304
FDE56,OUT045,869.811491242498
FDZ57,OUT010,210.6958682734611
FDB35,OUT035,1478.606981834257
FDF09,OUT010,59.912442190334396
FDO34,OUT046,2574.088265200831
FDA55,OUT046,3391.4994090326686
NCM18,OUT035,975.7434765937319
FDJ20,OUT019,227.68017506803162
DRQ35,OUT019,235.93676279277673
FDG02,OUT013,2706.146546099618
NCU29,OUT018,1981.9433307034349
FDL27,OUT027,1766.9216538355543
NCA54,OUT035,2816.574021911556
FDJ32,OUT035,949.7208071414497
FDB21,OUT019,526.4733235918554
FDR46,OUT035,2323.4890489786135
FDZ32,OUT046,1448.2938713242547
DRF36,OUT017,3003.799927492704
NCU54,OUT017,3136.6768279165503
NCI31,OUT017,506.534266080116
DRA59,OUT035,2987.776556501163
NCC55,OUT045,488.4225558586813
FDE44,OUT018,588.0320580624252
NCN26,OUT018,1426.4527844050722
FDC11,OUT049,1268.18905614738
FDV24,OUT035,2135.798453759249
FDR40,OUT019,180.81254133388677
NCQ17,OUT049,2298.8302139640264
FDC46,OUT045,2740.936879257373
NCM18,OUT046,993.3012077169949
FDK16,OUT046,1399.4667963554127
FDI28,OUT017,1165.5353494191122
FDS11,OUT018,2828.440334194992
DRD13,OUT046,988.3785181810784
FDL36,OUT035,1211.964386853354
FDI27,OUT013,640.674790972789
FDJ53,OUT019,227.93533889163427
FDS44,OUT045,3351.898016805931
FDE28,OUT046,3453.7394203533095
FDQ33,OUT018,2033.158720812105
FDB37,OUT017,3462.4911896206536
FDQ31,OUT045,1171.3670283646022
NCQ05,OUT046,2226.968067511916
FDE10,OUT013,1845.7545954575216
FDF38,OUT017,589.3567593364478
FDE50,OUT019,431.15456250422056
DRG37,OUT010,307.17588264142574
NCH06,OUT049,3639.5044195778864
FDY14,OUT045,3595.2940266331
FDO27,OUT017,1379.7275756278411
FDQ19,OUT049,3250.731114554092
FDZ26,OUT019,524.923561326374
FDN51,OUT013,3839.962270538502
FDK20,OUT035,1951.6909381509809
FDD40,OUT018,2477.6101266036308
DRI25,OUT018,637.0126198812122
FDH56,OUT017,1644.4257972410312
FDI36,OUT027,4600.538320988304
DRH11,OUT018,654.6700631722683
NCV18,OUT017,1232.444313770096
DRI01,OUT049,2667.5153853701877
DRE48,OUT049,2897.7663240430948
FDS51,OUT035,935.4563757440634
FDM38,OUT017,702.5384676649802
FDB60,OUT027,4648.266243607548
FDY58,OUT035,3687.6348019297566
FDY22,OUT045,1999.4384665251346
FDF11,OUT027,5680.024358403275
FDZ51,OUT035,1469.7752700419478
FDQ45,OUT017,2769.3847168877205
FDF17,OUT035,3030.962615401922
NCF31,OUT027,3717.5789580813566
FDA37,OUT013,1834.22813573171
FDO51,OUT046,613.1667231919624
FDF34,OUT013,2763.7084307019495
FDD57,OUT018,1178.7406874082103
FDO37,OUT046,3328.005241877744
FDR49,OUT049,713.4648036237007
FDS39,OUT049,2079.758817523469
FDI48,OUT027,1252.193278299201
DRM35,OUT049,2686.65037008582
FDV57,OUT035,2989.276935137195
FDZ55,OUT013,2369.653966677944
FDI28,OUT035,1237.0704315306878
FDS21,OUT045,926.6117572740169
FDT34,OUT013,1461.1065509780324
DRI25,OUT035,827.1604404885354
FDT47,OUT010,223.29558042163941
DRH39,OUT045,924.5400119649257
NCD54,OUT045,1907.290583973276
FDU16,OUT027,2182.0009752000046
NCW29,OUT045,1795.9000814320023
FDV25,OUT027,5557.2667126826545
FDM56,OUT035,1580.4603456686161
FDZ04,OUT027,1681.0237403271406
FDG59,OUT019,69.00473216625122
FDI56,OUT045,1220.3354144750429
FDS33,OUT035,1317.6999628722754
FDC23,OUT049,2673.482687175701
FDT11,OUT049,2792.039968912092
FDG17,OUT045,3250.1928035668107
FDZ44,OUT045,1551.701072141515
FDJ52,OUT013,2266.4763531750496
DRI23,OUT046,2325.414087611011
DRE15,OUT010,159.9724273766889
NCF07,OUT013,1474.0617035749444
NCR29,OUT049,789.3375074252415
FDE44,OUT019,127.68139788227442
FDT23,OUT035,1215.7042275868196
NCG06,OUT017,3664.1509289219493
NCU41,OUT010,463.32133954646287
FDH46,OUT017,1486.9124083792212
FDV31,OUT013,2520.608945242559
NCT41,OUT027,3820.641959343345
FDE22,OUT027,3935.580190655319
FDC26,OUT045,1469.9042344566285
DRF51,OUT017,543.3232060796869
NCY53,OUT019,250.31475020147622
FDY21,OUT017,2859.5773068078315
FDL27,OUT013,941.8135036170987
FDZ34,OUT049,2890.2141954851095
NCF43,OUT010,276.1962875628282
FDC21,OUT035,1536.3002245417977
FDL26,OUT013,2301.798567879558
FDT25,OUT010,238.75599135095692
NCR30,OUT046,911.5263515627147
DRL23,OUT019,211.80295784054476
NCR05,OUT049,2812.463116579584
NCE19,OUT018,672.2771562823249
FDY07,OUT035,628.5004589872602
FDB10,OUT017,3390.416188367466
FDP57,OUT013,1497.6968157609049
FDU48,OUT019,239.51130074714908
FDH48,OUT035,1181.7661738215238
FDO33,OUT035,1785.5750795649199
NCU29,OUT045,2176.089343454034
FDW35,OUT046,585.0568701071894
FDH05,OUT010,494.4991859560937
FDP26,OUT049,1416.1935036226744
DRG27,OUT035,620.7629043669074
FDQ33,OUT046,2277.406215092776
FDH20,OUT010,202.17996742764808
FDV14,OUT046,1190.1299610155386
DRD01,OUT046,805.7521115467674
NCI17,OUT049,1388.5248117749072
FDF39,OUT010,512.4394895701982
FDX37,OUT046,1524.5446986804257
NCX17,OUT035,3020.0334816660575
FDN03,OUT013,3562.9463031487157
NCS41,OUT010,431.83711103567737
FDH34,OUT045,2742.7124556811314
NCX53,OUT018,1737.3384326657954
FDY31,OUT046,2194.2167380942046
FDD20,OUT017,1943.4940078017412
FDE51,OUT045,666.347643317319
FDV27,OUT046,1197.8659864849383
FDF16,OUT035,2280.0963276007374
FDZ02,OUT049,1305.4985907024727
NCK05,OUT045,925.9059167637446
FDM12,OUT027,4574.997199272332
NCA05,OUT018,1825.728497261509
FDX33,OUT045,2265.4846278742752
FDM25,OUT049,2620.7334216492854
FDE41,OUT018,964.5344102720788
FDW14,OUT045,1163.800721294893
NCD30,OUT046,1388.4140875893781
FDB23,OUT010,482.50178505800494
FDF45,OUT046,864.9213742844032
FDW20,OUT017,1810.9283905444504
FDF47,OUT045,2628.7088442352397
NCR05,OUT019,471.42536502697493
DRB01,OUT046,2699.8720859492105
FDE36,OUT013,2559.4729406759734
FDU56,OUT049,2957.860893747644
FDB23,OUT049,3322.3568988682086
FDN48,OUT049,1298.7186444298493
FDS43,OUT013,2828.015219689822
NCN05,OUT013,2684.9413212321115
NCL53,OUT049,2640.515749214707
FDL56,OUT046,1215.557983423177
FDH17,OUT018,1157.1674078637946
FDP37,OUT046,1715.0652778489296
FDG09,OUT019,402.95960710048007
FDA55,OUT045,3277.769302692281
FDX31,OUT049,3547.0979457700073
FDJ41,OUT045,3796.403217052477
DRC24,OUT045,2264.1882161954077
FDQ21,OUT035,1783.495124895098
NCT54,OUT045,1253.6767210861722
FDH08,OUT049,3562.7439805027575
FDY38,OUT018,2978.451985255499
DRM11,OUT010,475.14363310630785
FDG32,OUT049,3283.8269873898485
NCH18,OUT046,3492.342474310817
FDI20,OUT035,3386.7748384762467
FDA33,OUT018,1984.5539629068062
FDN45,OUT013,3305.7183141886294
FDT45,OUT010,135.0814631737581
FDR32,OUT035,3601.0387962043096
FDA48,OUT017,3325.358501808916
FDN23,OUT017,2237.266748873819
NCR18,OUT035,621.9444584498353
FDD45,OUT046,1355.8169347443838
FDI22,OUT018,2669.749500294693
FDT09,OUT013,1911.0223632056468
DRC24,OUT027,3840.955127684396
FDT39,OUT046,2143.1499672717214
FDX28,OUT045,1347.2887035287933
FDA50,OUT018,1127.0619284747015
FDT33,OUT027,4201.113363469505
FDQ60,OUT049,1711.9339323567099
NCM19,OUT018,1491.2821962840958
FDF40,OUT046,3633.6773885424136
NCI30,OUT035,3618.145390103057
FDK34,OUT049,3597.134954574996
FDA38,OUT027,5625.612067936966
FDT02,OUT045,508.38593975494854
FDC11,OUT017,1245.0868935846188
FDD08,OUT046,598.2316686076128
NCS29,OUT046,3704.1106539410703
DRI03,OUT010,376.95316806767016
FDK48,OUT035,1087.3953846977547
FDM52,OUT049,2289.9544490691665
FDP49,OUT035,802.483049208772
DRA24,OUT046,2389.3977959598365
NCJ43,OUT049,2574.589392550966
FDE11,OUT045,2771.972751838021
FDP01,OUT049,2037.3223189269077
FDQ59,OUT018,1069.148363159127
FDA43,OUT019,413.7758769261573
FDL14,OUT017,2242.6087193929134
FDV50,OUT010,239.54261542537273
FDT01,OUT027,5087.056810452734
NCC42,OUT035,2025.3155712789555
FDO28,OUT046,1621.9806507089554
FDD32,OUT019,170.10231547708548
FDV45,OUT035,3110.8428223376745
NCW17,OUT019,289.726143967939
NCJ17,OUT027,2090.7442155452513
NCF18,OUT049,2840.901508017863
FDP01,OUT045,1813.127443232138
FDH24,OUT045,2167.1965177583597
FDI38,OUT027,5259.110558433127
FDX03,OUT035,638.2535543565335
FDY28,OUT046,3104.862092851742
FDN34,OUT018,2333.2397516236247
FDJ02,OUT045,2141.3832602448383
FDW40,OUT019,271.3838867645133
FDX03,OUT017,606.3415012478663
FDE17,OUT027,3724.537591909511
FDT58,OUT046,2397.774127456364
FDI38,OUT013,3238.536952980096
FDW22,OUT035,3471.600645361726
FDS15,OUT027,2545.836674778329
NCX06,OUT013,2819.6603389176203
DRK47,OUT035,3687.029222214248
FDC23,OUT027,4451.2015977413885
FDM56,OUT010,211.52812060813423
FDP21,OUT046,2867.9554197410685
FDP58,OUT046,3092.1736466541734
FDA27,OUT019,530.5355121340642
FDK41,OUT019,165.475799854957
NCH42,OUT046,3394.430950531949
FDG29,OUT045,578.2856504899606
FDW15,OUT018,1969.925413805237
FDD28,OUT018,648.9895261176027
FDQ37,OUT049,2745.392759956185
FDC23,OUT035,2890.7433309613534
FDV13,OUT035,1422.9489649681564
FDK33,OUT046,3146.3694600937583
FDO33,OUT013,1683.1256339644608
FDN21,OUT017,2242.6066285549496
NCW06,OUT027,4589.474931109719
FDI38,OUT035,3473.1950842964875
FDC21,OUT027,2428.5003191058454
NCS05,OUT046,1887.0713640619747
NCN53,OUT049,588.7369039838519
FDV40,OUT010,161.29464525812287
FDG60,OUT017,3371.3496187655255
NCY30,OUT027,4774.972634510662
FDM40,OUT045,1883.140761973253
NCO30,OUT046,2752.2408216210692
FDK10,OUT046,2693.7029202661333
FDM36,OUT045,2482.072393783491
FDN10,OUT013,1647.2240974792
FDM46,OUT018,1169.419637240478
FDX50,OUT049,1563.053518406367
FDP33,OUT045,3482.2484225617404
FDO12,OUT045,2757.370759168482
FDC28,OUT013,1562.8826868220756
FDO31,OUT045,1094.408949367708
FDX45,OUT035,2318.3809796802498
FDV21,OUT049,1838.651551031541
FDH04,OUT049,1226.7786632178231
NCG54,OUT013,2564.3512238156454
FDO13,OUT046,2082.659807496363
FDA09,OUT027,4407.461184635655
FDC38,OUT017,1861.0748338793023
NCO42,OUT046,2020.319595069219
FDL45,OUT049,1875.1168608244861
NCK31,OUT013,716.6433450532612
FDM39,OUT017,2576.636339018022
FDC22,OUT010,381.51822962418515
FDF46,OUT046,1658.3270844025028
FDQ37,OUT045,2561.8976445002922
FDH41,OUT010,467.3461562306615
FDQ04,OUT046,585.1235196929601
NCQ02,OUT027,4676.6687740732405
FDJ57,OUT027,4609.705866063728
NCE07,OUT049,1938.9505893674566
FDE56,OUT013,872.2131151037268
FDI20,OUT049,3211.3143973408264
FDK36,OUT018,581.035714259309
FDP08,OUT027,4974.744223342608
FDF44,OUT017,1913.4904515001317
NCU53,OUT017,2447.6200024515965
FDF47,OUT035,2884.5506858901845
FDS55,OUT010,286.14843850596014
FDZ52,OUT010,225.65868317028267
FDL04,OUT018,1247.0417760113478
NCM26,OUT035,2358.069348638979
FDX43,OUT049,2401.736917135021
FDP52,OUT049,3446.719323607435
DRK49,OUT045,580.3010728588997
FDE38,OUT013,2444.4813315378387
DRF13,OUT035,2416.856708125498
FDK41,OUT010,164.87549110702471
FDJ04,OUT027,2796.4612551840355
FDZ44,OUT018,1332.8570558739154
FDS11,OUT013,3284.3954824435955
FDA55,OUT049,3438.002106039957
NCW53,OUT046,2785.645744008825
FDB49,OUT027,2286.7356389604493
FDD23,OUT017,2912.0391844594556
NCV42,OUT045,1505.966198669808
NCZ29,OUT018,1539.7294081618982
FDQ26,OUT013,762.1758168000146
FDV08,OUT017,579.3741168428745
FDC53,OUT049,1367.1960415595343
FDV58,OUT010,380.2866500430938
NCP02,OUT019,146.0111386366427
DRI37,OUT045,778.8772056604224
FDQ12,OUT049,3600.6585599998402
FDE33,OUT046,1108.4368185773635
FDX27,OUT045,1240.9175298159178
FDM22,OUT017,726.6606300468691
NCH30,OUT019,235.14479722495278
FDC04,OUT017,3511.2665527176396
FDO38,OUT046,1144.7088960220149
FDV52,OUT027,2636.6319845085413
FDB32,OUT013,1362.5849905485798
FDV43,OUT018,538.6027549570193
FDI24,OUT018,2273.034842006966
FDR40,OUT017,1218.046638290508
FDW02,OUT049,1930.1095560013803
FDE44,OUT049,702.4735870156288
FDL38,OUT046,1309.753006246341
NCT54,OUT010,176.72384096833338
DRJ39,OUT010,468.41434654009987
FDW55,OUT049,3789.431816080785
DRF13,OUT019,280.0293426939541
NCW17,OUT049,1933.6912382281355
FDP13,OUT035,644.3878880398097
FDS08,OUT018,2239.0739208170653
NCP17,OUT035,947.3352565147934
NCO53,OUT035,2876.725012091329
FDH19,OUT045,2525.409795686394
FDJ04,OUT017,1683.6375012693247
FDG10,OUT049,774.885583192012
FDA40,OUT010,168.48138091775664
FDI53,OUT045,2208.956945953412
FDU09,OUT010,162.05415449246132
FDK60,OUT045,1362.3871439054763
FDR43,OUT017,513.0676245632845
FDW22,OUT017,3165.4860064956174
DRP47,OUT010,439.388734947468
DRG48,OUT010,323.292329766489
FDA14,OUT035,2256.2119729956567
FDU49,OUT013,1278.1475130642657
FDK28,OUT045,3478.57052126251
FDT19,OUT046,2630.052918239321
NCQ42,OUT045,1746.7795887254233
FDD03,OUT045,3365.5857801273523
NCM53,OUT013,1463.6838856698018
NCX53,OUT045,1879.644816139804
FDV14,OUT027,2078.223335903511
NCZ54,OUT017,2397.596408826412
FDB39,OUT013,741.6089111916846
DRC24,OUT046,2281.9805530192334
FDY36,OUT013,1020.3099489105033
FDN01,OUT035,2672.3207725929105
DRH25,OUT046,742.8538861269625
FDV08,OUT046,609.3186498176333
NCP53,OUT049,3550.0421811927026
FDU52,OUT010,289.27045469828533
NCI42,OUT045,2903.600569430967
FDZ14,OUT035,1948.2052208637076
FDF11,OUT046,3514.973861688238
FDQ13,OUT018,1009.6810647672141
FDO32,OUT010,106.39514004603491
DRJ37,OUT018,1938.2526100595342
FDY43,OUT046,2395.7267955757375
NCT41,OUT017,2160.898387400898
NCV17,OUT045,1867.4534651142521
FDM04,OUT027,1294.158143490238
DRB48,OUT018,377.61749129243094
FDM24,OUT013,2189.1305784032897
FDT37,OUT049,3764.994966735281
NCO05,OUT010,204.5963006426307
FDL13,OUT046,3399.3845616101057
FDL15,OUT017,2154.3865157857704
FDB11,OUT018,2824.2866642683816
FDL14,OUT019,322.4657340963457
FDY10,OUT019,244.46537013477425
FDJ40,OUT049,1598.1410029917056
NCW18,OUT046,3416.588860920161
NCY06,OUT013,1882.0862871691772
DRE13,OUT018,1034.9692569482877
FDA26,OUT045,2966.7152052641795
NCE19,OUT010,126.35293173916328
FDE33,OUT035,1197.3719712542143
DRL59,OUT027,1272.433558631788
FDY07,OUT046,674.8823057971214
FDF57,OUT018,2277.5402696950946
FDM58,OUT035,1724.1164754201116
FDP26,OUT027,2284.3937664021423
FDY32,OUT046,2311.258869533171
FDD51,OUT010,97.83056267797542
FDU22,OUT018,1539.721219780987
FDZ49,OUT018,2896.2163544629925
NCI42,OUT017,3185.699108875514
FDT04,OUT027,954.0443362165313
NCU41,OUT045,2714.4294090163144
FDS56,OUT045,3477.136091722319
NCN42,OUT017,2233.6515477171765
FDK34,OUT046,3522.7370028090363
FDB03,OUT017,3461.196348942486
DRJ25,OUT035,735.1674982589266
FDT25,OUT027,3063.306899715137
FDN20,OUT013,2578.9888711649373
FDP09,OUT013,3185.095979978742
FDM20,OUT019,466.87565507301065
NCG55,OUT046,1694.1146732068514
NCP14,OUT045,1424.3890852422726
NCH06,OUT046,3412.477793336157
FDV52,OUT013,1607.347382376344
NCL07,OUT035,627.9622745196993
DRJ11,OUT027,4542.222322412921
DRO59,OUT013,990.0941851690919
FDW15,OUT010,339.75906326204284
NCQ30,OUT035,1835.8887289231466
NCN54,OUT019,164.88534811930265
FDY01,OUT027,2695.1114961475505
FDX39,OUT035,3423.463919472305
FDH53,OUT027,2188.0019911073978
FDA57,OUT035,611.299262128701
NCC07,OUT010,224.4354451222644
FDU28,OUT013,2767.7499208040904
FDK36,OUT010,101.9466458752789
FDR36,OUT018,434.35848158004126
NCQ17,OUT035,2312.115535148332
FDS28,OUT019,142.44006134808532
FDE08,OUT045,2122.3248224170593
FDU22,OUT046,1777.8948710160382
FDG41,OUT045,1457.8841772282467
FDO31,OUT010,166.91171898102303
FDM21,OUT019,500.3315229981152
FDU40,OUT017,2318.0047411283876
FDV36,OUT018,1613.6044810579297
FDT10,OUT027,1421.686757231814
FDX38,OUT045,653.4422080296264
NCU30,OUT027,4042.9479500240436
NCV06,OUT049,2882.722657482452
FDT16,OUT035,3783.757997502253
NCP41,OUT027,2340.809897580754
FDZ56,OUT017,2618.9462917552573
FDC22,OUT035,3011.6169227844
FDU10,OUT035,613.6764327255388
FDS46,OUT045,1616.3863495821718
FDO08,OUT049,2323.676394220536
NCV42,OUT018,1304.0703453508556
FDP33,OUT035,3670.5566318331466
FDJ12,OUT046,3148.5645726413964
FDH04,OUT045,1179.1308084287214
NCU54,OUT013,3127.2672749485587
FDO36,OUT010,385.0715049483117
FDT37,OUT027,5929.171224436216
FDD14,OUT010,456.9777780573618
FDA16,OUT013,3225.1147869241704
NCS42,OUT019,204.2472628149931
FDP10,OUT019,202.96087643058604
FDQ28,OUT049,2254.894109831383
FDK57,OUT010,245.84762496816725
FDK02,OUT013,1676.6763550738892
FDW47,OUT018,1564.8154234543254
NCC42,OUT018,1634.260000754354
FDQ37,OUT018,2381.7372982466613
FDL40,OUT046,1351.0631482357126
DRE13,OUT010,184.21087551684897
FDQ34,OUT027,2337.6171933498536
NCB54,OUT046,1776.797261563702
FDS48,OUT049,2182.9577504265335
FDO15,OUT045,958.8588266443719
NCT30,OUT013,671.0826387409107
FDU49,OUT027,2266.541006063406
FDE21,OUT046,1735.9744328479956
FDS49,OUT019,187.91907859778954
FDT38,OUT027,2183.6513019132626
FDZ01,OUT045,1417.6889978351567
FDC41,OUT035,1115.970428188022
DRG13,OUT010,327.9967769649272
NCZ42,OUT018,2744.5356110509697
NCM07,OUT045,1162.6844664770563
NCV17,OUT018,1695.6275406841717
DRK39,OUT035,1279.557977742412
FDS37,OUT018,1402.8757381651187
FDV12,OUT019,207.34067120361783
NCG19,OUT018,2919.6479949662494
FDS51,OUT013,911.2295011874697
NCO14,OUT046,575.5292518871765
FDC38,OUT046,1851.2821362607058
FDN15,OUT046,1887.58272669703
NCH42,OUT013,3379.4349751081727
FDQ22,OUT046,532.3935687580232
FDC05,OUT013,2870.792659681731
FDZ31,OUT013,2896.172455915049
DRJ23,OUT049,2913.5873037022525
FDC52,OUT035,2225.6530912994194
DRD12,OUT010,187.82877442917032
FDV55,OUT017,2245.454032983928
FDD32,OUT046,1175.9470127874833
FDR01,OUT049,3110.948455548707
FDY08,OUT019,312.3158685827807
FDQ45,OUT045,2671.9378821312025
DRN11,OUT027,3704.4990116448344
NCS05,OUT018,1672.4303261662983
FDY32,OUT035,2406.279798237927
NCD31,OUT045,2279.9679462612107
NCE06,OUT049,2250.258106865551
NCP14,OUT046,1473.8244152995921
NCF18,OUT019,417.8893893501435
FDF14,OUT018,1973.5317868345128
FDB22,OUT017,2197.786262716378
NCH54,OUT049,2299.2945886084194
FDU27,OUT035,710.320547269443
FDS58,OUT027,4065.131853993814
NCU29,OUT035,2396.7498414502647
FDJ57,OUT013,2997.1545124596205
FDL56,OUT049,1222.5699635643186
FDH60,OUT035,3027.773177563639
FDN24,OUT018,674.7969967395086
FDD02,OUT017,1823.6280407467125
FDP15,OUT017,3723.775527630943
FDB28,OUT027,4587.007538379857
DRC49,OUT045,2138.762143767856
NCG30,OUT018,1508.9282041315414
FDJ14,OUT049,1128.2760263568923
FDL52,OUT045,532.9811612857509
NCG19,OUT027,5570.103156656069
NCN41,OUT035,1862.7701830812405
FDW22,OUT013,3258.4656033054976
FDI02,OUT013,1628.689114224404
FDV51,OUT045,2301.072989201397
FDV48,OUT046,1122.778145353827
NCL17,OUT019,287.714309534821
FDP46,OUT045,1229.8004779761532
FDU10,OUT045,548.4739877181064
FDT37,OUT010,525.3818327572545
FDI27,OUT035,685.7110700222994
FDN51,OUT046,3810.404986695858
FDW07,OUT035,1290.478332978346
FDN45,OUT049,3298.487369014429
DRN37,OUT027,3944.221148071714
DRF48,OUT049,2751.9792589350186
FDP38,OUT019,128.88293678071904
NCX18,OUT027,4574.401057030718
FDK45,OUT018,1417.9016958507145
FDZ37,OUT049,1249.2139928663446
FDS50,OUT018,2862.7953093326632
NCR54,OUT018,2419.6226201202326
NCS17,OUT035,1471.1794654011128
FDV31,OUT046,2498.3255253674424
DRE27,OUT017,1295.057851708946
FDN60,OUT013,2367.5287390970025
FDK26,OUT013,2906.4125421481917
FDX37,OUT018,1307.7732855874185
FDW31,OUT046,2786.109694366417
FDX26,OUT018,2464.436957121376
DRL49,OUT019,240.1933933830452
FDU49,OUT017,1266.5219449970655
FDY58,OUT046,3429.825338905049
FDN03,OUT045,3483.8443041176965
NCV06,OUT010,428.55097650891184
FDH53,OUT045,1149.033016095683
FDG31,OUT018,805.432743054927
NCC06,OUT045,1856.9448230270127
FDS13,OUT049,3617.543236989577
FDP16,OUT035,3673.620236298611
FDA35,OUT013,1854.6642559194947
DRP47,OUT018,3056.734780058076
FDY28,OUT010,446.24842287083106
FDY20,OUT035,1358.9164597791676
NCH30,OUT017,1614.0700869310665
NCR29,OUT019,151.98365522743188
NCP05,OUT013,2244.9997006022304
NCF30,OUT019,232.13318328327156
FDA08,OUT035,2482.4373863569913
FDN51,OUT027,5819.261494661177
FDH12,OUT046,1466.4946338261277
FDY39,OUT017,2974.748777062103
NCO53,OUT045,2615.272656817384
FDB40,OUT046,2360.6693998626006
FDH02,OUT049,1269.5795237773336
FDY11,OUT027,1650.6813328798748
FDQ09,OUT019,243.64931993309986
FDP16,OUT013,3480.6849891980532
NCF55,OUT018,348.6517132712456
FDY09,OUT027,4136.288060472238
FDY39,OUT045,2879.487316662151
NCU53,OUT049,2350.310779914434
NCT41,OUT049,2167.0022509848686
FDJ45,OUT046,617.3241236994463
FDR28,OUT013,2435.978856192998
FDN08,OUT013,1663.524470696662
FDJ07,OUT049,1678.5830184197916
FDZ09,OUT027,4071.2208468196154
FDQ14,OUT017,2111.7933684607156
FDY12,OUT027,1179.3505600770782
FDK57,OUT046,1845.788874565759
FDD20,OUT049,1887.8424953838405
FDS36,OUT018,1464.8201409626784
FDI40,OUT049,1477.9000656572462
FDJ40,OUT045,1535.1608105979028
FDE08,OUT013,2176.7348874601207
DRK01,OUT013,1365.5327648349312
FDC58,OUT049,602.4803526699161
FDE50,OUT046,2922.4784878532323
FDX48,OUT035,2201.872851897917
DRM35,OUT018,2302.8915442555
FDG41,OUT013,1489.269839309011
FDB52,OUT046,3599.3135713385764
FDV19,OUT045,2320.9993591831426
DRG48,OUT017,2173.246798348537
FDI26,OUT013,2677.235171223364
FDU11,OUT019,256.0218356072525
FDF59,OUT019,233.69698030671208
FDR07,OUT049,1200.011811957281
NCE06,OUT017,2231.037530109248
FDE10,OUT046,1837.936519824663
NCO55,OUT046,1523.0694085242462
FDZ13,OUT013,684.380302409169
FDT50,OUT017,1357.3245073092248
FDH12,OUT010,194.01961541497377
FDD21,OUT045,1661.7847122282615
NCM05,OUT013,3621.9783565780917
FDK04,OUT013,810.3762069962486
FDN33,OUT017,1345.291389074963
NCM18,OUT010,164.70350649526122
DRC25,OUT049,1232.542728916667
FDT47,OUT017,1504.2386795657055
FDD45,OUT027,2482.9776852177574
NCD07,OUT018,1331.2160577750126
NCY54,OUT010,481.18725383245965
FDL12,OUT049,874.6972576405282
FDL02,OUT017,1528.0612530110966
FDC60,OUT035,1249.731579262686
FDR37,OUT017,2832.6445202950267
FDY16,OUT017,2848.434586007524
FDU26,OUT045,1611.4191710574585
FDN24,OUT013,739.430526694084
FDH44,OUT013,2193.5639480095488
FDE23,OUT010,90.207345092671
FDW60,OUT017,2656.2584325217267
FDQ55,OUT049,1716.0200198657624
FDV32,OUT027,1626.3288488072835
FDV03,OUT010,350.6910930503645
FDY14,OUT010,515.3670467474074
NCL55,OUT027,5923.531494394165
DRF25,OUT017,600.1250805312171
FDX03,OUT046,614.0380488533517
FDF40,OUT045,3377.0285798860336
FDX24,OUT010,197.23138574595922
FDA25,OUT049,1527.5890062944322
FDH21,OUT018,2089.4452121258178
FDB47,OUT010,470.43674058576545
FDT34,OUT019,238.38852434187945
FDS39,OUT010,289.7470053527211
NCU05,OUT046,1107.942830845844
FDE02,OUT049,1395.9744514964957
FDL25,OUT035,1216.8757271163254
FDC50,OUT049,1412.1421486143222
FDZ32,OUT049,1455.9477498928316
FDV14,OUT045,1099.5322647487997
FDR07,OUT045,1126.0580715100452
FDB26,OUT049,767.9212686007833
NCR50,OUT045,2154.4595319714895
FDP01,OUT018,1705.5026677699746
FDH57,OUT045,1815.5191197727338
FDM60,OUT027,963.1946173211006
FDA45,OUT017,2225.904294139458
FDU55,OUT017,3650.1348369913917
FDH40,OUT035,1262.6557678144238
FDG40,OUT019,59.55399720003726
FDT12,OUT049,3340.147551166891
DRL59,OUT045,739.663216573009
FDT47,OUT018,1391.5237347421075
FDI60,OUT017,960.8156159946675
DRF51,OUT027,856.7270178333005
NCK31,OUT049,698.4649806187905
FDB08,OUT045,2225.547230185395
FDM44,OUT035,1552.0843828511493
FDD46,OUT018,1856.2775014729928
FDR27,OUT019,276.97197607370333
FDV56,OUT010,215.84044803352072
FDM02,OUT049,1219.048013992206
FDU45,OUT018,1494.0825834127716
FDZ10,OUT017,1864.1045657227583
NCK31,OUT010,119.2629237048024
FDR27,OUT035,2000.8866567433631
FDF33,OUT013,1584.5503447998258
FDJ36,OUT046,1473.1788359790069
FDP33,OUT049,3608.653513050148
FDG17,OUT046,3363.289480294833
FDG47,OUT027,5757.088308335007
NCW29,OUT046,1850.9951876235511
DRH59,OUT017,984.0882318820038
FDR32,OUT017,3445.129133591158
FDP48,OUT035,3141.5649019744537
FDG17,OUT035,3511.1773632336626
DRJ59,OUT017,568.1230596598966
FDY48,OUT027,2388.7103052181874
FDB02,OUT046,2614.221543517024
FDN10,OUT019,235.14725289385038
NCD55,OUT035,622.0324502165837
FDX34,OUT013,1831.0860860937278
FDZ38,OUT045,2618.6517593080935
DRF37,OUT049,3853.9367574978933
DRL47,OUT019,218.3373959872643
FDL27,OUT035,1055.775590644933
NCP53,OUT035,3745.701251929622
FDT03,OUT019,407.61352243792413
FDJ28,OUT035,3142.4938838039006
FDF40,OUT018,2911.8448568381496
FDA32,OUT035,3354.486937216931
NCP02,OUT017,789.3420772255876
FDZ31,OUT045,2770.5407666896112
NCQ29,OUT013,3802.0446559914044
FDP57,OUT010,213.19921647759256
FDL32,OUT027,2750.3137463787602
DRB01,OUT035,2903.54367684893
FDJ40,OUT046,1542.199497774541
FDO24,OUT018,2041.6429425209863
FDO11,OUT018,2952.4885280716016
FDA56,OUT035,1949.968880326797
FDF02,OUT045,1452.0963497525763
FDA10,OUT013,1734.1955444728387
NCI55,OUT017,1874.4377398512665
FDZ40,OUT010,141.51591064498194
FDV08,OUT049,599.7889624262643
FDN48,OUT013,1273.7730402741827
FDU57,OUT017,2178.5048355194504
DRF49,OUT013,1645.0970796803524
FDS02,OUT035,3003.4110284083754
FDS43,OUT046,2790.2681303192016
FDT16,OUT013,3707.9782021633587
FDX19,OUT027,5881.038493643223
FDK15,OUT046,1415.720481677633
DRA12,OUT049,1980.7420056742008
FDY35,OUT017,719.4295503496628
NCU42,OUT013,2564.0892420686987
FDD26,OUT013,2878.0398722853593
FDR11,OUT018,2198.0163682846364
NCP53,OUT045,3422.667341191488
FDP34,OUT045,2283.4536613414607
NCV41,OUT019,253.0947750087559
FDN20,OUT018,2227.890776163632
FDZ16,OUT018,2394.0846865469694
FDZ28,OUT049,1808.244259780016
NCL55,OUT013,3786.001978799429
NCJ17,OUT046,1202.8932804614296
FDT37,OUT046,3693.6815594044956
FDV51,OUT049,2482.574040325497
FDZ28,OUT035,1916.456517502844
FDN27,OUT013,1468.9574627175768
FDS14,OUT019,303.34986753580785
FDZ58,OUT045,1758.4608696212192
FDD46,OUT046,2212.4640288172254
FDJ03,OUT035,714.1673363355522
FDU03,OUT010,418.7118777914763
FDA33,OUT027,3830.284442588741
NCW53,OUT035,2979.8661138407247
NCC55,OUT017,521.4707167595201
FDP52,OUT019,476.98130700434933
FDE39,OUT049,1839.92444125933
FDB44,OUT035,3314.193774346091
FDG59,OUT013,533.8481513020674
FDI05,OUT013,1013.2229959410392
FDF59,OUT045,1755.745601116114
FDM39,OUT019,372.1864559195104
FDB14,OUT013,1300.074694133638
NCS05,OUT019,309.9478402214785
DRJ35,OUT045,840.809130244608
FDO31,OUT019,177.90394261227303
FDA31,OUT046,2537.5178776149933
FDX40,OUT049,595.3302437349952
FDW56,OUT045,2749.050671749073
FDH09,OUT018,592.2736785579383
FDA52,OUT019,340.87633797435683
FDF20,OUT019,415.00785024497344
FDE40,OUT046,845.319627793591
NCU17,OUT046,1520.471319016645
NCP14,OUT035,1586.3680237081244
FDN25,OUT027,1351.2780957907607
FDU39,OUT049,810.208970063084
NCM05,OUT017,3656.6926095669246
FDU07,OUT017,2158.7322435211618
FDF28,OUT049,1880.3777829949831
FDR57,OUT049,2321.4147673658376
FDJ33,OUT013,1856.7942109998323
DRH23,OUT035,848.6973488468034
FDQ52,OUT046,3560.0864591501254
DRK13,OUT035,3014.8731245131835
FDP09,OUT046,3148.1086008615466
FDR08,OUT027,2652.439163414713
FDV50,OUT045,1686.5458802669161
FDT13,OUT049,2984.0397809477176
FDJ27,OUT027,2437.885799178775
FDH21,OUT046,2425.361559351057
FDW14,OUT027,2237.9356279913604
FDL52,OUT049,598.3556042068609
FDW28,OUT017,2795.248919240177
FDL40,OUT049,1347.0679934314162
FDE24,OUT046,2003.2492238616314
FDX35,OUT049,3455.0189478409793
FDP46,OUT017,1252.0839425684517
FDX56,OUT045,2996.395964812703
FDQ45,OUT049,2738.9174639437524
FDK50,OUT027,4037.476118482468
FDY26,OUT045,2839.116008819142
FDQ09,OUT017,1682.5843480889935
FDN39,OUT049,2514.337493102957
FDP13,OUT017,622.5738240678653
FDR51,OUT013,2229.398315678565
FDZ49,OUT010,462.349690445533
FDL28,OUT018,2687.7997443470904
FDZ10,OUT035,1980.3942523405738
FDK38,OUT013,2180.1037483764185
DRL49,OUT027,3251.9465119177435
FDR15,OUT013,2193.5881350064064
FDQ24,OUT035,3897.2116363636137
FDD56,OUT013,2629.234350297452
NCR42,OUT046,372.1156823991094
FDH52,OUT045,931.135557152219
FDH57,OUT019,250.83839080479507
FDR15,OUT010,341.0598560481505
FDJ34,OUT035,1929.7314649518385
FDW37,OUT035,1402.4152024817
FDQ23,OUT018,1309.5519075113593
FDP34,OUT013,2377.39420858538
FDE04,OUT027,4570.321004872992
FDC48,OUT045,1121.4772519818766
FDA47,OUT019,331.76090951734506
FDI35,OUT018,2369.4247448021315
NCV05,OUT013,2197.72065215452
FDR28,OUT045,2355.32476401038
FDH31,OUT017,1404.9524569607208
FDP59,OUT019,218.5663413443298
FDS19,OUT018,915.2580288741791
FDM60,OUT045,597.8064008668308
FDJ44,OUT018,2344.002161439132
DRH51,OUT017,1169.961248968354
DRC25,OUT017,1227.3750083591187
DRE25,OUT013,1356.4276138935425
NCX05,OUT049,1645.1900321009548
FDR11,OUT017,2371.0224241444594
DRP47,OUT045,3514.335538835026
DRC49,OUT019,276.02855026882503
FDQ47,OUT027,924.9139021372814
FDL20,OUT013,1599.0474872343575
FDM34,OUT035,1937.5653969026796
NCN55,OUT013,3548.9442235873726
FDD41,OUT035,1575.045269002939
FDE52,OUT049,1265.8660152698974
NCT18,OUT019,365.41080815468905
FDJ32,OUT018,699.0848013539472
FDE16,OUT046,3135.8339145326704
FDZ09,OUT045,2312.207154975314
DRZ11,OUT046,1806.1724431771495
FDK41,OUT049,1225.739342882373
FDE56,OUT049,891.4735759958156
FDH34,OUT013,2879.8895903306475
DRI49,OUT013,1157.5503031801502
DRI59,OUT046,3262.8809915334
DRC36,OUT049,2685.360013535452
FDS15,OUT019,245.0048020442431
FDI07,OUT018,2540.4372078808547
FDZ15,OUT018,1541.4615811333947
NCX41,OUT027,5207.074017963149
NCO29,OUT019,350.0817577684345
FDF57,OUT013,2504.1400589676396
FDI33,OUT035,1405.5705890504532
DRJ47,OUT049,2640.301554373768
FDB34,OUT046,1240.771881217134
FDY22,OUT027,3445.9710952822397
DRL11,OUT017,2389.40274022256
FDY46,OUT035,3020.60623898946
FDG17,OUT013,3383.595720455814
FDE52,OUT018,1159.093243375587
DRP47,OUT027,5663.491050635312
FDO01,OUT010,228.3612437697017
FDL09,OUT046,2403.137445079222
FDR57,OUT013,2329.954168718294
DRD37,OUT035,725.6294253624998
FDQ36,OUT027,967.9672075709883
FDL33,OUT049,2800.5465509387
FDL48,OUT045,684.1942427094928
FDL28,OUT049,3347.922909218086
NCN29,OUT046,685.0984195629926
FDO13,OUT035,2353.5899916009016
FDB38,OUT045,2335.3677822690966
FDI36,OUT035,3074.4405875946277
FDI58,OUT035,1388.471703140681
FDH22,OUT018,1589.8852871646172
FDQ27,OUT013,1574.1699090056443
FDT33,OUT046,2398.586157264975
FDC56,OUT045,1629.8441831310035
FDF14,OUT046,2216.4610135212574
FDQ39,OUT017,2917.261366677879
NCM43,OUT017,2455.0563707344527
FDS46,OUT035,1920.4122084329692
FDI22,OUT049,3190.9781479785547
NCE43,OUT045,2451.3640811658593
FDZ36,OUT010,412.0453610197616
FDR13,OUT019,222.9356684605712
FDP46,OUT018,1100.844208419031
FDW56,OUT019,403.33916331852345
FDB40,OUT017,2363.2408993659533
FDM28,OUT018,2092.9791026815387
FDV49,OUT013,3791.616413502009
NCS53,OUT018,2113.795756755615
FDO03,OUT049,3492.376797142278
FDT15,OUT035,3059.571767425727
FDD33,OUT049,3428.307718524308
FDX13,OUT017,3665.4783269952327
FDH60,OUT013,2857.7061935283696
DRH51,OUT046,1174.9696160930062
NCL07,OUT049,607.649359450537
FDW51,OUT045,3007.565477676433
FDF21,OUT019,399.20040045692053
FDH26,OUT019,275.4346652174826
FDJ03,OUT049,684.9356167320285
FDU35,OUT017,1405.0353475258637
DRL01,OUT018,2786.620810590339
FDE59,OUT045,554.4492495409993
FDI60,OUT035,952.5117683617033
DRH39,OUT035,1140.8168160735274
FDK36,OUT049,707.5496081228213
FDN52,OUT045,1179.399863712329
FDU12,OUT017,3815.4561601383557
NCT05,OUT027,5945.116381396736
FDS37,OUT027,2726.727637438355
FDK24,OUT017,680.0157181011215
DRF36,OUT013,2986.635162923338
FDN46,OUT010,188.93239621905326
NCN06,OUT045,2228.3304365518634
FDD59,OUT035,1232.7848878117595
FDM14,OUT045,1530.5886787056086
FDO10,OUT018,664.4079957278468
FDU35,OUT013,1417.1842318831675
NCA30,OUT018,2452.5312442532168
NCO41,OUT049,1462.9795579052245
FDI24,OUT046,2599.939506097227
FDZ16,OUT046,2843.801778481591
FDV47,OUT046,1230.3812112680232
FDV16,OUT045,489.0547430378718
FDZ22,OUT035,1283.6802189898485
FDO20,OUT010,548.4507867075149
FDW38,OUT013,772.0837438550909
FDW52,OUT045,2393.8920903079133
FDT43,OUT019,121.34797113434391
NCS29,OUT045,3673.5183447360005
NCC31,OUT017,2232.318938720025
FDA21,OUT017,2909.813694540975
FDQ55,OUT046,1719.8870557257314
NCE54,OUT049,1059.3856245547986
FDD45,OUT017,1359.4735650864172
NCP17,OUT017,956.1926227809033
FDR47,OUT035,3038.7209207062847
DRM35,OUT013,2627.44412973755
FDR47,OUT019,435.6360192439497
FDX19,OUT010,512.322056124541
FDV22,OUT027,3904.666863178283
FDQ46,OUT027,2564.923358119073
DRO47,OUT045,1521.478503563101
FDB44,OUT010,452.8345527314233
FDN02,OUT010,465.0653681239201
FDW10,OUT045,2154.245032479749
FDJ41,OUT019,574.0285993699499
FDM50,OUT046,789.0452592251327
FDW10,OUT035,2321.0212421710385
FDY48,OUT049,1517.4645080618684
NCE30,OUT027,5048.566242885806
FDO04,OUT045,781.0358685240839
FDQ26,OUT010,141.89710888831837
NCX29,OUT018,1906.2810562779664
FDE39,OUT046,1672.9533602459899
NCR54,OUT027,4608.930295250949
NCP55,OUT027,1368.9672934552395
FDX22,OUT017,3273.6144189086613
FDI05,OUT035,1105.420049108976
FDC51,OUT027,2983.4745481692885
FDC10,OUT013,1618.4706588518404
FDJ46,OUT045,2495.105019145754
FDV10,OUT010,74.84850867821277
FDX12,OUT027,5619.725677713752
FDL43,OUT019,178.44044396805802
DRB13,OUT046,2767.369898547284
FDF59,OUT027,2992.5323193368995
FDT35,OUT049,2462.6719370248798
NCJ19,OUT035,846.5884572941034
FDT35,OUT018,2095.920669722865
FDI48,OUT046,687.6428761225402
DRC24,OUT019,313.73902467368373
NCZ05,OUT017,1410.7398732720796
FDJ57,OUT049,2920.9803120936003
FDX11,OUT017,2881.029227843287
FDE09,OUT035,1651.601538825912
NCK06,OUT049,1794.6420673365185
DRE37,OUT017,2783.7727927184023
FDV56,OUT046,1470.9517752675933
FDY43,OUT017,2360.767950817041
FDV35,OUT013,2250.300387525475
FDF05,OUT019,531.7477692114849
FDA36,OUT035,2898.2693646175294
FDS13,OUT027,5872.172750730343
FDU47,OUT013,1994.130920671914
FDI36,OUT010,428.09645500119325
FDH48,OUT046,1214.0544588531045
FDZ14,OUT013,1825.3900417680247
FDS46,OUT013,1835.4630166744935
FDE21,OUT017,1753.5228762514118
FDA26,OUT049,3293.9711800476257
FDV12,OUT046,1446.9696280801593
FDL46,OUT019,204.28651374107622
FDN57,OUT013,1990.2794352173555
NCJ18,OUT017,1686.7104666592068
FDO36,OUT045,2529.6971273802874
FDX55,OUT018,2701.286382248227
FDT25,OUT019,251.83627736690744
FDD16,OUT049,957.8681116596929
NCX18,OUT013,2817.84964095995
NCG55,OUT018,1503.2456072798518
NCV18,OUT049,1239.3961439486552
NCS18,OUT035,1643.6746301644732
FDC37,OUT045,1456.78282634583
FDE47,OUT046,1850.7490172543244
DRG49,OUT019,487.80893662332545
FDC39,OUT049,3106.750708085801
FDH24,OUT019,329.011235080121
FDV39,OUT027,4610.414196638389
NCL17,OUT045,1992.067411616993
NCY53,OUT035,1768.2225817222995
FDH52,OUT013,938.8321049810629
NCD19,OUT018,632.5012632413705
FDI44,OUT046,1066.7135942682937
DRD49,OUT027,5417.125798369039
FDN08,OUT035,1764.25493023527
FDO20,OUT027,6188.36861239613
FDY02,OUT046,3748.0710692232187
FDX23,OUT045,1279.5862214465203
FDX01,OUT017,1700.3357034657822
FDH20,OUT027,2506.9030480319584
NCX41,OUT017,3126.632329849669
FDD21,OUT027,2891.4052196981365
DRH11,OUT019,135.48766629217036
DRE60,OUT018,2839.3730414450197
FDB10,OUT013,3388.200792007564
FDH38,OUT013,1649.9762432808004
NCL07,OUT018,386.10194511635376
FDD48,OUT046,1692.413587792658
NCT54,OUT027,2150.838865461844
FDF32,OUT027,4867.3269518336565
DRH51,OUT045,1156.0899648683342
DRG03,OUT035,2366.2994663071713
NCY42,OUT019,290.9807820568011
FDH32,OUT017,1410.6472579828608
NCJ06,OUT027,2988.294820950151
FDH47,OUT027,2273.796035559996
FDZ08,OUT018,976.0959417762099
FDK16,OUT017,1404.7732087575378
DRG01,OUT018,840.5812264034387
NCM53,OUT027,2421.9759726049083
NCB07,OUT035,2981.6911322408996
NCZ06,OUT035,3750.0740441495655
FDU48,OUT049,1770.411295910214
NCB55,OUT027,1417.99447675348
FDP15,OUT013,3718.009870274444
FDF17,OUT046,2914.1913416122184
NCN06,OUT049,2372.634423918701
DRM48,OUT018,406.9936946532413
FDH10,OUT046,2161.1427736203714
FDC60,OUT018,1049.2908929851333
FDE35,OUT018,649.698071591012
DRI23,OUT013,2382.5768539475903
NCR38,OUT013,3586.38444204299
FDP04,OUT035,980.1147368000954
NCW17,OUT045,1873.7838938710552
FDX34,OUT017,1812.2019179851613
NCK53,OUT045,1381.5727596832846
NCO54,OUT010,145.48877985189102
NCH55,OUT046,1811.9387636574663
FDT44,OUT027,2799.209536975288
DRG49,OUT046,3437.5223810985826
FDX46,OUT010,135.7315695553358
DRG36,OUT049,2617.8317306316144
FDU37,OUT049,1196.7461618966615
FDK10,OUT049,2707.8831610483044
DRF37,OUT027,5834.679068365406
FDC44,OUT035,1734.3299474209557
FDP15,OUT046,3693.0354650980025
FDZ27,OUT027,1174.4903609381354
FDY22,OUT019,291.94418636524193
DRG51,OUT035,2624.487639767721
FDN58,OUT045,3268.772685367991
FDW01,OUT049,2200.926086661731
FDX24,OUT018,1124.8371681096341
FDO51,OUT017,604.6809759987887
FDJ52,OUT027,3958.8143586579927
NCY06,OUT010,259.96258182728343
FDE20,OUT018,2202.8723944842495
FDT23,OUT010,164.24103341091163
FDQ51,OUT046,691.9104828068686
FDE35,OUT046,858.5797590491999
FDB46,OUT013,3141.2895553092762
NCG19,OUT035,3581.0205404175563
NCL06,OUT018,3075.264632460218
FDT36,OUT019,62.24305328600596
FDC56,OUT049,1834.9672645727942
FDJ26,OUT049,3218.855978147042
FDZ59,OUT017,2532.7883276480875
FDV11,OUT027,4284.587383678866
FDR13,OUT010,216.1820395846107
FDI15,OUT018,3075.476294770288
FDF47,OUT018,2511.423899256079
NCB54,OUT019,262.1361221929331
NCK19,OUT027,4663.285032126263
FDX16,OUT017,2181.5148278898014
FDL50,OUT045,1779.1240189097557
NCE31,OUT035,534.4162900368617
DRJ01,OUT049,2261.5662695429555
FDE22,OUT013,2261.0237368092476
FDY20,OUT019,173.3276926273166
NCO14,OUT045,569.6129057080077
NCR50,OUT017,2272.5901438176074
DRM47,OUT017,2915.613662166556
FDO27,OUT010,244.15998022546194
FDJ20,OUT027,3144.954171250197
NCX17,OUT013,2992.4239800801092
FDG59,OUT049,571.7250725397213
FDD52,OUT045,1436.6711044554595
FDO48,OUT017,3427.4094766553885
FDC59,OUT019,149.74030334881192
FDS15,OUT018,1327.1203487410721
FDB47,OUT035,3290.6215983275233
FDV14,OUT019,167.141870389959
FDB27,OUT013,2799.916615578361
FDA35,OUT035,1910.9744918015663
FDN51,OUT018,3172.3098923821167
FDO39,OUT019,404.1635860217652
FDB28,OUT049,2743.3732287968364
DRJ25,OUT046,696.1930713498999
FDH46,OUT027,2414.6983369398226
FDI10,OUT045,2513.432144174877
FDU21,OUT018,277.26609801739033
FDD09,OUT049,2781.5841050717813
FDD10,OUT046,2406.7985363985786
FDN31,OUT010,416.1297210074061
FDA46,OUT018,2532.515308192825
FDM56,OUT046,1470.6470880729282
FDF11,OUT010,534.648250026351
FDS32,OUT018,1563.1350043805498
NCM06,OUT013,2181.0121067855703
FDZ26,OUT045,3374.095448769362
FDO01,OUT013,1593.1286853095298
FDJ46,OUT049,2655.142260551437
FDG26,OUT019,527.5063026437701
FDZ38,OUT035,2923.7406397128366
NCO55,OUT013,1478.4601891828831
FDT60,OUT035,1874.9354715784466
FDW37,OUT049,1317.6501110167771
NCK42,OUT018,2524.2575487707422
FDA45,OUT046,2206.672885550704
FDW55,OUT018,3039.0317748935745
FDY44,OUT017,2968.7601806990892
FDQ31,OUT017,1188.63048896511
FDM09,OUT049,2512.714026550094
FDH12,OUT018,1198.714540597744
NCQ43,OUT035,1575.3345508319007
FDT33,OUT035,2605.135327680478
NCT41,OUT018,1949.218291354326
DRJ25,OUT010,127.95918623822067
NCQ41,OUT046,2893.827939450729
NCN17,OUT049,1444.4736316240949
DRO35,OUT027,2672.1056866430563
FDU27,OUT018,583.9344215768863
FDY43,OUT027,4023.663358660083
FDG46,OUT035,1803.519304749006
DRL49,OUT018,1617.232328005652
NCB55,OUT049,810.9637950613121
FDK28,OUT049,3640.1688968034346
FDO49,OUT045,615.1335737091039
FDT03,OUT013,2173.5902891599876
FDW33,OUT027,2413.5720004565624
FDR02,OUT035,1786.9035410818117
FDF50,OUT013,2921.818921637126
FDA40,OUT018,1007.8793526502598
NCT53,OUT018,2046.8036267255322
FDY60,OUT035,2088.5577980824737
FDP44,OUT027,2514.3684040161606
NCQ50,OUT045,3058.843358388232
NCC30,OUT017,2636.424997735048
FDQ60,OUT018,1241.208427819113
FDG41,OUT046,1505.497664607638
FDQ03,OUT046,3445.7854366541033
FDM03,OUT045,1460.3753889902255
FDZ51,OUT018,1145.1160109853338
DRF51,OUT035,602.2873985685135
FDF39,OUT017,3759.9628809982364
FDW52,OUT035,2567.685851978304
FDY22,OUT049,2202.3917817106367
FDG14,OUT013,2239.9485582966686
FDA57,OUT017,580.6573941503359
FDL45,OUT019,257.57203978001263
FDX28,OUT046,1371.441466579759
NCQ54,OUT013,2591.592950677799
FDH40,OUT045,1066.6553769225254
FDU52,OUT035,2369.7007065373314
FDT60,OUT010,232.47726760540297
FDK08,OUT045,1326.605984588615
FDN04,OUT049,2589.730387062834
FDE50,OUT013,2936.9998343047546
FDI16,OUT049,714.6763264854012
FDM50,OUT049,886.6782180874308
NCV30,OUT049,917.6808107827326
FDT44,OUT013,1665.1524603218174
FDY60,OUT013,2227.460954621578
FDT56,OUT017,814.7122118763967
FDV58,OUT018,2149.0070638980624
FDU04,OUT013,1811.9032578137371
NCN05,OUT027,4591.339016182644
FDI53,OUT018,1924.6442917264812
FDD34,OUT046,2362.829358114313
FDW47,OUT027,2983.188512706832
FDT51,OUT027,2484.6375694885137
FDO27,OUT013,1389.1966423286517
NCQ18,OUT018,1338.7789255504638
NCW05,OUT013,1548.6364965764765
FDI15,OUT010,497.6540386285477
NCH43,OUT010,442.3883804654662
FDT40,OUT049,1773.4383712949168
NCG19,OUT017,3383.8316531964915
NCM30,OUT035,583.4468002082058
FDB38,OUT017,2367.8239571100366
FDB22,OUT046,2180.19696021502
FDC58,OUT046,600.001059455495
NCI29,OUT013,1939.7009714743147
FDA23,OUT010,210.1597284544582
DRG48,OUT013,2112.0970722222237
FDV21,OUT013,1838.6514005079491
NCG18,OUT019,216.6358598083981
FDG40,OUT045,498.15326351690834
FDU24,OUT018,1188.3581128077317
FDA22,OUT049,2488.2546625471273
FDY35,OUT046,715.5355867715066
FDJ15,OUT045,2807.3487992095693
NCW18,OUT018,2846.8220441249123
FDK56,OUT018,2475.5095980631577
FDF44,OUT046,1885.0736550628176
FDP51,OUT049,1769.3653688814118
FDU22,OUT027,2661.889358097596
FDM28,OUT017,2598.152128317198
NCL42,OUT046,3306.0444013574934
FDJ15,OUT019,414.2035248489073
FDI32,OUT018,1485.7726894158782
DRL11,OUT046,2356.8937549246707
DRO59,OUT018,814.9452182342327
FDA07,OUT019,237.02226505076504
NCO53,OUT013,2736.170721623421
FDO21,OUT045,3074.2341644838493
FDW39,OUT045,2470.5844925322176
NCV17,OUT013,1926.6945899199775
FDE22,OUT046,2265.450964893065
NCB06,OUT018,2158.63212816012
DRF48,OUT017,2740.9133298992506
FDB05,OUT013,3487.014502577326
FDP28,OUT027,5853.297393280338
FDP23,OUT046,3161.4937293024786
NCS41,OUT018,2450.4170222179173
FDS40,OUT018,351.2689512632958
FDA16,OUT017,3246.649050161041
FDN20,OUT035,2622.587948237357
FDF04,OUT027,5798.683476414212
DRG36,OUT018,2190.288137688528
FDW16,OUT018,1220.6701719256278
FDU09,OUT017,829.052362234508
FDW01,OUT046,2184.1426095117486
FDB15,OUT045,3541.680087847949
NCJ17,OUT049,1202.4682739088828
NCT18,OUT018,2413.4960331423576
FDG16,OUT018,2684.0283835966898
FDP27,OUT017,2856.39787863403
FDQ44,OUT027,3248.3411871892963
FDL50,OUT027,3077.666301183501
FDW57,OUT027,4414.7284381265445
FDS34,OUT013,1638.7279023772332
NCV30,OUT035,908.7111165358914
FDD26,OUT018,2478.722375193173
FDA03,OUT045,2106.457068665701
FDS27,OUT018,2220.6364842397315
FDM12,OUT013,2773.2862752303786
NCV42,OUT027,2581.082628707614
NCS41,OUT046,2818.637001648562
FDN56,OUT018,1756.6584995252535
DRK59,OUT046,3400.2552238317107
NCG18,OUT046,1531.7926780652915
NCN26,OUT017,1684.7149378172771
FDI60,OUT027,1630.1527417141078
NCI43,OUT049,688.9212260237533
NCL17,OUT049,2071.4711827466112
FDQ19,OUT019,468.95224026100936
FDY43,OUT049,2382.048450986616
FDR36,OUT049,623.0997049004211
FDJ58,OUT049,2630.2592852461526
DRY23,OUT045,594.7728586461499
FDK26,OUT027,4773.740135407934
DRH03,OUT045,1253.0037182132535
FDC10,OUT010,204.81098981344206
FDD23,OUT013,2898.758778530092
FDP32,OUT045,1723.0916708160278
FDO31,OUT035,1201.8599081638122
FDQ57,OUT013,2182.6048441333764
FDX32,OUT027,3875.715472523489
FDC39,OUT027,5122.595128362828
FDU55,OUT046,3637.034476831522
FDL45,OUT013,1879.995674998636
DRK37,OUT049,2984.537526089452
FDK22,OUT013,3091.4502404077252
DRG37,OUT027,3769.256638604648
FDK22,OUT017,3117.277567173865
DRH36,OUT018,790.1349015982972
DRC36,OUT018,2318.570225360124
DRE03,OUT027,1114.644701547703
FDF34,OUT046,2765.7378833628272
FDZ22,OUT046,1195.359102354945
FDC44,OUT010,263.32094865587834
FDN31,OUT027,4798.718401845359
FDO03,OUT017,3478.9599570617574
FDA01,OUT049,887.4431735594451
NCH42,OUT049,3492.6117634533916
FDF46,OUT018,1408.8102137758617
DRL35,OUT046,603.2931210840667
FDW46,OUT049,983.9932355517788
FDB58,OUT046,1996.9458244462196
FDD47,OUT018,2234.4113826370917
NCO17,OUT045,1594.545559591886
FDJ26,OUT017,3259.3761033210894
FDU37,OUT045,1118.1476428127332
